imdb.id,title.mixed,sample.year.first,fest.first,oscar_nominated
tt2917506,a story of children and film,2013,CANNES,0
tt2852460,bends,2012,TIFF,0
tt0057494,a legend or was it?,2013,BERLINALE,0
tt0032445,somewhere in the netherlands,2013,BERLINALE,0
tt3613002,song,2013,TIFF,0
tt3003858,song from the forest,2013,IDFA,0
tt2408026,soongava—dance of the orchids,2013,FRAMELINE,0
tt3091254,soul,2013,TIFF,0
tt2919050,soul food stories,2013,IDFA,0
tt3392412,sound of torture,2013,IDFA,0
tt3142242,south is nothing,2013,TIFF,0
tt2446726,southcliffe,2013,TIFF,0
tt2650954,a long and happy life,2013,BERLINALE,0
tt2447552,spooners,2013,FRAMELINE,0
tt3123162,spring,2013,TIFF,0
tt2642662,stab,2013,BERLINALE,0
tt2763624,"standing aside, watching",2013,TIFF,0
tt0487048,starfly,2013,CLERMONT-FERRAND,0
tt2567712,starred up,2013,TIFF,0
tt2324918,state 194,2013,BERLINALE,0
tt2234032,stay,2013,TIFF,0
tt2649748,stay positive,2013,FRAMELINE,0
tt0062043,a man vanishes,2013,IDFA,0
tt2652874,stemple pass,2013,BERLINALE,0
tt1767323,step by step,2013,BERLINALE,0
tt2668950,stepping on the flying grass,2013,BERLINALE,0
tt2707380,stepsister,2013,CANNES,0
tt2448114,stigma,2013,FRAMELINE,0
tt3102458,story of my death,2013,TIFF,0
tt3119416,stray dogs,2013,TIFF,0
tt2971994,stream of love,2013,IDFA,0
tt0026714,a midsummer night's dream,2013,BERLINALE,0
tt3004842,subconscious password,2013,TIFF,0
tt2447336,submerge,2013,FRAMELINE,0
tt2599786,summer vacation,2013,FRAMELINE,0
tt2731546,sunflower seeds,2013,IDFA,0
tt3242834,sunshine on leith,2013,TIFF,0
tt0296881,symbiopsychotaxiplasm: take one,2013,IDFA,0
tt2661940,tabato,2013,BERLINALE,0
tt2751502,a mother's dream,2013,BERLINALE,0
tt0466399,ten canoes,2013,BERLINALE,0
tt2327543,tender,2013,CLERMONT-FERRAND,0
tt2369186,tennis elbow,2013,CLERMONT-FERRAND,0
tt2407380,test,2013,FRAMELINE,0
tt0058203,that man from rio,2013,CANNES,0
tt2635808,the 727 days without karamo,2013,BERLINALE,0
tt2960994,a place in heaven,2013,TIFF,0
tt2776652,the abominable crime,2013,FRAMELINE,0
tt2375605,the act of killing,2012,TIFF,1
tt2190522,the altered lives of lavonne salleé,2013,FRAMELINE,0
tt2414046,the amazing catfish,2013,TIFF,0
tt2713836,the amber amulet,2013,BERLINALE,0
tt3064532,the animal project,2013,TIFF,0
tt0071155,the apprenticeship of duddy kravit,2013,CANNES,0
tt3803600,the art of observing life,2013,IDFA,0
tt2172985,the art of the steal,2013,TIFF,0
tt0222782,the ballad of crowfoot,2013,BERLINALE,0
tt1798091,a pretty funny story,2012,TIFF,0
tt2406138,the banquet of the concubine,2013,CLERMONT-FERRAND,0
tt2674152,the battle of amfar,2013,FRAMELINE,0
tt0210987,the battle of the java sea,2013,IDFA,0
tt3614278,the bed is broken,2013,IDFA,0
tt1924396,the best offer,2013,BERLINALE,0
tt0095250,the big blue,2013,CANNES,0
tt0070130,the big feast,2013,CANNES,0
tt0056869,the birds,2013,CANNES,0
tt2191082,a promise,2013,TIFF,0
tt3031022,the bit player,2013,TIFF,0
tt2132285,the bling ring,2013,CANNES,0
tt2616880,the blue umbrella,2013,BERLINALE,0
tt2024519,the broken circle breakdown,2013,BERLINALE,1
tt2025682,the buried,2013,FRAMELINE,0
tt0461743,the burnt theatre,2013,IDFA,0
tt1783386,the cabin man,2013,CLERMONT-FERRAND,0
tt2926868,the call,2013,IDFA,0
tt2988272,a random desi romance,2013,TIFF,0
tt2411684,the campaign,2013,FRAMELINE,0
tt2106685,the chair,2012,CANNES,0
tt3069670,the chaperone 3d,2013,TIFF,0
tt0038409,the chase,2013,BERLINALE,0
tt2401104,the chase,2013,CLERMONT-FERRAND,0
tt3274676,the coal miner's day,2013,IDFA,0
tt2088924,the cold lands,2013,BERLINALE,0
tt2616720,the companion,2013,FRAMELINE,0
tt3164988,the condemned,2013,IDFA,0
tt2222912,the creator,2013,CLERMONT-FERRAND,0
tt2555176,a self-made man,2013,FRAMELINE,0
tt0481499,the croods,2013,BERLINALE,1
tt2173658,the curse,2013,CLERMONT-FERRAND,0
tt2512582,the dark matter of love,2013,TIFF,0
tt4057438,the death of jamie roldós,2013,IDFA,0
tt0074400,the desert of the tartars,2013,CANNES,0
tt2279558,the devil,2012,IDFA,0
tt3037176,the devil's liar,2013,IDFA,0
tt2701796,the devotion project: foremost in my mind,2013,FRAMELINE,0
tt2193252,the devotion project: my person,2013,FRAMELINE,0
tt3106898,the dick knost show,2013,TIFF,0
tt5343312,berlin ecke bundesplatz - a baker on the bread line,2013,BERLINALE,0
tt2352230,the dinner,2013,TIFF,0
tt2767266,the director: an evolution in three acts,2013,IDFA,0
tt3729920,the disappearance of eleanor rigby: him and her,2013,TIFF,0
tt2860720,the dismantling,2013,TIFF,0
tt3091304,the dog,2013,TIFF,0
tt1825157,the double,2013,TIFF,0
tt3106944,the end of pinky,2013,TIFF,0
tt2768046,the end of the world,2013,BERLINALE,0
tt1540741,a single shot,2013,BERLINALE,0
tt2770350,the eternal night of twelve moons,2013,BERLINALE,0
tt0054861,the exiles,2013,BERLINALE,0
tt1486834,the f word,2013,TIFF,0
tt1839642,the face of love,2013,TIFF,0
tt3091272,the fake,2013,TIFF,0
tt3005554,the fiction of the fix,2013,FRAMELINE,0
tt1837703,the fifth estate,2013,TIFF,0
tt2454430,the finishers,2013,TIFF,0
tt2190126,the first date,2013,FRAMELINE,0
tt2677200,a society,2013,CLERMONT-FERRAND,0
tt2623464,the first time,2013,BERLINALE,0
tt2146020,the fox and the chickadee,2013,CLERMONT-FERRAND,0
tt2766546,the fox who followed the sound,2013,BERLINALE,0
tt2182169,the fruit hunters,2012,IDFA,0
tt0017925,the general,2013,CANNES,0
tt1847746,the german doctor,2013,CANNES,0
tt1828124,a spell to ward off the darkness,2013,TIFF,0
tt2654562,the ghosts in our machine,2013,IDFA,0
tt2097930,the giant,2013,CLERMONT-FERRAND,0
tt2342750,the girl & the siren,2013,CLERMONT-FERRAND,0
tt2623502,the go doc project,2013,FRAMELINE,0
tt3254524,the good son,2013,IDFA,0
tt2319580,the grand seduction,2013,TIFF,0
tt1462900,the grandmaster,2013,BERLINALE,1
tt1343092,the great gatsby,2013,CANNES,1
tt2199377,the great rabbit,2012,BERLINALE,0
tt0002206,the great steel secret,2013,CLERMONT-FERRAND,0
tt2390219,a story for the modlins,2012,IDFA,0
tt2403021,the green inferno,2013,TIFF,0
tt2049559,the happy sad,2013,FRAMELINE,0
tt3394604,the horses of fukushima,2013,IDFA,0
tt1802529,the human experiment,2013,IDFA,0
tt0179544,the humiliated,2013,IDFA,0
tt2565650,the husband,2013,TIFF,0
tt1951181,the immigrant,2013,CANNES,0
tt3123178,the immoral,2013,TIFF,0
tt2447806,the infamous t,2013,FRAMELINE,0
tt2316929,a stranger,2013,BERLINALE,0
tt1700845,the invisible woman,2013,TIFF,1
tt2704560,the irresistible rise of moïse katumbi,2013,IDFA,0
tt1621180,the karski report,2013,BERLINALE,0
tt2802172,the kids from the port,2013,TIFF,0
tt2146788,the king's body,2013,TIFF,0
tt0055069,the ladies man,2013,CANNES,0
tt2598592,the lala road,2013,FRAMELINE,0
tt0245500,the land of the wandering souls,2013,IDFA,0
tt0070290,the last detail,2013,CANNES,0
tt0093389,the last emperor,2013,CANNES,0
tt0096337,a tale of the wind,2013,IDFA,0
tt0455590,the last king of scotland,2013,IDFA,0
tt2153985,the last marble,2013,CLERMONT-FERRAND,0
tt2400002,the last match,2013,FRAMELINE,0
tt2450440,the last of robin hood,2013,TIFF,0
tt0070299,the legend of paul and paula,2013,BERLINALE,0
tt2387513,the liberator,2013,TIFF,0
tt2131502,the life and crimes of doris payne,2013,IDFA,0
tt2885328,the line,2013,CANNES,0
tt2156288,the little house that could,2013,FRAMELINE,0
tt2241206,a thousand empty glasses,2013,FRAMELINE,0
tt0057935,the lonely wife,2013,CANNES,0
tt1951216,the look of love,2013,BERLINALE,0
tt1669698,the lost thing,2013,CLERMONT-FERRAND,0
tt2234261,the love punch,2013,TIFF,0
tt2350496,the lunchbox,2013,TIFF,0
tt2865772,the magnificent lion boy,2013,CANNES,0
tt2594950,the major,2013,TIFF,0
tt2094151,the man that got away,2012,BERLINALE,0
tt2248996,the mayor,2013,TIFF,0
tt3118566,a thousand suns,2013,TIFF,0
tt2764856,the meatballs and sorry bullies,2013,BERLINALE,0
tt2201828,the mermaids,2013,FRAMELINE,0
tt2274358,the meteor,2013,BERLINALE,0
tt1921129,the militant,2013,TIFF,0
tt3879374,the mole at the sea,2013,BERLINALE,0
tt2433336,the moo man,2013,BERLINALE,0
tt2144169,the musgrave ritual,2013,CLERMONT-FERRAND,0
tt2423914,the naturalist,2013,FRAMELINE,0
tt1196948,the necessary death of charlie countryman,2013,BERLINALE,0
tt3060670,the new black,2013,FRAMELINE,0
tt2708210,a time is a terrible thing to waste,2013,TIFF,0
tt2526134,the night of the witness,2013,CLERMONT-FERRAND,0
tt2866544,the norm of life,2013,CANNES,0
tt2215221,the nun,2013,BERLINALE,0
tt1846783,the orator,2013,BERLINALE,0
tt3037846,the out list,2013,FRAMELINE,0
tt2404461,the past,2013,CANNES,0
tt2814560,the pigeon family,2013,FRAMELINE,0
tt2645142,the plague,2013,BERLINALE,0
tt1734429,the police officer's wife,2013,TIFF,0
tt2332707,blind detective,2013,CANNES,0
tt0318161,a very very silent film,2013,CLERMONT-FERRAND,0
tt3438704,the private life of fenfen,2013,IDFA,0
tt2231627,the pub,2012,CLERMONT-FERRAND,0
tt3400550,the queen,2013,IDFA,0
tt0041776,the queen of spades,2013,BERLINALE,0
tt2689366,the questioning,2013,IDFA,0
tt2058107,the railway man,2013,TIFF,0
tt2952902,the realist,2013,TIFF,0
tt2539478,the red carpet,2013,IDFA,0
tt2621110,the revenants,2013,BERLINALE,0
tt2014268,the rice paddy,2013,BERLINALE,0
tt0170734,a visitor from the living,2013,BERLINALE,0
tt2286990,the right kind of wrong,2013,TIFF,0
tt2294979,the river,2013,CLERMONT-FERRAND,0
tt3461442,the river,2013,IDFA,0
tt2671614,the rivers of babylon,2013,BERLINALE,0
tt2178256,the rocket,2013,BERLINALE,0
tt2630808,the runaway,2013,BERLINALE,0
tt2721584,the runaway troupe of the cartesian theater,2013,BERLINALE,0
tt2383068,the sacrament,2013,TIFF,0
tt1754708,the sea,2013,TIFF,0
tt2861532,a wolf at the door,2013,TIFF,0
tt2151756,the search for inspiration gone,2013,CLERMONT-FERRAND,0
tt2011271,the secret disco revolution,2013,FRAMELINE,0
tt3070030,the secret life of uri geller - psychic spy?,2013,IDFA,0
tt2304426,the selfish giant,2013,TIFF,0
tt2333238,the shine of day,2013,BERLINALE,0
tt1895441,the shower,2011,BERLINALE,0
tt3408668,the silence of the flies,2013,IDFA,0
tt2714884,the silent passenger,2013,BERLINALE,0
tt0041886,the small back room,2013,BERLINALE,0
tt2401813,a world for raul,2013,FRAMELINE,0
tt2387601,the special need,2013,IDFA,0
tt2332801,the spirit of '45,2013,BERLINALE,0
tt2486682,the square,2013,TIFF,1
tt2573858,the stag,2013,TIFF,0
tt2299206,the station,2013,TIFF,0
tt2126403,the stone roses: made of stone,2013,IDFA,0
tt2733258,the strange colour of your body`s tears,2013,TIFF,0
tt1865534,the streets of the invisibles,2012,CLERMONT-FERRAND,0
tt0003419,the student of prague,2013,BERLINALE,0
tt2884186,the summer of flying fish,2013,TIFF,0
tt2233762,a world not ours,2012,TIFF,0
tt1961265,the summer side,2013,FRAMELINE,0
tt2372301,the swimming pool,2013,BERLINALE,0
tt2417562,the town of whales,2013,BERLINALE,0
tt2489734,the trial of muhammed ali,2013,IDFA,0
tt2640014,the trouble with aid,2013,IDFA,0
tt1675189,the tunnel,2013,IDFA,0
tt0058450,the umbrellas of cherbourg,2013,CANNES,0
tt4919014,the undertaker,2013,IDFA,0
tt2390962,the unknown known,2013,TIFF,0
tt0088658,a.k.,2013,IDFA,0
tt3663134,the visit,2013,IDFA,0
tt1998355,the voorman problem,2013,CLERMONT-FERRAND,1
tt2715004,the waiting,2013,BERLINALE,0
tt2390250,the water seller,2013,CLERMONT-FERRAND,0
tt2395455,the weight of elephants,2013,BERLINALE,0
tt3022650,the wild years,2013,IDFA,0
tt2013293,the wind rises,2013,TIFF,1
tt2882590,the wonders,2013,TIFF,0
tt3073326,the world of goopi and bagha,2013,TIFF,0
tt2718284,about ndugu,2013,BERLINALE,0
tt2616018,the yearning room,2013,BERLINALE,0
tt1441083,the zigzag kid,2013,BERLINALE,0
tt0409379,therese,2013,TIFF,0
tt2728286,this is sanlitun,2013,TIFF,0
tt0069373,this tiny world,2013,IDFA,0
tt2762122,those happy years,2013,TIFF,0
tt2905772,thou gild'st the even,2013,TIFF,0
tt3778208,thread,2013,CLERMONT-FERRAND,0
tt3101742,three interpretation exercises,2013,TIFF,0
tt2205002,three kids,2013,BERLINALE,0
tt2418372,abuse of weakness,2013,TIFF,0
tt3123188,three landscapes,2013,TIFF,0
tt4835374,three of us,2013,CLERMONT-FERRAND,0
tt3566452,through the fire,2013,IDFA,0
tt2736926,tick tock for ding dongs,2013,FRAMELINE,0
tt3089388,tim's vermeer,2013,TIFF,0
tt0035446,to be or not to be,2013,BERLINALE,0
tt2358875,achele,2013,CLERMONT-FERRAND,0
tt2417568,together,2013,BERLINALE,0
tt1796652,tokyo family,2013,BERLINALE,0
tt0046438,tokyo story,2013,BERLINALE,0
tt2427892,tom at the farm,2013,TIFF,0
tt2820082,tomorrow all the things,2013,CANNES,0
tt3326510,tonight we'll become women,2013,IDFA,0
tt2103085,top of the lake,2013,BERLINALE,0
tt3440920,torre david: the world's tallest squat,2013,IDFA,0
tt0052311,touch of evil,2013,BERLINALE,0
tt2368920,touch of the light,2013,BERLINALE,0
tt2171382,address is approximate,2013,CLERMONT-FERRAND,0
tt2555386,tough bond,2013,BERLINALE,0
tt0070820,touki bouki - journey of the hyena,2013,IDFA,0
tt2608732,tpb afk: the pirate bay away from keyboard,2013,BERLINALE,0
tt2167266,tracks,2013,TIFF,0
tt2758704,transpass,2013,FRAMELINE,0
tt3138596,trap street,2013,TIFF,0
tt0031800,traps,2013,BERLINALE,0
tt8074934,tree boy,2013,BERLINALE,0
tt3106926,triptych,2013,TIFF,0
tt1747958,blood ties,2013,CANNES,0
tt2309961,afflicted,2013,TIFF,0
tt3040366,truck driver,2013,CLERMONT-FERRAND,0
tt0395796,trudell,2013,BERLINALE,0
tt0389467,turangawaewae - a place to stand,2013,BERLINALE,0
tt2219894,turning,2013,FRAMELINE,0
tt2396566,twenty feet from stardom,2013,IDFA,1
tt3529894,twin sisters,2013,IDFA,0
tt3300956,two at the border,2013,IDFA,0
tt0390579,"two cars, one night",2013,BERLINALE,0
tt2570292,two weddings and a funeral,2013,FRAMELINE,0
tt2668758,after hours,2013,FRAMELINE,0
tt4741226,tyres,2013,IDFA,0
tt3136842,ukraine is not a brothel,2013,IDFA,0
tt3003668,unbeatable,2013,TIFF,0
tt2561416,uncle and son,2013,FRAMELINE,0
tt1441395,under the skin,2013,TIFF,0
tt3035858,under the starry sky,2013,TIFF,0
tt2716708,undress me,2013,BERLINALE,0
tt3019714,une jeune fille (a journey),2013,TIFF,0
tt1699758,unfair world,2013,TIFF,0
tt2577972,after the class,2013,CLERMONT-FERRAND,0
tt2347134,unforgiven,2013,TIFF,0
tt2718196,untitled,2013,BERLINALE,0
tt2271287,upsidedown,2013,BERLINALE,0
tt2084989,upstream color,2013,BERLINALE,0
tt2799764,uzushio -seto current-,2013,BERLINALE,0
tt2461190,valencia,2013,FRAMELINE,0
tt2577990,valentine road,2013,FRAMELINE,0
tt2894672,after the winter,2013,CANNES,0
tt0194497,variations on a cellphane wrapper,2013,TIFF,0
tt2862382,velocity,2013,CLERMONT-FERRAND,0
tt2406252,venus in fur,2013,CANNES,0
tt0052357,vertigo,2013,CANNES,0
tt3392926,via dolorosa,2013,IDFA,0
tt2385882,vic+flo saw a bear,2013,BERLINALE,0
tt2729792,view from the acropolis,2013,BERLINALE,0
tt2379418,viola,2013,BERLINALE,0
tt2388635,afterglow,2013,CLERMONT-FERRAND,0
tt2976920,violette,2013,TIFF,0
tt0070884,visions of eight,2013,CANNES,0
tt2936174,visitors,2013,TIFF,0
tt2145847,viva cuba libre: rap is war,2013,IDFA,0
tt2123349,voice over,2013,CLERMONT-FERRAND,0
tt3425182,voices of el alto,2013,IDFA,0
tt2894668,waiting for the thaw,2013,CANNES,0
tt2113820,walesa. man of hope.,2013,TIFF,0
tt3281074,ai weiwei the fake case,2013,IDFA,0
tt1808659,wasted youth,2013,TIFF,0
tt2581388,wasteland - so that no one becomes aware of it,2013,BERLINALE,0
tt3106868,watermark,2013,TIFF,0
tt2741220,we are animals,2013,FRAMELINE,0
tt2364975,we are the best!,2013,TIFF,0
tt2873214,we gotta get out of this place,2013,TIFF,0
tt3006560,we wanted more,2013,TIFF,0
tt2273772,we will never be alone again,2013,CLERMONT-FERRAND,0
tt3504226,weekend of a champion,2013,CANNES,0
tt2406610,welcome and... our condolences,2013,CLERMONT-FERRAND,0
tt2310800,aim high in creation,2013,IDFA,0
tt2625522,welcome to china,2013,CLERMONT-FERRAND,0
tt2865272,whale valley,2013,CANNES,0
tt2716200,whaled women,2013,BERLINALE,0
tt2699356,what happened to this city?,2013,BERLINALE,0
tt3016642,what is cinema?,2013,TIFF,0
tt2276071,what’s the t?,2013,FRAMELINE,0
tt5069844,whatever forever: douwe bob,2013,IDFA,0
tt3102906,when evening falls on bucharest or metabolism,2013,TIFF,0
tt2369543,when i saw you,2013,BERLINALE,0
tt2464788,"when i was a boy, i was a girl",2013,BERLINALE,0
tt3118584,airship,2013,TIFF,0
tt2378587,when jews were funny,2013,TIFF,0
tt2640120,where i am,2013,FRAMELINE,0
tt3609870,where i go,2013,IDFA,0
tt2386257,white lies,2013,TIFF,0
tt3246340,white soldier,2013,IDFA,0
tt2719388,who is pauline park?,2013,FRAMELINE,0
tt1992278,who’s afraid of vagina wolf?,2013,FRAMELINE,0
tt2319863,whoopi goldberg presents moms mabley,2013,IDFA,0
tt2409302,why don't you play in hell?,2013,TIFF,0
tt2232594,wild duck,2013,TIFF,0
tt2481138,alaska is a drag,2013,FRAMELINE,0
tt1858810,wind,2013,CLERMONT-FERRAND,0
tt2767108,winter has come,2013,BERLINALE,0
tt2404738,witching & bitching,2013,TIFF,0
tt0040670,woman,2013,BERLINALE,0
tt2380331,words and pictures,2013,TIFF,0
tt2763400,workers,2013,BERLINALE,0
tt3461160,wukan: the flame of democracy,2013,IDFA,0
tt2366035,yardbird,2012,CANNES,0
tt2176350,yeah kowalski!,2013,FRAMELINE,0
tt3106980,yellowhead,2013,TIFF,0
tt2393440,yesterday never ends,2013,BERLINALE,0
tt1545754,you are here,2013,TIFF,0
tt2125698,young & wild,2012,BERLINALE,0
tt3059922,young wonder,2013,TIFF,0
tt2670524,youth,2013,BERLINALE,0
tt2733978,"yugoslavia, how ideology moved our collective body",2013,BERLINALE,0
tt2735438,yumen,2013,BERLINALE,0
tt2278871,blue is the warmest color,2013,CANNES,0
tt3142224,all about the feathers,2013,TIFF,0
tt2736248,zelim's confession,2013,IDFA,0
tt2095835,zero by zero,2013,CLERMONT-FERRAND,0
tt1790885,zero dark thirty,2013,IDFA,1
tt2388821,zip & zap and the marble gang,2013,TIFF,0
tt2249221,zulu,2013,CANNES,0
tt2622156,zwei mütter,2013,BERLINALE,0
tt2498710,rosakinder,2013,BERLINALE,0
tt2650054,la maison de la radio,2013,BERLINALE,0
tt2669312,echolot,2013,BERLINALE,0
tt2204644,elelwani,2013,BERLINALE,0
tt2527186,all cheerleaders die,2013,TIFF,0
tt2221506,fynbos,2013,BERLINALE,0
tt2440728,hélio oiticica,2013,BERLINALE,0
tt2660260,sieniawka,2013,BERLINALE,0
tt2729612,blinder fleck,2013,BERLINALE,0
tt2735198,bühne,2013,BERLINALE,0
tt2750876,el cafeteria,2013,BERLINALE,0
tt2731456,mammas,2013,BERLINALE,0
tt2177811,un archipel,2013,BERLINALE,0
tt1947964,anina,2013,BERLINALE,0
tt2154028,cheong,2013,BERLINALE,0
tt2017038,all is lost,2013,CANNES,1
tt1906422,marussia,2013,BERLINALE,0
tt2756822,matilde,2013,BERLINALE,0
tt2741624,pluto,2013,BERLINALE,0
tt2719602,rabbitland,2013,BERLINALE,0
tt2767736,"rosa, anna's lil' sis",2013,BERLINALE,0
tt2857942,tang wong,2013,BERLINALE,0
tt2520904,chiralia,2013,BERLINALE,0
tt2623152,metamorphosen,2013,BERLINALE,0
tt0025078,einmal eine große dame sein,2013,BERLINALE,0
tt0025158,gado bravo,2013,BERLINALE,0
tt2402085,all ls by my side,2013,TIFF,0
tt0027683,glueckskinder,2013,BERLINALE,0
tt0027853,komedie om geld,2013,BERLINALE,0
tt0035753,le corbeau,2013,BERLINALE,0
tt0027688,le golem,2013,BERLINALE,0
tt0030457,mollenard,2013,BERLINALE,0
tt0024736,viktor und viktoria,2013,BERLINALE,0
tt0286978,"sobibor, 14 octobre 1943, 16 heures",2013,BERLINALE,0
tt0111510,tsahal,2013,BERLINALE,0
tt2388370,haleema,2013,BERLINALE,0
tt2042583,la jaula de oro,2013,CANNES,0
tt1568799,all the wrong reasons,2013,TIFF,0
tt2357461,miele,2013,CANNES,0
tt2888894,asunción,2013,CANNES,0
tt2894706,danse macabre,2013,CANNES,0
tt2894656,duet,2013,CANNES,0
tt2707114,mont blanc,2013,CANNES,0
tt2894632,ophelia,2013,CANNES,0
tt2641648,opium,2013,CANNES,0
tt0040497,jour de fête,2013,CANNES,0
tt3118724,el adios largos,2013,TIFF,0
tt3120978,main hall,2013,TIFF,0
tt2325517,almost human,2013,TIFF,0
tt3118618,bann,2013,TIFF,0
tt3118730,gowanus canal,2013,TIFF,0
tt2602506,la ultima pelicula,2013,TIFF,0
tt3094482,un conte de michel montaigne,2013,TIFF,0
tt3123116,redemption,2013,TIFF,0
tt3025958,the disquiet,2013,TIFF,0
tt1240899,amazonia,2013,TIFF,0
tt2436046,antboy,2013,TIFF,0
tt1487931,khumba,2013,TIFF,0
tt2948394,the sparkling river,2013,TIFF,0
tt2660068,alone,2013,IDFA,0
tt2962414,pilgrims,2013,TIFF,0
tt2773518,der untermensch,2013,TIFF,0
tt2935276,nous avions,2013,TIFF,0
tt3106972,impromptu,2013,TIFF,0
tt3531514,une danse des bouffons (or a jester's dance),2013,TIFF,0
tt2971774,grosse fatigue,2013,TIFF,0
tt2112152,ralph steadman for no good reason,2013,TIFF,0
tt2974248,sapi,2013,TIFF,0
tt2873700,32 boulevard de magenta,2013,CLERMONT-FERRAND,0
tt3215346,alphabet,2013,IDFA,0
tt2689992,avant que de tout perdre,2013,CLERMONT-FERRAND,1
tt2616774,beausejour,2013,CLERMONT-FERRAND,0
tt2765122,le bouillon,2013,CLERMONT-FERRAND,0
tt2850806,braise,2013,CLERMONT-FERRAND,0
tt2537008,"c'est pas de chance, quoi!",2013,CLERMONT-FERRAND,0
tt2917262,cadavre exquis,2013,CLERMONT-FERRAND,0
tt2368673,ce chemin devant moi,2013,CLERMONT-FERRAND,0
tt2271243,ce n'est pas un film de cow-boys,2013,CLERMONT-FERRAND,0
tt2849404,la chronophotographie,2013,CLERMONT-FERRAND,0
tt2917288,comme des lapins,2013,CLERMONT-FERRAND,0
tt1833841,american arab,2013,IDFA,0
tt2849002,cornée,2013,CLERMONT-FERRAND,0
tt2873562,deux îles,2013,CLERMONT-FERRAND,0
tt2767934,l' etoile du matin,2013,CLERMONT-FERRAND,0
tt2625506,la femme qui flottait,2013,CLERMONT-FERRAND,0
tt2585372,feux,2013,CLERMONT-FERRAND,0
tt2235834,"fleuve rouge, song hong",2013,CLERMONT-FERRAND,0
tt2899466,guillaume le désespéré,2013,CLERMONT-FERRAND,0
tt2849410,helmut,2013,CLERMONT-FERRAND,0
tt2873716,hotel cervantes,2013,CLERMONT-FERRAND,0
tt2278392,american dreams in china,2013,TIFF,0
tt2917372,j'ai toujours révé d'être un robot,2013,CLERMONT-FERRAND,0
tt2873542,j'aimerais que la terre s'arrête pour descendre,2013,CLERMONT-FERRAND,0
tt2169662,je suis une ville endormie,2013,CLERMONT-FERRAND,0
tt2713734,kingston avenue,2013,CLERMONT-FERRAND,0
tt2172688,königsberg,2013,CLERMONT-FERRAND,0
tt2728314,les lézards,2013,CLERMONT-FERRAND,0
tt2059240,lisboa orchestra,2013,CLERMONT-FERRAND,0
tt2790230,lisières,2013,CLERMONT-FERRAND,0
tt2629310,le livre des morts,2013,CLERMONT-FERRAND,0
tt2917272,la maison d'olga,2013,CLERMONT-FERRAND,0
tt1954315,borgman,2013,CANNES,0
tt2621714,american vagabond,2013,IDFA,0
tt2899486,la maison vide,2013,CLERMONT-FERRAND,0
tt2755090,musique de chambre,2013,CLERMONT-FERRAND,0
tt2382230,nieuwpoort en juin,2013,CLERMONT-FERRAND,0
tt2306671,"nos jours, absolument, doivent être illuminés",2013,CLERMONT-FERRAND,0
tt2267174,nostalgic z,2013,CLERMONT-FERRAND,0
tt2899476,patricia,2013,CLERMONT-FERRAND,0
tt2282822,peau de chien,2013,CLERMONT-FERRAND,0
tt2917358,pieds verts,2013,CLERMONT-FERRAND,0
tt2693516,les profondeurs,2013,CLERMONT-FERRAND,0
tt2477188,la ravaudeuse,2013,CLERMONT-FERRAND,0
tt2971902,an extraordinary person,2013,TIFF,0
tt2229098,rodri,2013,CLERMONT-FERRAND,0
tt2477002,le sens de l'orientation,2013,CLERMONT-FERRAND,0
tt2873722,les sept péchés capitaux,2013,CLERMONT-FERRAND,0
tt2279428,son indochine,2013,CLERMONT-FERRAND,0
tt2579932,souffre!,2013,CLERMONT-FERRAND,0
tt2789172,swing absolu,2013,CLERMONT-FERRAND,0
tt2400479,tram,2013,CLERMONT-FERRAND,0
tt2899482,vie et mort de l'illustre grigori efimovitch raspoutine,2013,CLERMONT-FERRAND,0
tt2382000,l' amour bègue,2013,CLERMONT-FERRAND,0
tt2769836,ana,2013,CLERMONT-FERRAND,0
tt2322367,anacos,2013,CLERMONT-FERRAND,0
tt2304777,los asesinos,2013,CLERMONT-FERRAND,0
tt2177370,ástarsaga,2013,CLERMONT-FERRAND,0
tt2705474,betoniera,2013,CLERMONT-FERRAND,0
tt2160092,bydlo,2012,TIFF,0
tt2838616,canção para minha irmã,2013,CLERMONT-FERRAND,0
tt2657412,dozhd idyot,2013,CLERMONT-FERRAND,0
tt1893227,elefante,2013,CLERMONT-FERRAND,0
tt2464710,anatomy of a departure,2013,BERLINALE,0
tt9121254,guang,2013,CLERMONT-FERRAND,0
tt2255861,kendo monogatari,2013,CLERMONT-FERRAND,0
tt2571100,kolmnurga afäär,2013,CLERMONT-FERRAND,0
tt2245274,kong peh tshat,2013,CLERMONT-FERRAND,0
tt2232340,koorsoo,2013,CLERMONT-FERRAND,0
tt2432248,man in pak,2013,CLERMONT-FERRAND,0
tt2520772,miniyamba,2013,CLERMONT-FERRAND,0
tt2254810,mou ikkai,2013,CLERMONT-FERRAND,0
tt2815564,na sua companhia,2013,CLERMONT-FERRAND,0
tt3006556,anatomy of assistance,2013,TIFF,0
tt2658366,la nuit de l'ours,2013,CLERMONT-FERRAND,0
tt2402446,par avion,2013,CLERMONT-FERRAND,0
tt2676220,para armar un helicóptero,2013,CLERMONT-FERRAND,0
tt2363341,pobachennya,2013,CLERMONT-FERRAND,0
tt2343685,prematur,2013,CLERMONT-FERRAND,0
tt2296921,qurban,2013,CLERMONT-FERRAND,0
tt2603416,"san juan, la noche más larga",2013,CLERMONT-FERRAND,0
tt2369281,sessiz / be deng,2013,CLERMONT-FERRAND,0
tt2438654,sevilla,2013,CLERMONT-FERRAND,0
tt1816633,skok,2013,CLERMONT-FERRAND,0
tt2175905,stolz des ostens,2013,CLERMONT-FERRAND,0
tt3476080,swieto zmarlych,2013,CLERMONT-FERRAND,0
tt2805550,tierra escarlata,2013,CLERMONT-FERRAND,0
tt2273467,os vivos tambem choram,2013,CLERMONT-FERRAND,0
tt3669654,zinì e amì,2013,CLERMONT-FERRAND,0
tt2602564,angie & jackie final cut,2013,FRAMELINE,0
tt2934852,chiens,2013,CLERMONT-FERRAND,0
tt2500014,ekki mukk,2013,CLERMONT-FERRAND,0
tt3614532,"liza, namo!",2013,CLERMONT-FERRAND,0
tt2318609,mud crab,2013,CLERMONT-FERRAND,0
tt2709008,nol king ruter,2013,CLERMONT-FERRAND,0
tt2078703,piattaforma luna,2013,CLERMONT-FERRAND,0
tt2287977,rauch und spiegel,2013,CLERMONT-FERRAND,0
tt2099706,rossignols en décembre,2013,CLERMONT-FERRAND,0
tt3523412,sizígia,2013,CLERMONT-FERRAND,0
tt2825126,sonntag 3,2013,CLERMONT-FERRAND,0
tt1837507,anima,2013,CLERMONT-FERRAND,0
tt2526304,les affaires des autres,2013,CLERMONT-FERRAND,0
tt2643338,un chien de ma chienne,2013,CLERMONT-FERRAND,0
tt3152766,zygomatiques,2013,CLERMONT-FERRAND,0
tt2304784,absence de marquage,2013,CLERMONT-FERRAND,0
tt1625136,des ombres dans la maison,2013,CLERMONT-FERRAND,0
tt2301892,expiration,2013,CLERMONT-FERRAND,0
tt1646097,el juego,2013,CLERMONT-FERRAND,0
tt1567731,la morsure,2013,CLERMONT-FERRAND,0
tt2041404,les secrets de l'invisible,2013,CLERMONT-FERRAND,0
tt0436858,la tête dans le vide,2013,CLERMONT-FERRAND,0
tt3436720,25km2,2013,CLERMONT-FERRAND,0
tt2095564,aalterate,2013,CLERMONT-FERRAND,0
tt0178226,alicia,2013,CLERMONT-FERRAND,0
tt0926379,bok-kokken,2013,CLERMONT-FERRAND,0
tt1745908,il capo,2013,CLERMONT-FERRAND,0
tt1753596,clonk,2013,CLERMONT-FERRAND,0
tt2723720,animals i killed last summer,2013,BERLINALE,0
tt0303944,dias sin luz,2013,CLERMONT-FERRAND,0
tt2083966,error 0036,2013,CLERMONT-FERRAND,0
tt3151006,le facebook de mon père,2013,CLERMONT-FERRAND,0
tt2066876,felix,2013,CLERMONT-FERRAND,0
tt2033255,furor teutonicus,2013,CLERMONT-FERRAND,0
tt1422053,im fluss,2013,CLERMONT-FERRAND,0
tt1395049,manual practico del amigo imaginario (abreviado),2013,CLERMONT-FERRAND,0
tt2789582,la muse,2013,CLERMONT-FERRAND,0
tt0179389,oncle yanco,2013,CLERMONT-FERRAND,0
tt2555166,born this way,2013,BERLINALE,0
tt2740814,aquaporko!,2013,FRAMELINE,0
tt0107814,perturbado,2013,CLERMONT-FERRAND,0
tt3760556,rupture,2013,CLERMONT-FERRAND,0
tt0000409,sage-femme de première classe,2013,CLERMONT-FERRAND,0
tt2127349,scènes de ménage,2013,CLERMONT-FERRAND,0
tt1339678,die schneider krankheit,2013,CLERMONT-FERRAND,0
tt1866292,valdrift,2013,CLERMONT-FERRAND,0
tt0222743,au bout du monde,2013,CLERMONT-FERRAND,0
tt0080755,foutaises,2013,CLERMONT-FERRAND,0
tt0158660,l' homme aux bras ballants,2013,CLERMONT-FERRAND,0
tt0292562,les inévitables,2013,CLERMONT-FERRAND,0
tt1697657,nijuman no borei,2013,CLERMONT-FERRAND,0
tt0248494,sur la plage de belfast,2013,CLERMONT-FERRAND,0
tt0199099,tous à la manif,2013,CLERMONT-FERRAND,0
tt0118036,une robe d'été,2013,CLERMONT-FERRAND,0
tt0118037,une visite,2013,CLERMONT-FERRAND,0
tt0474990,viejo pascuero,2013,CLERMONT-FERRAND,0
tt3614818,ariel,2013,IDFA,0
tt2156639,a quoi tu joues,2013,CLERMONT-FERRAND,0
tt2088813,the ambassador & me,2011,IDFA,0
tt1401712,la délogeuse,2013,CLERMONT-FERRAND,0
tt7535126,entre frère et soeur,2013,CLERMONT-FERRAND,0
tt1850379,kwa heri mandima,2013,CLERMONT-FERRAND,0
tt0800143,ne10,2013,CLERMONT-FERRAND,0
tt2386298,radio-actif,2013,CLERMONT-FERRAND,0
tt3300892,romance mayonnaise,2013,CLERMONT-FERRAND,0
tt1847541,around the block,2013,TIFF,0
tt0351771,son jour à elle,2013,CLERMONT-FERRAND,0
tt8200188,le bonbon,2013,CLERMONT-FERRAND,0
tt2149226,de club van lelijke kinderen,2013,CLERMONT-FERRAND,0
tt2559296,la fenêtre,2013,CLERMONT-FERRAND,0
tt2279526,léo,2013,CLERMONT-FERRAND,0
tt2741926,art/violence,2013,BERLINALE,0
tt3687804,mateso,2013,CLERMONT-FERRAND,0
tt2605976,merci mon chien,2013,CLERMONT-FERRAND,0
tt2690082,photu,2013,CLERMONT-FERRAND,0
tt2380492,une histoire de tortues,2013,CLERMONT-FERRAND,0
tt4399848,uski baarish,2013,CLERMONT-FERRAND,0
tt3512882,a la française,2013,CLERMONT-FERRAND,0
tt3010780,allez hop!,2013,CLERMONT-FERRAND,0
tt3646358,kiekje,2013,CLERMONT-FERRAND,0
tt2813870,arturo,2013,BERLINALE,0
tt2919642,ogres niais,2013,CLERMONT-FERRAND,0
tt2623470,le petit blond avec un mouton blanc,2013,CLERMONT-FERRAND,0
tt2634380,die wundersame welt des max x. - fahrradtour mit hindernissen,2013,CLERMONT-FERRAND,0
tt0225583,le déshabillage impossible,2013,CLERMONT-FERRAND,0
tt1874588,la fille de l'homme,2011,CLERMONT-FERRAND,0
tt1989514,guet-apens,2013,CLERMONT-FERRAND,0
tt1874520,haïku,2013,CLERMONT-FERRAND,0
tt2659606,hsu ji derrière l'écran,2013,CLERMONT-FERRAND,0
tt1807944,as i lay dying,2013,CANNES,0
tt2034710,kérosène,2013,CLERMONT-FERRAND,0
tt2206930,lapse,2013,CLERMONT-FERRAND,0
tt2316867,matriarche,2013,CLERMONT-FERRAND,0
tt2478166,poliisi selvittää,2013,CLERMONT-FERRAND,0
tt2867100,qui ne saute pas,2013,CLERMONT-FERRAND,0
tt2862422,le vagabond de saint marcel,2013,CLERMONT-FERRAND,0
tt7315712,la vallée des larmes,2013,CLERMONT-FERRAND,0
tt2145769,la vitesse du passé,2013,CLERMONT-FERRAND,0
tt2547240,216 mois,2013,CLERMONT-FERRAND,0
tt2382909,chacun sa nuit,2013,CLERMONT-FERRAND,0
tt2583518,l' echarpe rouge,2013,CLERMONT-FERRAND,0
tt2530562,suis-je le gardien de mon frère?,2013,CLERMONT-FERRAND,0
tt0783661,aldrig som första gången!,2013,CLERMONT-FERRAND,0
tt0309455,le clou,2013,CLERMONT-FERRAND,0
tt2639072,demoni,2013,CLERMONT-FERRAND,0
tt0056119,la jetée,2013,CLERMONT-FERRAND,0
tt1848974,le chant des particules,2013,CLERMONT-FERRAND,0
tt2571782,as the palaces burn: lamb of god,2013,IDFA,0
tt2551334,le grand ailleurs et le petit ici,2013,CLERMONT-FERRAND,0
tt1543224,paraphernalia,2013,CLERMONT-FERRAND,0
tt0472925,la vie après la mort d'henrietta lacks,2013,CLERMONT-FERRAND,0
tt2248100,as time goes by in shanghai,2013,IDFA,0
tt2912312,la rencontre,2013,CLERMONT-FERRAND,0
tt2444078,bawdi,2013,CLERMONT-FERRAND,0
tt2176648,gaarud,2013,CLERMONT-FERRAND,0
tt2768780,boundary,2013,BERLINALE,0
tt3451700,ashes,2013,IDFA,0
tt2817390,kachho gadulo,2013,CLERMONT-FERRAND,0
tt1959431,kaveri,2013,CLERMONT-FERRAND,0
tt2104052,kelkkunnundo?,2013,CLERMONT-FERRAND,0
tt1844702,kusum,2013,CLERMONT-FERRAND,0
tt2053399,naach ganesh,2013,CLERMONT-FERRAND,0
tt3106916,asphalt watches,2013,TIFF,0
tt2199511,panchabhuta,2013,CLERMONT-FERRAND,0
tt1500862,poorva dikkina gaali,2013,CLERMONT-FERRAND,0
tt1473835,vitthal,2013,CLERMONT-FERRAND,0
tt0285441,atanarjuat: the fast runner,2013,BERLINALE,0
tt3278482,geluiden voor mazin,2013,IDFA,0
tt3166582,los andes,2013,IDFA,0
tt0010375,der magische gürtel,2013,IDFA,0
tt0241719,met onze jongens aan den ijzer,2013,IDFA,0
tt2415182,atlantic avenue,2013,CLERMONT-FERRAND,0
tt3149484,ne me quitte pas,2013,IDFA,0
tt2474438,attila marcel,2013,TIFF,0
tt1322269,august: osage county,2013,TIFF,1
tt3445010,awake in a bad dream,2013,IDFA,0
tt2894660,babaga,2013,CANNES,0
tt2370378,baby blues,2012,TIFF,0
tt2187115,child's pose,2013,BERLINALE,0
tt3074610,bad hair,2013,TIFF,0
tt2303898,bad toys ii,2013,CLERMONT-FERRAND,0
tt7389356,bad words,2013,TIFF,0
tt2668120,bambi,2013,BERLINALE,0
tt2204550,barefoot,2012,TIFF,0
tt2896952,barefoot in the kitchen,2013,CANNES,0
tt3765140,barre's silence,2013,IDFA,0
tt3347444,"basically, johnny moped",2013,IDFA,0
tt3118628,bastardo,2012,TIFF,0
tt2699760,bastion point day 507,2013,BERLINALE,0
tt2626926,closed curtain,2013,BERLINALE,0
tt2937076,beasts in the real world,2013,TIFF,0
tt0038348,beauty and the beast,2013,CANNES,0
tt2209418,before midnight,2013,BERLINALE,1
tt2704282,behind the camera,2013,BERLINALE,0
tt1291580,behind the candelabra,2013,CANNES,0
tt2852400,a touch of sin,2013,CANNES,0
tt2296697,concussion,2013,BERLINALE,0
tt2750546,belated,2013,BERLINALE,0
tt2404181,belle,2013,TIFF,0
tt2660810,belleville baby,2013,BERLINALE,0
tt0295876,beneath clouds,2013,BERLINALE,0
tt2313896,beneath the harvest sky,2013,TIFF,0
tt2249626,benjamin’s flowers,2013,FRAMELINE,0
tt2244748,best if used by,2013,CLERMONT-FERRAND,0
tt2915160,bethlehem,2013,TIFF,0
tt2464840,between regularity and irregularity,2013,BERLINALE,0
tt2229499,don jon's addiction,2013,BERLINALE,0
tt2206252,between ring & pendant,2013,FRAMELINE,0
tt2468638,beyond the edge,2013,TIFF,0
tt2402623,beyond the walls,2013,FRAMELINE,0
tt2821674,beyoutiful,2013,FRAMELINE,0
tt1899125,big bang big boom,2013,CLERMONT-FERRAND,0
tt2573206,big gay love,2013,FRAMELINE,0
tt2048708,big joy: the adventures of james broughton,2013,FRAMELINE,0
tt2339379,big words,2013,FRAMELINE,0
tt5794754,bigshot,2013,CLERMONT-FERRAND,0
tt2787094,farther than the eye can see,2013,BERLINALE,0
tt2322379,bite of the tail,2013,CLERMONT-FERRAND,0
tt2862440,bite the dust,2013,CANNES,0
tt2767622,black horn night heron,2013,BERLINALE,0
tt0054189,blazing sun,2013,CANNES,0
tt3118664,blind dates,2013,TIFF,0
tt0311320,blind spot. hitler's secretary,2013,IDFA,0
tt3457704,blood,2013,IDFA,0
tt2226422,blood in the grass,2013,FRAMELINE,0
tt2359024,blue ruin,2013,TIFF,0
tt2899956,bobo,2013,TIFF,0
tt2617828,free fall,2013,BERLINALE,0
tt1857740,bollywood - the greatest love story ever told,2013,CANNES,0
tt2797242,bombay talkies,2013,CANNES,0
tt3142228,border,2013,TIFF,0
tt3753390,borders,2013,IDFA,0
tt2401601,born to dance this way,2013,FRAMELINE,0
tt1560139,boy,2013,BERLINALE,0
tt1869416,brazilian western,2013,TIFF,0
tt2962872,break loose,2013,TIFF,0
tt1510686,breaking the girls,2013,FRAMELINE,0
tt2425486,gloria,2013,BERLINALE,0
tt2379318,bright days ahead,2013,TIFF,0
tt3118678,brimstone line,2013,TIFF,0
tt3409990,broadcasting the end - a tale about a magic mountain,2013,IDFA,0
tt2213054,brothers for life,2013,BERLINALE,0
tt2337720,bumming cigarettes,2013,FRAMELINE,0
tt0083702,burden of dreams,2013,IDFA,0
tt2673176,burn it up djassa,2013,BERLINALE,0
tt1811307,burning blue,2013,FRAMELINE,0
tt2280344,burning bush,2013,TIFF,0
tt3091282,burt's buzz,2013,TIFF,0
tt0179116,but i’m a cheerleader,2013,FRAMELINE,0
tt2719422,but i’m a genderqueer,2013,FRAMELINE,0
tt2244376,bwakaw,2012,TIFF,0
tt2334589,by the way,2013,FRAMELINE,0
tt1650393,c.o.g.,2013,FRAMELINE,0
tt0068327,cabaret,2013,BERLINALE,0
tt2379733,cahaya,2013,BERLINALE,0
tt0052893,hiroshima my love,2013,CANNES,0
tt2189180,calcutta taxi,2013,CLERMONT-FERRAND,0
tt2018086,camille claudel 1915,2013,BERLINALE,0
tt2741122,camp beaverton: meet the beavers,2013,FRAMELINE,0
tt1980929,can a song save your life?,2013,TIFF,1
tt2836452,candy,2013,TIFF,0
tt1718747,cannibal,2013,TIFF,0
tt2232578,canopy,2013,TIFF,0
tt2911500,capitalism at crossroad street,2013,IDFA,0
tt2476426,capturing dad,2013,BERLINALE,0
tt0026179,car of dreams,2013,BERLINALE,0
tt2650642,in the name of,2013,BERLINALE,0
tt3606702,carl & niels,2013,IDFA,0
tt0060183,cart driver,2013,CANNES,0
tt0034583,casablanca,2013,BERLINALE,0
tt3753442,castles in spain,2013,IDFA,0
tt2536306,celestial wives of the meadow mari,2013,TIFF,0
tt2740846,change over time,2013,FRAMELINE,0
tt2355478,char... the no man's island,2013,BERLINALE,0
tt2352488,interior. leather bar.,2013,BERLINALE,0
tt2290223,chernokids,2013,CLERMONT-FERRAND,0
tt3419614,chikara - the sumo wrestler's son,2013,IDFA,0
tt1951095,child of god,2013,TIFF,0
tt2338062,cinemanovels,2013,TIFF,0
tt0223000,circle of the sun,2013,BERLINALE,0
tt1839522,circles,2013,BERLINALE,0
tt0056937,cleopatra,2013,CANNES,0
tt2803096,click,2013,FRAMELINE,0
tt2368276,climax,2013,FRAMELINE,0
tt2167715,it's all so quiet,2013,BERLINALE,0
tt3118696,club sandwich,2013,TIFF,0
tt3029766,coach zoran and his african tigers,2013,IDFA,0
tt2917438,cochemare,2013,TIFF,0
tt2119396,codebreaker,2013,FRAMELINE,0
tt2751862,cold,2013,BERLINALE,0
tt2434550,cold bloom,2013,BERLINALE,0
tt2969656,cold eyes,2013,TIFF,0
tt2729488,cold rehearsal,2013,BERLINALE,0
tt8593070,cold specks - elephant head,2013,CLERMONT-FERRAND,0
tt2871222,ain't misbehavin',2013,TIFF,0
tt2752200,jung & schön,2013,CANNES,0
tt2616784,cologne,2013,FRAMELINE,0
tt2419530,comedy warriors: healing through humor,2013,IDFA,0
tt2443734,coming forth by day,2013,BERLINALE,0
tt2007360,computer chess,2013,BERLINALE,0
tt2405182,concrete night,2013,TIFF,0
tt2787476,condom lead,2013,CANNES,0
tt0031173,confessions of a nazi spy,2013,BERLINALE,0
tt3118700,constellations,2013,TIFF,0
tt1924244,continental,2013,FRAMELINE,0
tt2403403,"kali, the little vampire",2013,CLERMONT-FERRAND,0
tt0071585,conversation piece,2013,CANNES,0
tt2763758,couscous island,2013,BERLINALE,0
tt0128142,cousin jules,2013,BERLINALE,0
tt3118706,cristo rey,2013,TIFF,0
tt2801980,crossroads of youth,2013,BERLINALE,0
tt2331143,"like father, like son",2013,CANNES,0
tt2416480,crustaceans,2013,IDFA,0
tt2734232,cuba,2013,BERLINALE,0
tt2451588,cuisine as an agent of social change,2013,BERLINALE,0
tt3262536,cuki colorinchi evolution,2013,FRAMELINE,0
tt2207846,cutaways of jiang chun gen - forward and back again,2013,BERLINALE,0
tt2355540,cutie and the boxer,2013,IDFA,1
tt0790636,dallas buyers club,2013,TIFF,1
tt2622728,dancing with bellies,2013,BERLINALE,0
tt2395465,unstable elements,2013,TIFF,0
tt0293069,dark blood,2013,BERLINALE,0
tt2850834,living still life,2013,CLERMONT-FERRAND,0
tt2764730,dark matter,2013,BERLINALE,0
tt2771304,dating sucks: a genderqueer misadventure,2013,FRAMELINE,0
tt2935282,daybreak,2013,TIFF,0
tt3565830,days at the lennon park,2013,IDFA,0
tt2211240,dead,2013,BERLINALE,0
tt2852446,death march,2013,CANNES,0
tt1843894,death row ii,2013,IDFA,0
tt2527192,desert runners,2013,IDFA,0
tt0804463,devil's knot,2013,TIFF,0
tt0073363,manila in the claws of light,2013,CANNES,0
tt0046912,dial m for murder,2012,TIFF,0
tt1811351,dik,2013,FRAMELINE,0
tt2642082,dina and noel,2013,BERLINALE,0
tt2573364,dinosaurs,2013,IDFA,0
tt2532528,dirty wars,2013,IDFA,1
tt2183920,disclosure,2013,FRAMELINE,0
tt3168794,displaced perssons,2013,IDFA,0
tt2633242,disrupted,2013,FRAMELINE,0
tt2912144,manuscripts don't burn,2013,CANNES,0
tt0303927,doctor curry,2013,CLERMONT-FERRAND,0
tt3057836,documented,2013,IDFA,0
tt2699974,doll parts,2013,IDFA,0
tt2402105,dom hemingway,2013,TIFF,0
tt2750834,don't expect praises,2013,BERLINALE,0
tt0061589,dont look back,2013,IDFA,0
tt2296729,dos almas,2013,FRAMELINE,0
tt1319940,downfall,2013,IDFA,0
tt2290844,dragooned,2013,BERLINALE,0
tt2661352,dream girl,2013,BERLINALE,0
tt3091380,mission congo,2013,TIFF,0
tt2626400,drill baby drill,2013,IDFA,0
tt3064188,drop,2013,TIFF,0
tt3118716,dry standpipe,2013,TIFF,0
tt1922589,"duch, le maitre des forges de l'enfer (duch, master of the forges of hell)",2011,CANNES,0
tt2991092,eastern boys,2013,TIFF,0
tt2504022,narco cultura,2013,BERLINALE,0
tt3076962,easy abby: every day making love more difficult (season one),2013,FRAMELINE,0
tt2693394,eating lunch,2013,BERLINALE,0
tt2092428,ebony society,2011,BERLINALE,0
tt2666388,echo,2013,BERLINALE,0
tt2941644,ecopolis china,2013,IDFA,0
tt2159990,edmond was a donkey,2013,CLERMONT-FERRAND,0
tt2732142,edward krasinski's studio,2013,BERLINALE,0
tt3102402,el mudo,2013,TIFF,0
tt3321146,electronic performers,2013,CLERMONT-FERRAND,0
tt2330841,ellen is leaving,2013,CLERMONT-FERRAND,0
tt3121020,"natpwe, the feast of the spirits",2013,TIFF,0
tt2179035,empire of dirt,2013,TIFF,0
tt2618494,end of time,2013,BERLINALE,0
tt2316411,enemy,2013,TIFF,0
tt0042651,engagement ring,2013,BERLINALE,0
tt3334576,enough said,2013,TIFF,0
tt2112944,entry denied,2013,FRAMELINE,0
tt2368817,eskil & trinidad,2013,BERLINALE,0
tt3505786,europe in 8 bits,2013,IDFA,0
tt2852432,"norte, the end of history",2013,CANNES,0
tt1227189,"everybody dies, but me",2013,IDFA,0
tt2091893,everyday objects,2013,BERLINALE,0
tt3391782,everyday rebellion,2013,IDFA,0
tt6542846,everything is possible,2013,IDFA,0
tt2894710,exile,2013,CANNES,0
tt1982177,exit marrakech,2013,TIFF,0
tt2649370,exposed,2013,BERLINALE,0
tt3143232,f to 7th: season one,2013,FRAMELINE,0
tt0056444,an autumn afternoon,2013,CANNES,0
tt1714915,only lovers left alive,2013,CANNES,0
tt3962986,f to 7th: tweener,2013,FRAMELINE,0
tt2419144,fable of a blood-drained girl,2013,CANNES,0
tt2776636,facing fear,2013,IDFA,1
tt2258345,fading gigolo,2013,TIFF,0
tt2768766,faith connections,2013,TIFF,0
tt1391793,"falling in love with chris and greg: ""work of art! reality tv special""",2013,FRAMELINE,0
tt2995968,families are forever,2013,FRAMELINE,0
tt2446984,family restaurant,2013,FRAMELINE,0
tt2371834,paradise: hope,2013,BERLINALE,0
tt0049976,farewell to dream,2013,BERLINALE,0
tt2938740,farewell to hollywood,2013,IDFA,0
tt0038522,farrebique - the four seasons,2013,IDFA,0
tt2597098,fat,2013,TIFF,0
tt2373878,fatal assistance (assistance mortelle),2013,BERLINALE,0
tt2417550,fatal,2013,BERLINALE,0
tt2234480,father,2013,CLERMONT-FERRAND,0
tt2741956,father's garden - the love of my parents,2013,BERLINALE,0
tt2925960,father figures,2013,IDFA,0
tt3456494,fc rwanda,2013,IDFA,0
tt2223154,paul bowles: the cage door is always open,2013,BERLINALE,0
tt0077539,fedora,2013,CANNES,0
tt2402603,felony,2013,TIFF,0
tt2731398,fifi howls from happiness,2013,BERLINALE,0
tt2238412,fight,2013,CLERMONT-FERRAND,0
tt2248791,fighting for air,2013,FRAMELINE,0
tt2520096,filthy gorgeous: the bob guccione story,2013,TIFF,0
tt5056454,final destination,2013,IDFA,0
tt2660214,finding franklin,2013,FRAMELINE,0
tt2714900,finding vivian maier,2013,TIFF,1
tt2943994,firecrackers,2013,TIFF,0
tt3463560,powerless,2013,BERLINALE,0
tt0026361,first a girl,2013,BERLINALE,0
tt2467644,first row orchestra,2013,CLERMONT-FERRAND,0
tt3263874,first to fall,2013,IDFA,0
tt2782432,fish power,2013,FRAMELINE,0
tt2061682,fishing without nets,2013,CLERMONT-FERRAND,0
tt2461790,flight of the pompadou,2013,BERLINALE,0
tt2818720,flower,2013,TIFF,0
tt2043855,flytopia,2013,CLERMONT-FERRAND,0
tt2368686,footing,2013,CLERMONT-FERRAND,0
tt2217458,reaching for the moon,2013,BERLINALE,0
tt2193764,for dorian,2013,FRAMELINE,0
tt2699832,for marx…,2013,BERLINALE,0
tt0405251,for the first time,2013,BERLINALE,0
tt3074796,for those who can tell no tales,2013,TIFF,0
tt2630142,foreclosure,2013,TIFF,0
tt2732092,forest of the dancing spirits,2013,IDFA,0
tt2770484,forgetting to know you,2013,BERLINALE,0
tt2328729,reality 2.0,2013,CLERMONT-FERRAND,0
tt2666318,forst,2013,BERLINALE,0
tt2244857,foxes,2013,CLERMONT-FERRAND,0
tt2347569,frances ha,2012,TIFF,0
tt2818728,fresh fruit,2013,FRAMELINE,0
tt2409690,friday night,2013,CLERMONT-FERRAND,0
tt2071465,friends from france,2013,TIFF,0
tt2206996,frisk,2013,FRAMELINE,0
tt2384328,sarah prefers to run,2013,CANNES,0
tt2733032,frog spider hand horse house,2013,BERLINALE,0
tt2334649,fruitvale station,2013,CANNES,0
tt0027652,fury,2013,BERLINALE,0
tt1495768,future my love,2013,FRAMELINE,0
tt2429074,g.b.f.,2013,FRAMELINE,0
tt3106846,gabrielle,2013,TIFF,0
tt4235724,gaddafi,2013,IDFA,0
tt2321315,gay latino los angeles,2013,FRAMELINE,0
tt2306547,genderfreak,2013,FRAMELINE,0
tt2855026,stop the pounding heart,2013,CANNES,0
tt1815717,gerontophilia,2013,TIFF,0
tt3132086,giraffada,2013,TIFF,0
tt2542302,girl of wall,2013,CLERMONT-FERRAND,0
tt0899239,girls,2013,IDFA,0
tt2218772,giselle,2013,TIFF,0
tt0052852,glass,2013,IDFA,0
tt3010302,gloria victoria,2013,TIFF,0
tt2461034,gmo omg,2013,BERLINALE,0
tt0052854,goha,2013,CANNES,0
tt2289526,going away,2013,TIFF,0
tt2852458,stranger by the lake,2013,CANNES,0
tt2854388,going south,2013,CANNES,0
tt2338846,gold,2013,BERLINALE,0
tt1144488,gold,2013,IDFA,0
tt2591838,gold - you can do more than you think,2013,BERLINALE,0
tt2761886,golden mango,2013,BERLINALE,0
tt4221084,gonda,2013,IDFA,0
tt1745710,gore vidal: the united states of amnesia,2013,FRAMELINE,0
tt2571174,gorilla,2013,FRAMELINE,0
tt2835548,grand central,2013,CANNES,0
tt2473288,summer suit,2013,BERLINALE,0
tt1454468,gravity,2013,TIFF,1
tt0436369,green bush,2013,BERLINALE,0
tt2852394,grigris,2013,CANNES,0
tt2371668,groove your life,2013,CLERMONT-FERRAND,0
tt0042530,gun crazy,2013,TIFF,0
tt2368897,gut renovation,2013,BERLINALE,0
tt2764388,"habi, the foreigner",2013,BERLINALE,0
tt2215077,half of a yellow sun,2013,TIFF,0
tt2871274,ham story,2013,CANNES,0
tt2507592,an episode in the life of an iron picker,2013,BERLINALE,0
tt3074780,supermensch the legend of shep gordon,2013,TIFF,0
tt0035966,hangmen also die!,2013,BERLINALE,0
tt2389856,hannah and the moon,2013,BERLINALE,0
tt3458776,happiness,2013,IDFA,0
tt2514762,happy birthday,2013,BERLINALE,0
tt2662496,happy birthday,2013,FRAMELINE,0
tt0366548,happy feet,2013,FRAMELINE,0
tt2385101,harmony lessons,2013,BERLINALE,0
tt2075200,hatch,2013,FRAMELINE,0
tt2463512,hateship loveship,2013,TIFF,0
tt1638364,the armstrong lie,2013,TIFF,0
tt2728968,he maketh a path to shine after him; one would think the deep to be hoary,2013,BERLINALE,0
tt2076216,he’s way more famous than you,2013,FRAMELINE,0
tt4947596,hear this!,2013,IDFA,0
tt2343617,heart of a lion,2013,TIFF,0
tt2741522,hedgehogs and the city,2013,BERLINALE,0
tt2852376,heli,2013,CANNES,0
tt1433528,henri-george clouzot's inferno,2013,IDFA,0
tt2380190,here for now,2013,CLERMONT-FERRAND,0
tt0026754,het mysterie van de mondscheinsonate,2013,BERLINALE,0
tt2671652,the battle of tabatô,2013,BERLINALE,0
tt1278073,heterosexual jill,2013,FRAMELINE,0
tt3091338,hi-ho mistahey!,2013,TIFF,0
tt0479926,hibernation,2013,CLERMONT-FERRAND,0
tt2643712,hide & seek,2013,FRAMELINE,0
tt1964773,hide your smiling faces,2013,BERLINALE,0
tt0036005,hitler's madman,2013,BERLINALE,0
tt1998204,home from home - chronicle of a vision,2013,TIFF,0
tt2742104,home movies gaza,2013,BERLINALE,0
tt2005369,the centrifuge brain project,2013,CLERMONT-FERRAND,0
tt2844994,homeland,2013,CANNES,0
tt2229908,homophobia,2013,FRAMELINE,0
tt2718538,honeymoon,2013,TIFF,0
tt3039170,hope,2013,CLERMONT-FERRAND,0
tt1528071,horns,2013,TIFF,0
tt2719796,hot guys with guns,2013,FRAMELINE,0
tt2401776,hotel pennsylvania,2013,CLERMONT-FERRAND,0
tt2363178,hotell,2013,TIFF,0
tt2428184,housebroken,2013,FRAMELINE,0
tt2499076,the crash reel,2013,BERLINALE,0
tt2750060,houses for all,2013,IDFA,0
tt0033729,how green was my valley,2013,BERLINALE,0
tt1894476,how l live now,2013,TIFF,0
tt2952634,che strano chiamarsi federico: scola racconta fellini,2012,TIFF,0
tt3116576,human geography,2013,IDFA,0
tt2661290,hypocentre,2013,BERLINALE,0
tt2756604,i'm going to mum's,2013,BERLINALE,0
tt2456134,i'm not dead,2013,BERLINALE,0
tt0368794,i'm not there,2013,IDFA,0
tt3052278,"i'm the same, i'm another",2013,TIFF,0
tt2247154,treffit,2013,CLERMONT-FERRAND,0
tt0058604,i am cuba,2013,IDFA,0
tt1356790,i am divine,2013,FRAMELINE,0
tt2188912,i am gay and muslim,2013,FRAMELINE,0
tt3387138,i am me,2013,IDFA,0
tt0231773,i am somebody,2013,TIFF,0
tt2798170,i am yours,2013,TIFF,0
tt2147728,i used to be darker,2013,BERLINALE,0
tt2620418,i will not lose,2013,BERLINALE,0
tt2084883,the daughter,2013,BERLINALE,0
tt3646336,"i, afrikaner",2013,IDFA,0
tt2670266,i’m yours,2013,FRAMELINE,0
tt2328024,i’ve only just begun,2013,FRAMELINE,0
tt2550782,ian harvie superhero,2013,FRAMELINE,0
tt2718492,ida,2013,TIFF,1
tt3075574,ignasi m.,2013,TIFF,0
tt2901736,ilo llo,2013,TIFF,0
tt2741806,in bloom,2013,BERLINALE,0
tt2655938,the eternal return of antonis paraskevas,2013,BERLINALE,0
tt2564156,in god we trust,2013,IDFA,0
tt2956860,in guns we trust,2013,TIFF,0
tt2718360,in praise of the day,2013,BERLINALE,0
tt2894678,in the fishbowl,2013,CANNES,0
tt3488220,in the wake of stalin,2013,IDFA,0
tt2269486,in their room: london,2013,FRAMELINE,0
tt0139500,in vanda's room,2013,IDFA,0
tt2336960,inch'allah,2012,TIFF,0
tt2149244,ink deep,2013,FRAMELINE,0
tt2358891,the great beauty,2013,CANNES,1
tt3101474,inreallife,2013,IDFA,0
tt2042568,inside llewyn davis,2013,CANNES,1
tt3118748,instants,2013,TIFF,0
tt2157302,intersexion,2013,FRAMELINE,0
tt3118758,intruders,2013,TIFF,0
tt2585072,inumber number,2013,TIFF,0
tt0069115,"israel, why",2013,BERLINALE,0
tt2583530,it gets better,2013,FRAMELINE,0
tt2340784,the last of the unjust,2013,CANNES,0
tt2177350,it gets bitter,2013,FRAMELINE,0
tt2075223,j.a.c.e. - just another confused elephant,2013,TIFF,0
tt2316882,jackpot,2013,FRAMELINE,0
tt2180423,jadoo,2013,BERLINALE,0
tt0073195,jaws,2013,CANNES,0
tt4242856,jennifer and tiffany,2013,CLERMONT-FERRAND,0
tt2949532,jimbo,2013,TIFF,0
tt2210834,jimmy p (psychotherapy of a plains indian),2013,CANNES,0
tt2719064,ashura,2013,BERLINALE,0
tt0057202,the lovely month of may,2013,CANNES,0
tt2670226,jîn,2013,BERLINALE,0
tt3219462,jingle bell rocks!,2013,IDFA,0
tt2443988,joan in the rain,2013,FRAMELINE,0
tt1568150,joan rivers - a piece of work,2013,IDFA,0
tt1935156,jodorowsky's dune,2013,TIFF,0
tt2382396,joe,2013,TIFF,0
tt2449468,journey to jah,2013,IDFA,0
tt2310011,joy! portrait of a nun,2013,FRAMELINE,0
tt0036977,jubilation street,2013,BERLINALE,0
tt2852470,the missing picture,2013,CANNES,1
tt3402174,judgment in hungary,2013,IDFA,0
tt2398848,julian,2013,FRAMELINE,0
tt2806576,jury,2013,BERLINALE,0
tt2223678,just ancient loops,2013,CLERMONT-FERRAND,0
tt2593270,just the right amount of violence,2013,IDFA,0
tt2629934,kalifornia,2013,BERLINALE,0
tt4148056,keeper,2013,CLERMONT-FERRAND,0
tt2767286,the package,2013,BERLINALE,0
tt1311071,kill your darlings,2013,TIFF,0
tt2679578,killing strangers,2013,BERLINALE,0
tt1999908,killing the chickens to scare the monkeys,2013,CLERMONT-FERRAND,0
tt3620794,killing time,2013,IDFA,0
tt2217890,kimchi fried dumplings,2013,FRAMELINE,0
tt2017634,kink,2013,FRAMELINE,0
tt3600924,kismet: how turkish soap operas change the world,2013,IDFA,0
tt2599822,kiss me softly,2013,FRAMELINE,0
tt2652280,kitchen dreams,2013,BERLINALE,0
tt2586000,the strange little cat,2013,BERLINALE,0
tt3013530,kitty,2013,FRAMELINE,0
tt2719386,knighthood,2013,FRAMELINE,0
tt2499072,kwaku ananse,2013,BERLINALE,0
tt2753654,la paz,2013,BERLINALE,0
tt1967545,labor day,2013,TIFF,0
tt3119566,ladder to damascus,2013,TIFF,0
tt2244728,lady and the tooth,2013,CLERMONT-FERRAND,0
tt2514918,to the wolf,2013,BERLINALE,0
tt3402196,last breath,2013,CLERMONT-FERRAND,0
tt0107366,last call at maud’s,2013,FRAMELINE,0
tt2825176,lay bare,2013,CLERMONT-FERRAND,0
tt2976634,lay over,2013,TIFF,0
tt3096340,layla's melody,2013,IDFA,0
tt2296835,layla fourie,2013,BERLINALE,0
tt2324384,le grand cahier,2013,TIFF,0
tt2392326,le week-end,2013,TIFF,0
tt4272448,leaders,2013,IDFA,0
tt1707386,les misérables,2013,BERLINALE,1
tt2763048,two girls against the rain,2013,BERLINALE,0
tt6579930,lesbiana—a parallel revolution,2013,FRAMELINE,0
tt2218188,lessons in process,2013,BERLINALE,0
tt0040536,letter from an unknown woman,2013,BERLINALE,0
tt3120852,letter to a refusing pilot,2013,TIFF,0
tt2332522,leviathan,2012,IDFA,0
tt2954762,lewd & lascivious,2013,FRAMELINE,0
tt2132374,life's a breeze,2013,TIFF,0
tt1663207,life of crime,2013,TIFF,0
tt2753288,white night,2013,BERLINALE,0
tt2637978,lifelong,2013,BERLINALE,0
tt3324600,"light fly, fly high",2013,IDFA,0
tt2262485,like rats leaving a sinking ship,2013,FRAMELINE,0
tt3009032,linear,2013,CLERMONT-FERRAND,0
tt3120868,listening to the space in my room,2013,TIFF,0
tt0145046,little dieter needs to fly,2013,IDFA,0
tt3120916,little feet,2013,TIFF,0
tt2517090,little man,2013,FRAMELINE,0
tt3400690,little miss piggy,2013,IDFA,0
tt2738050,will you still love me tomorrow?,2013,BERLINALE,0
tt0425200,little terrorist,2013,CLERMONT-FERRAND,0
tt2594972,lonely bones,2013,CLERMONT-FERRAND,0
tt2250448,loot,2013,CLERMONT-FERRAND,0
tt2607296,los wild ones,2013,IDFA,0
tt2624316,lose your head,2013,BERLINALE,0
tt2796584,lost angel,2013,FRAMELINE,0
tt2825762,lotte reiniger - dance of the shadows,2013,BERLINALE,0
tt2634394,love battles,2013,BERLINALE,0
tt2756230,"you like it, i love it",2013,CLERMONT-FERRAND,0
tt2671600,love games,2013,BERLINALE,0
tt3103576,love is the perfect crime,2013,TIFF,0
tt3079002,love your glove...an agenda,2013,FRAMELINE,0
tt1426329,lovelace,2013,BERLINALE,0
tt2339539,lovely,2013,FRAMELINE,0
tt2568360,loving the bony lady,2013,FRAMELINE,0
tt0071782,lucky luciano,2013,CANNES,0
tt1885299,lucky them,2013,TIFF,0
tt2732488,lunch with gertrude stein,2013,BERLINALE,0
tt2278562,lyrebird soup,2013,CLERMONT-FERRAND,0
tt2539430,una furtiva lagrima,2013,CLERMONT-FERRAND,0
tt0043766,m,2013,BERLINALE,0
tt2252388,macropolis,2013,CLERMONT-FERRAND,0
tt1218031,made in japan,2013,CLERMONT-FERRAND,0
tt1352838,magnetic movie,2013,CLERMONT-FERRAND,0
tt2311960,make hummus not war,2013,BERLINALE,0
tt1592265,maladies,2013,BERLINALE,0
tt2144006,malody,2013,CLERMONT-FERRAND,0
tt2332754,mama rainbow,2013,FRAMELINE,0
tt3091552,at berkeley,2013,TIFF,0
tt2899492,en terrain connu,2013,CLERMONT-FERRAND,0
tt3120984,"man in motion, 2012",2013,TIFF,0
tt2016940,man of tai chi,2013,TIFF,0
tt3103326,manakaman,2013,TIFF,0
tt2304771,mandela: long walk to freedom,2013,TIFF,1
tt2475544,manhunt,2013,IDFA,0
tt2722240,mark bunyan: very nearly almost famous,2013,FRAMELINE,0
tt2461298,martindale,2013,FRAMELINE,0
tt1555069,mary queen of scots,2013,TIFF,0
tt2850814,mademoiselle kiki et les montparnos,2013,CLERMONT-FERRAND,0
tt3129484,master of the universe,2013,IDFA,0
tt3020566,matt alber with strings attached,2013,FRAMELINE,0
tt2555302,matt shepard is a friend of mine,2013,IDFA,0
tt3605460,mattanja joy,2013,IDFA,0
tt1439558,max rose,2013,CANNES,0
tt2295564,mccanick,2013,TIFF,0
tt1820531,melting away,2013,FRAMELINE,0
tt3120794,'til madness do us part,2013,TIFF,0
tt2324298,men of the earth,2013,CLERMONT-FERRAND,0
tt1954275,men with balls,2013,IDFA,0
tt2846472,menstrual men,2013,IDFA,0
tt2568472,"mercedes sosa, the voice of latin america",2013,IDFA,0
tt2374902,metalhead,2013,TIFF,0
tt2851300,meteorite + impotence,2013,CANNES,0
tt2991138,method,2013,TIFF,0
tt1806971,mia,2013,FRAMELINE,0
tt2054790,michael kohlhaas,2013,CANNES,0
tt2735224,microbrigades - variations of a story,2013,BERLINALE,0
tt3234082,12.12.12,2013,TIFF,0
tt2428672,midway,2013,TIFF,0
tt0073389,milestones,2013,IDFA,0
tt3288044,minerita,2013,IDFA,0
tt3012818,miracle,2013,TIFF,0
tt3078242,miss violence,2013,TIFF,0
tt2386720,mobile homes,2013,CLERMONT-FERRAND,0
tt2942522,moebius,2013,TIFF,0
tt0078841,being there,2013,BERLINALE,0
tt3093520,monk with a camera,2013,IDFA,0
tt2198235,monsoon shootout,2013,CANNES,0
tt2793902,more than two hours,2013,CANNES,0
tt2434988,"mother, i love you",2013,BERLINALE,0
tt2893194,mothers,2013,IDFA,0
tt3120994,mount song,2013,TIFF,0
tt2544688,mountain,2013,CLERMONT-FERRAND,0
tt2387132,mr. angel,2013,FRAMELINE,0
tt0295454,mrs. john bull prepared,2013,IDFA,0
tt2061756,muhammad ali's greatest fight,2013,CANNES,0
tt0408306,munich,2013,IDFA,0
tt2492916,muscle shoals,2013,IDFA,0
tt2515926,mussels in love,2012,IDFA,0
tt2061742,muybridge's strings,2013,CLERMONT-FERRAND,0
tt2607968,#chicagogirl - the social network takes on a dictator,2013,IDFA,0
tt2179232,my face is in space,2013,CLERMONT-FERRAND,0
tt2763310,my father's truck,2013,BERLINALE,0
tt3056704,my love awaits me by the sea,2013,TIFF,0
tt3276852,my name is salt,2013,IDFA,0
tt3559482,my secret panties,2013,FRAMELINE,0
tt2582008,my sisters,2013,BERLINALE,0
tt2875926,my sweet pepper land,2013,CANNES,0
tt2669646,my way to olympia,2013,BERLINALE,0
tt2555000,mystery,2013,BERLINALE,0
tt2236054,mystery road,2013,TIFF,0
tt2317510,nadya,2013,CLERMONT-FERRAND,0
tt2585594,naked opera,2013,BERLINALE,0
tt1014081,nana,2013,BERLINALE,0
tt2654504,natives,2013,FRAMELINE,0
tt1821549,nebraska,2013,CANNES,1
tt2433014,needle,2013,CANNES,0
tt3121028,nefandus,2013,TIFF,0
tt2764814,never,2013,BERLINALE,0
tt8523252,never die?,2013,CLERMONT-FERRAND,0
tt2024544,12 years a slave,2013,TIFF,1
tt2919632,nevermore,2013,CLERMONT-FERRAND,0
tt3014944,next to last (automne 63),2013,CLERMONT-FERRAND,0
tt2849606,ngangkari,2013,BERLINALE,0
tt0093615,ngati,2013,BERLINALE,0
tt2043933,night moves,2013,TIFF,0
tt1654523,night train to lisbon,2013,BERLINALE,0
tt0089686,nightmare on elm street part 2: freddy's revenge,2013,FRAMELINE,0
tt2719944,nikkis,2013,FRAMELINE,0
tt3121042,ningen,2013,TIFF,0
tt7787274,15 attempts,2013,IDFA,0
tt2665918,ninja & soldier,2013,BERLINALE,0
tt2308847,no ball games,2013,CLERMONT-FERRAND,0
tt2917344,no boy,2013,CLERMONT-FERRAND,0
tt3244744,no land no food no life,2013,IDFA,0
tt2617208,no man's land,2013,BERLINALE,0
tt3207614,no man's land,2013,IDFA,0
tt3001186,noah,2013,TIFF,0
tt2576522,nobody's daughter haewon,2013,BERLINALE,0
tt0037136,none shall escape,2013,BERLINALE,0
tt2316917,noodle fish,2013,CLERMONT-FERRAND,0
tt3102490,barbaric land,2013,TIFF,0
tt2721252,"not blacking out, just turning the lights off",2013,BERLINALE,0
tt2822400,nothing bad can happen,2013,CANNES,0
tt2949090,now and forever,2013,CLERMONT-FERRAND,0
tt2914922,numbers & friends,2013,TIFF,0
tt2638556,o gigante,2013,CLERMONT-FERRAND,0
tt2388621,1982,2013,TIFF,0
tt3121050,october november,2013,TIFF,0
tt4242852,octopussy love affair,2013,CLERMONT-FERRAND,0
tt2388715,oculus,2013,TIFF,0
tt2736074,of good report,2013,TIFF,0
tt7418682,oh sheep!,2013,CLERMONT-FERRAND,0
tt2372335,oh willy,2012,CLERMONT-FERRAND,0
tt2646256,olga - to my friends,2013,IDFA,0
tt2852406,omar,2013,CANNES,1
tt2660424,2011 12 30,2013,BERLINALE,0
tt2289538,on my way,2013,BERLINALE,0
tt1663660,on the ice,2013,BERLINALE,0
tt0047296,on the waterfront,2013,BERLINALE,0
tt2318598,on this island,2013,CLERMONT-FERRAND,0
tt2729070,once every day,2013,BERLINALE,0
tt3399438,once upon a tree,2013,IDFA,0
tt1196956,one chance,2013,TIFF,0
tt0230591,one day in september,2013,IDFA,0
tt3314488,one minute of conductors,2013,IDFA,0
tt2426178,one moment please,2013,CLERMONT-FERRAND,0
tt2741118,24 hitchhikers,2013,FRAMELINE,0
tt2717146,one zero one—the story of cybersissy & baybjane,2013,FRAMELINE,0
tt1602613,only god forgives,2013,CANNES,0
tt2587228,open letter,2013,FRAMELINE,0
tt2503252,orange,2013,CLERMONT-FERRAND,0
tt3069992,our curse,2013,IDFA,1
tt2942512,our sunhi,2013,TIFF,0
tt2950206,out,2013,TIFF,0
tt3646026,out here: a queer farmer film project,2013,FRAMELINE,0
tt2894654,37°4 s,2013,CANNES,0
tt2647472,out in east berlin - lesbians and gays in the gdr,2013,BERLINALE,0
tt2318625,out in the dark,2013,FRAMELINE,0
tt0039689,out of the past,2013,BERLINALE,0
tt3121066,palestine stereo,2013,TIFF,0
tt2479800,palo alto,2013,TIFF,0
tt2829722,pandas,2013,CANNES,0
tt1992193,pandora's promise,2013,IDFA,0
tt0984090,paper cannot wrap up embers,2013,IDFA,0
tt2650446,parade,2013,BERLINALE,0
tt2866676,paradise,2013,TIFF,0
tt2950246,paradise falls,2013,TIFF,0
tt2939496,paradiso,2013,TIFF,0
tt4144510,pareidolia,2013,IDFA,0
tt2345112,parkland,2013,TIFF,0
tt2854564,patio,2013,IDFA,0
tt2783114,payback,2013,BERLINALE,0
tt2374719,"43,000 feet",2013,CLERMONT-FERRAND,0
tt2458390,penny dreadful,2013,CLERMONT-FERRAND,0
tt3091242,people in places,2013,TIFF,0
tt3121078,pepper's ghost,2013,TIFF,0
tt2557556,perfect drug,2013,CLERMONT-FERRAND,0
tt2670510,performing girl,2013,FRAMELINE,0
tt2761580,pet bird,2013,BERLINALE,0
tt0025647,peter,2013,BERLINALE,0
tt2431286,philomena,2013,TIFF,1
tt2768502,45 degrees,2013,CLERMONT-FERRAND,0
tt2564010,pin up,2013,CLERMONT-FERRAND,0
tt2369205,pioneer,2013,TIFF,0
tt2787042,pipe dreams,2013,BERLINALE,0
tt3042474,pipeline,2013,IDFA,0
tt2397531,pit stop,2013,FRAMELINE,0
tt1635656,pixels,2013,CLERMONT-FERRAND,0
tt1555206,plank,2013,IDFA,0
tt2796824,plug & play,2013,CLERMONT-FERRAND,0
tt3118544,457 broadway,2013,TIFF,0
tt3121082,pop takes,2013,TIFF,0
tt2583208,portrait as a random act of violence,2013,TIFF,0
tt0062144,portrait of jason,2013,BERLINALE,0
tt2261979,predator!!!,2013,CLERMONT-FERRAND,0
tt2461346,primate cinema: apes as family,2013,BERLINALE,0
tt2195548,prince avalanche,2013,BERLINALE,0
tt0938780,printed rainbow,2013,CLERMONT-FERRAND,0
tt1392214,prisoners,2013,TIFF,1
tt2091473,promised land,2013,BERLINALE,0
tt3473032,69: love sex senior,2013,IDFA,0
tt2191888,proxy,2013,TIFF,0
tt2751334,pussy versus putin,2013,IDFA,0
tt3488218,putin's games,2013,IDFA,0
tt2334779,qissa: the ghost is a lonely traveller,2013,TIFF,0
tt2609222,quai d'orsay,2013,TIFF,0
tt0110963,queen margot,2013,CANNES,0
tt2290609,queen of the desert,2013,FRAMELINE,0
tt2914838,r100,2013,TIFF,0
tt3121096,rags and tatters,2013,TIFF,0
tt2821088,bastards,2013,CANNES,0
tt2366402,6th march,2013,CLERMONT-FERRAND,0
tt2280964,real,2013,TIFF,0
tt1926992,be omid e didar,2011,CANNES,0
tt2302785,rebel,2013,FRAMELINE,0
tt2885624,recollections,2013,IDFA,0
tt1450320,dias de gracia (days of grace),2011,CANNES,0
tt1298650,pirates of the caribbean: on stranger tides,2011,CANNES,0
tt1667905,in film nist (this is not a film),2011,CANNES,0
tt2023559,la khaoufa baada al'yaoum (no more fear),2011,CANNES,0
tt1939753,the big fix,2011,CANNES,0
tt1930271,a viagem (the trip),2011,CANNES,0
tt2419284,red obsession,2013,BERLINALE,0
tt2002649,der wechselbalg (changeling),2011,CANNES,0
tt2396870,red princesses,2013,BERLINALE,0
tt1904845,bear,2011,CANNES,0
tt1912361,ce n'est rien (it is nothing),2011,CANNES,0
tt1942051,cross (cross - country),2011,CANNES,0
tt1911586,kjottsar (cold),2011,CANNES,0
tt2323854,redemption impossible,2013,BERLINALE,0
tt1906447,paternal womb,2011,CANNES,0
tt1885381,soy tan feliz,2011,CANNES,0
tt2950326,"relax, i'm from the future",2013,TIFF,0
tt2651598,a ballet dialogue,2013,FRAMELINE,0
tt2661386,remains quiet,2013,BERLINALE,0
tt2733000,"remanence i - (lost, lost, lost, lost)",2013,BERLINALE,0
tt3012998,remember me,2013,TIFF,0
tt1980033,ai to makoto (for love's sake),2012,CANNES,0
tt1852770,dario argento dracula (dario argento's dracula),2012,CANNES,0
tt0423455,hemingway & gellhorn,2012,CANNES,0
tt1801061,io e te,2012,CANNES,0
tt2103217,maniac,2012,CANNES,0
tt1673697,the sapphires,2012,CANNES,0
tt1654829,therese desqueyroux,2012,CANNES,0
tt2399493,music according to tom jobim,2011,IDFA,0
tt2399523,journal de france,2012,CANNES,0
tt2399531,le serment de tobrouk (the oath of tobruk),2012,CANNES,0
tt2399533,les invisibles,2012,CANNES,0
tt1844735,mekong hotel,2012,CANNES,0
tt0462504,rescue dawn,2013,IDFA,0
tt2079571,roman polanski : a film memoir,2012,CANNES,0
tt2380247,the central park five,2012,CANNES,0
tt2258713,villegas,2012,CANNES,0
tt2884198,derriere moi les oliviers (behind me olive trees),2012,CANNES,0
tt3199456,return to homs,2013,IDFA,0
tt2936362,rêve kakudji,2013,IDFA,0
tt2368677,chef de meute,2012,CANNES,0
tt2139753,cockaigne,2012,CANNES,0
tt2368829,"falastein, sandouk al intezar lil burtuqal (waiting for p.o box)",2012,CANNES,0
tt2327415,mi santa mirada (my holy gaze),2012,CANNES,0
tt2369143,night shift,2012,CANNES,0
tt2656122,rhino full throttle,2013,BERLINALE,0
tt2385195,rhymes for young ghouls,2013,TIFF,0
tt3003800,amour fou,2014,CANNES,0
tt2368635,bird people,2014,CANNES,0
tt0143833,richard cardinal: cry from a diary of a métis child,2013,BERLINALE,0
tt3661798,dohee-ya (a girl at my door),2014,CANNES,0
tt2514338,jauja,2014,CANNES,0
tt2234543,a castle in italy,2013,CANNES,0
tt2401223,richard pryor: omit the logic,2013,IDFA,0
tt3186946,xenia,2014,CANNES,0
tt3125472,gui lai (coming home),2014,CANNES,0
tt1646971,how to train your dragon 2,2014,CANNES,1
tt2771800,rigor mortis,2013,TIFF,0
tt2929890,l'homme qu'on aimait trop (in the name of my daughter),2014,CANNES,0
tt0058461,per un pugno di dollari (a fistful of dollars),2014,CANNES,0
tt3634940,pyo jeok (the target),2014,CANNES,0
tt2345737,the rover,2014,CANNES,0
tt2720680,the salvation,2014,CANNES,0
tt3672028,caricaturistes - fantassins de la democratie (cartoonists - foot soldiers of democracy),2014,CANNES,0
tt3641008,home sweet home,2014,CANNES,0
tt2324418,riot ghoul,2013,FRAMELINE,0
tt3672582,oh lucy!,2014,CANNES,0
tt3672748,the aftermath of the inauguration of the public toilet at kilometer 375,2014,CANNES,0
tt2140343,rising hope,2012,BERLINALE,0
tt3672586,happo-en,2014,CANNES,0
tt3644744,foreign bodies,2014,CANNES,0
tt3672610,sonuncu (the last one),2014,CANNES,0
tt3672566,the administration of glory,2014,CANNES,0
tt2164718,rock the casbah,2013,BERLINALE,0
tt3606466,ukhilavi sivrtseebi (invisible spaces),2014,CANNES,0
tt2884018,macbeth,2015,CANNES,0
tt2524568,rock the casbah,2013,TIFF,0
tt2944552,roland,2013,TIFF,0
tt2586242,roland klick - the heart is a hungry hunter,2013,BERLINALE,0
tt4636022,mu-roe-han (the shameless),2015,CANNES,0
tt0038890,rome open city,2013,TIFF,0
tt1392190,mad max: fury road (mad max fury road),2015,CANNES,1
tt4682562,o piseu (office),2015,CANNES,0
tt2718742,a city within a city,2013,BERLINALE,0
tt2155373,romeo romeo,2013,FRAMELINE,0
tt4614560,hayored lema'ala (afterthought),2015,CANNES,0
tt4183722,ainahan ne palaa (to return until),2015,CANNES,0
tt2653260,roots,2013,BERLINALE,0
tt2287995,rose & violet,2013,CLERMONT-FERRAND,0
tt2721372,rotation,2013,BERLINALE,0
tt4047124,the guests,2015,CANNES,0
tt4516050,waves '98,2015,CANNES,0
tt0059792,terrore nello spazio,2016,CANNES,0
tt0059803,tiempo de morir,2016,CANNES,0
tt0037871,die letzte chance,2016,CANNES,0
tt0049150,dolina miru,2016,CANNES,0
tt0122111,ikarie xb 1,2016,CANNES,0
tt0375865,jago hua savera,2016,CANNES,0
tt0063291,memorias del subdesarrollo,2016,CANNES,0
tt3009468,rough cut,2013,TIFF,0
tt6279650,szerelem,2016,CANNES,0
tt0092337,dekalog v,2016,CANNES,0
tt0142666,"momotaro, umi no shinpei",2016,CANNES,0
tt0055257,one-eyed jacks,2016,CANNES,0
tt0069293,solyaris,2016,CANNES,0
tt0046478,ugetsu monogatari,2016,CANNES,0
tt0057013,dragees au poivre,2016,CANNES,0
tt0177302,rowing across the atlantic,2013,CLERMONT-FERRAND,0
tt0098575,valmont,2016,CANNES,0
tt0028966,gueule d'amour,2016,CANNES,0
tt0060675,masculin feminin,2016,CANNES,0
tt0104507,indochine,2016,CANNES,0
tt0088383,adieu bonaparte,2016,CANNES,0
tt0055304,pit and the pendulum,2016,CANNES,0
tt0041800,rendez-vous de juillet,2016,CANNES,0
tt5688424,the family whistle,2016,CANNES,0
tt2720802,rp31,2013,BERLINALE,0
tt3511510,midnight return: the story of billy hayes and turkey,2016,CANNES,0
tt5721752,gentleman rissient,2016,CANNES,0
tt0085520,faits divers,2016,CANNES,0
tt0065853,hospital,2016,CANNES,0
tt0062271,signore & signori,2016,CANNES,0
tt1979320,rush,2013,TIFF,0
tt0368954,"s21, the khmer rouge killing machine",2013,IDFA,0
tt1974419,the neon demon,2016,CANNES,0
tt2894644,safe,2013,CANNES,0
tt0014429,safety last!,2013,CANNES,0
tt5695764,varoonegi,2016,CANNES,0
tt1596753,salinger,2013,IDFA,0
tt5078274,chouf,2016,CANNES,0
tt5701856,exil,2016,CANNES,0
tt2551624,salma,2013,BERLINALE,0
tt5154092,"hissein habre, une tragedie tchadienne",2016,CANNES,0
tt5721728,l'ultima spiaggia,2016,CANNES,0
tt4976628,la foret de quinconces,2016,CANNES,0
tt5129510,la mort de louis xiv,2016,CANNES,0
tt5123944,le cancre,2016,CANNES,0
tt5735804,peshmerga,2016,CANNES,0
tt4466384,wrong elements,2016,CANNES,0
tt5719356,1 kilogram,2016,CANNES,0
tt5719016,a nyalintas nesze,2016,CANNES,0
tt3016266,salvation army,2013,TIFF,0
tt5613394,anna,2016,CANNES,0
tt5719440,bei wind und wetter,2016,CANNES,0
tt5636934,in the hills,2016,CANNES,0
tt5719198,"la culpa, probablemente",2016,CANNES,0
tt2399926,sam's formalwear,2013,TIFF,0
tt5153746,las razones del mundo,2016,CANNES,0
tt5431300,poubelle,2016,CANNES,0
tt5717670,4:15 p.m. sfarsitul lumii,2016,CANNES,0
tt5645950,a moca que dancou com o diabo,2016,CANNES,0
tt5636324,apres suzanne,2016,CANNES,0
tt5466820,dreamlands,2016,CANNES,0
tt4851724,fight on a swedish beach!!,2016,CANNES,0
tt1340123,samson & delilah,2013,BERLINALE,0
tt5717710,il silenzio,2016,CANNES,0
tt5717636,imago,2016,CANNES,0
tt5717628,la laine sur le dos,2016,CANNES,0
tt5717648,madre,2016,CANNES,0
tt5699202,timecode,2016,CANNES,1
tt0087957,purple rain,2016,CANNES,0
tt0060908,le roi de coeur,2016,CANNES,0
tt0079002,coup de tete,2016,CANNES,0
tt0060371,the endless summer,2016,CANNES,0
tt0032553,the great dictator,2016,CANNES,0
tt2629112,sanctity,2013,BERLINALE,0
tt0076740,sorcerer,2016,CANNES,0
tt0056512,il sorpasso,2016,CANNES,0
tt0048261,kiss me deadly,2016,CANNES,0
tt0075793,c'eravamo tanto amati,2016,CANNES,0
tt1697993,santra and the talking trees,2013,IDFA,0
tt5842890,jupiter's moon,2017,CANNES,0
tt3967856,okja,2017,CANNES,0
tt2234397,satellite boy,2013,BERLINALE,0
tt6776572,aala kaf ifrit,2017,CANNES,0
tt6444838,l'atelier,2017,CANNES,0
tt2764060,"saving grace, te whakarauora tangata",2013,BERLINALE,0
tt6776462,lerd,2017,CANNES,0
tt2073512,a difference,2013,FRAMELINE,0
tt1203530,saving mom and dad,2013,CLERMONT-FERRAND,0
tt6212516,"carne y arena (virtually present, physically invisible)",2017,CANNES,1
tt3859310,how to talk to girls at parties,2017,CANNES,0
tt2638968,seaquake,2013,FRAMELINE,0
tt8697888,a perdre haleine,2017,CANNES,0
tt10012542,afternoon clouds,2017,CANNES,0
tt7176076,camouflage,2017,CANNES,0
tt2937008,seasick,2013,TIFF,0
tt7197034,paul est la,2017,CANNES,0
tt6832776,carre 35,2017,CANNES,0
tt2402179,seduced and abandoned,2013,CANNES,0
tt2994634,sepideh - reaching for the stars,2013,IDFA,0
tt0185125,todo sobre mi madre,2017,CANNES,0
tt0074256,bugsy malone,2017,CANNES,0
tt0076666,saturday night fever,2017,CANNES,0
tt0084335,missing,2017,CANNES,0
tt0082158,chariots of fire,2017,CANNES,0
tt0058740,week-end a zuydcoote,2017,CANNES,0
tt2637994,september,2013,TIFF,0
tt0038334,la bataille du rail,2017,CANNES,0
tt0046268,le salaire de la peur,2017,CANNES,0
tt0048275,korhinta,2017,CANNES,0
tt0251742,ila ayn?,2017,CANNES,0
tt0062277,skupljaci perja,2017,CANNES,0
tt0060176,blow-up,2017,CANNES,0
tt0141591,matzor,2017,CANNES,0
tt0062285,soleil o,2017,CANNES,0
tt0191804,"babatu, les trois conseils",2017,CANNES,0
tt0074102,ai no korida,2017,CANNES,0
tt2620238,seraph,2013,FRAMELINE,0
tt0078754,all that jazz,2017,CANNES,0
tt0082222,czlowiek z zelaza,2017,CANNES,0
tt0046022,madame de...,2017,CANNES,0
tt0024844,l'atalante,2017,CANNES,0
tt0042781,native son,2017,CANNES,0
tt0058448,paparazzi,2017,CANNES,0
tt0061395,belle de jour,2017,CANNES,0
tt2091963,seventh-gay adventists,2013,FRAMELINE,0
tt0105265,a river runs through it,2017,CANNES,0
tt0064609,lucia,2017,CANNES,0
tt3196598,sex my british job,2013,IDFA,0
tt2375574,a field in england,2013,TIFF,0
tt2191400,"sex, drugs & taxation",2013,TIFF,0
tt2831542,sexperimental,2013,FRAMELINE,0
tt2861478,sexual tension: violetas,2013,FRAMELINE,0
tt4138452,shado'man,2013,IDFA,0
tt3256806,shanne and her friends,2013,IDFA,0
tt2532714,shared origins,2013,FRAMELINE,0
tt2273541,she: their love story,2013,FRAMELINE,0
tt2221784,shepard & dark,2013,CANNES,0
tt2347144,shield of straw,2013,CANNES,0
tt2233770,shift,2013,FRAMELINE,0
tt4838276,a fistful of rupies,2013,CLERMONT-FERRAND,0
tt2636806,shirley - visions of reality,2013,BERLINALE,0
tt0073705,shivers,2013,TIFF,0
tt0090015,shoah,2013,BERLINALE,0
tt2551456,shopping,2013,BERLINALE,0
tt2262091,shopping,2013,FRAMELINE,0
tt2932606,siddharth,2013,TIFF,0
tt2053463,side effects,2013,BERLINALE,0
tt2076330,sidewalk,2013,CLERMONT-FERRAND,0
tt0105407,siki,2013,IDFA,0
tt2186675,a fold in my blanket,2013,BERLINALE,0
tt2530672,silvi - maybe love,2013,BERLINALE,0
tt0105412,simeon,2013,CANNES,0
tt2916440,simone,2013,FRAMELINE,0
tt2419978,sing me the songs that say i love you - a concert for kate mcgarrigle,2013,BERLINALE,0
tt3123140,singing women,2013,TIFF,0
tt0284494,skins,2013,BERLINALE,0
tt0062278,sky over holland,2013,IDFA,0
tt0187514,sleeping beauties,2013,FRAMELINE,0
tt2645124,slow food story,2013,BERLINALE,0
tt2937112,a grand canal,2013,TIFF,0
tt2363387,snap,2013,CLERMONT-FERRAND,0
tt2078729,snow canon,2013,CLERMONT-FERRAND,0
tt1826876,so much water,2013,BERLINALE,0
tt2465066,social butterfly,2013,FRAMELINE,0
tt2090612,solipsist,2013,CLERMONT-FERRAND,0
tt2418272,solitudes,2013,CLERMONT-FERRAND,0
tt0053291,some like it hot,2013,BERLINALE,0
tt2692476,something in the way,2013,BERLINALE,0
tt2400272,something necessary,2013,TIFF,0
tt2244046,something real,2013,FRAMELINE,0
tt1895283,15-jul,2011,BERLINALE,0
tt1629376,7 sins forgiven,2011,BERLINALE,0
tt1630027,almanya,2011,BERLINALE,0
tt1477171,amador,2011,BERLINALE,0
tt1815586,amnesty,2011,BERLINALE,0
tt1810520,on the sly,2011,BERLINALE,0
tt1827358,she monkeys,2011,BERLINALE,0
tt1912993,art history,2011,BERLINALE,0
tt1838455,ashley/amber,2011,BERLINALE,0
tt1895306,the unliving,2011,BERLINALE,0
tt1316540,the turin horse,2011,BERLINALE,0
tt1731758,looking for simon,2011,BERLINALE,0
tt1796406,absent,2011,BERLINALE,0
tt1858727,back by 6,2011,BERLINALE,0
tt2089625,wind & fog,2011,BERLINALE,0
tt1813175,barzakh,2011,BERLINALE,0
tt1309178,our grand despair,2011,BERLINALE,0
tt1646960,blocks,2011,BERLINALE,0
tt1758576,bombay beach,2011,BERLINALE,0
tt1885208,"brasch - words of want, words of fear",2011,BERLINALE,0
tt1529240,brownian movement,2011,BERLINALE,0
tt1843120,the unjust,2011,BERLINALE,0
tt1613028,into the white night,2011,BERLINALE,0
tt2002629,ultima street,2011,BERLINALE,0
tt1664894,cave of forgotten dreams,2011,BERLINALE,0
tt1782407,chalk,2011,BERLINALE,0
tt1846449,ashamed,2011,BERLINALE,0
tt1950110,chica xx mujer,2011,BERLINALE,0
tt1895322,cleaning up the studio,2011,BERLINALE,0
tt1372686,coriolanus,2011,BERLINALE,0
tt1764246,crossing salween,2011,BERLINALE,0
tt1677676,dance town,2011,BERLINALE,0
tt1866132,the sleeping girl,2011,BERLINALE,0
tt1556690,day is done,2011,BERLINALE,0
tt1641810,an angel in doel,2011,BERLINALE,0
tt1381803,the great bear,2011,BERLINALE,0
tt2198128,the big brother,2011,BERLINALE,0
tt1509842,top floor left wing,2011,BERLINALE,0
tt1530488,the prize,2011,BERLINALE,0
tt1741693,the strongest man in holland,2011,BERLINALE,0
tt1972641,the last norwegian troll,2011,BERLINALE,0
tt1832937,the education,2011,BERLINALE,0
tt1833674,rent boys,2011,BERLINALE,0
tt1815673,the fatherless,2011,BERLINALE,0
tt1906362,digame - tell me,2011,BERLINALE,0
tt1895334,sunday,2011,BERLINALE,1
tt1821406,the house,2011,BERLINALE,0
tt1718775,one minute of darkness,2011,BERLINALE,0
tt1831635,a series of thoughts,2011,BERLINALE,0
tt1834815,ice flowers,2011,BERLINALE,0
tt1835951,the kid who lies,2011,BERLINALE,0
tt2130019,the young butler,2011,BERLINALE,0
tt1830584,e-love,2011,BERLINALE,0
tt1525346,the prize,2011,BERLINALE,0
tt1753784,sunny,2011,BERLINALE,0
tt1671457,familiar grounds,2011,BERLINALE,0
tt1813289,forest,2011,BERLINALE,0
tt1824171,listening to the judge,2011,BERLINALE,0
tt1878937,fit,2011,BERLINALE,0
tt1813314,the mountain,2011,BERLINALE,0
tt1863242,follow me,2011,BERLINALE,0
tt2053365,found cuban mounts,2011,BERLINALE,0
tt1895362,questions to my father,2011,BERLINALE,0
tt1570387,rebounce,2011,BERLINALE,0
tt1841611,asshole,2011,BERLINALE,0
tt1675157,get real!,2011,BERLINALE,0
tt1813327,the salt of life,2011,BERLINALE,0
tt2061874,into thin air,2011,BERLINALE,0
tt1837563,go the dogs,2011,BERLINALE,0
tt1699129,green crayons,2011,BERLINALE,0
tt1509803,griff the invisible,2011,BERLINALE,0
tt1676680,intimate grammar,2011,BERLINALE,0
tt1686047,ways of the sea,2011,BERLINALE,0
tt1685536,heaven's story,2011,BERLINALE,0
tt1791520,heavy heads,2011,BERLINALE,0
tt1127886,here,2011,BERLINALE,0
tt1733140,hi-so,2011,BERLINALE,0
tt1833133,homo@lv,2011,BERLINALE,0
tt1838557,house of shame / chantal all night long,2011,BERLINALE,0
tt1813361,how are you,2011,BERLINALE,0
tt1833710,in heaven underground - the weissensee jewish cemetery,2011,BERLINALE,0
tt2279039,self referential traverse: zeitgeist and engagement,2011,BERLINALE,0
tt2002681,i am round,2011,BERLINALE,0
tt1782468,jenny,2011,BERLINALE,0
tt1787731,jess + moss,2011,BERLINALE,0
tt1832382,"nader and simin, a separation",2011,BERLINALE,1
tt1648099,totally true love,2011,BERLINALE,0
tt1399655,jew suess - rise and fall,2011,BERLINALE,0
tt1814746,tomorrow will be better,2011,BERLINALE,0
tt1786533,battle of the queens,2011,BERLINALE,0
tt1754003,karen cries on the bus,2011,BERLINALE,0
tt1647356,household x,2011,BERLINALE,0
tt1488574,the liverpool goalie,2011,BERLINALE,0
tt9169166,where is fatemeh's house?,2011,BERLINALE,0
tt1733525,khodorkovsky,2011,BERLINALE,0
tt1567127,twigson ties the knot,2011,BERLINALE,0
tt1718777,don't follow me around,2011,BERLINALE,0
tt3065164,kuchao,2011,BERLINALE,0
tt1878967,the calm,2011,BERLINALE,0
tt1815790,land of the heroes,2011,BERLINALE,0
tt1696181,the bad intentions,2011,BERLINALE,0
tt1572502,late bloomers,2011,BERLINALE,0
tt1833734,lightflight,2011,BERLINALE,0
tt1828229,tales of the night,2011,BERLINALE,0
tt1337350,free hands,2011,BERLINALE,0
tt1687247,life in a day,2011,BERLINALE,0
tt1745935,lily,2011,BERLINALE,0
tt1817209,lollipop monster,2011,BERLINALE,0
tt1893261,invisible,2011,BERLINALE,0
tt1433910,the flood,2011,BERLINALE,0
tt1311047,made in poland,2011,BERLINALE,0
tt1588880,mothers,2011,BERLINALE,0
tt1543029,mama africa,2011,BERLINALE,0
tt1660393,man at sea,2011,BERLINALE,0
tt1719504,manurewa,2011,BERLINALE,0
tt1615147,margin call,2011,BERLINALE,1
tt1235841,medianeras,2011,BERLINALE,0
tt1822255,my best enemy,2011,BERLINALE,0
tt1895479,minnie loves junior,2011,BERLINALE,0
tt1772980,target,2011,BERLINALE,0
tt2279137,against all odds,2011,BERLINALE,0
tt1693755,mokhtar,2011,BERLINALE,0
tt1838602,mondo lux - the visual worlds of werner schroeter,2011,BERLINALE,0
tt1719540,matchmaking mayor,2011,BERLINALE,0
tt1571407,neukolln unlimited,2011,BERLINALE,0
tt5830060,"no, global tour",2011,BERLINALE,0
tt1638321,idleness,2011,BERLINALE,0
tt1860294,off beat,2011,BERLINALE,0
tt1821561,eighty letters,2011,BERLINALE,0
tt3792210,the residents,2011,BERLINALE,0
tt1817229,night fishing,2011,BERLINALE,0
tt1765995,hairy,2011,BERLINALE,0
tt1153700,the kite,2011,BERLINALE,0
tt1895497,arpeggio ante lucem,2011,BERLINALE,0
tt1870497,pig,2011,BERLINALE,0
tt1440266,pina,2011,BERLINALE,1
tt1895502,planet z,2011,BERLINALE,0
tt1847669,the terrorists,2011,BERLINALE,0
tt1825111,porno melodrama,2011,BERLINALE,0
tt1931592,tides to and fro,2011,BERLINALE,0
tt1858411,broken night,2011,BERLINALE,0
tt1680110,whatsoeverly,2011,BERLINALE,0
tt1833772,ravenboy,2011,BERLINALE,0
tt1895507,doctor rao,2011,BERLINALE,0
tt0803061,red dog,2011,BERLINALE,0
tt1830792,romeos,2011,BERLINALE,0
tt1838650,turkish kraut,2011,BERLINALE,0
tt1821593,bullhead,2011,BERLINALE,1
tt1720213,sabeel,2011,BERLINALE,0
tt1808454,suicide room,2011,BERLINALE,0
tt1686092,"sampaguita, national flower",2011,BERLINALE,0
tt1832453,"come rain, come shine",2011,BERLINALE,0
tt1823744,scenes from the suburbs,2011,BERLINALE,0
tt1822304,sleeping sickness,2011,BERLINALE,0
tt2100624,good morning to the world!!,2011,BERLINALE,0
tt1865503,silver bullets,2011,BERLINALE,0
tt1787797,sing your song,2011,BERLINALE,0
tt1895528,seven days in the woods,2011,BERLINALE,0
tt1699233,skyscraper,2011,BERLINALE,0
tt1839606,sleepless nights stories,2011,BERLINALE,0
tt1808493,spring,2011,BERLINALE,0
tt1827528,harvest,2011,BERLINALE,0
tt1722517,state of violence,2011,BERLINALE,0
tt1895538,stick climbing,2011,BERLINALE,0
tt1885387,stuttgart 21 - think to remember!,2011,BERLINALE,0
tt1440292,submarine,2011,BERLINALE,0
tt1895540,terribly happy,2011,BERLINALE,0
tt1863390,susya,2011,BERLINALE,0
tt1766120,swans,2011,BERLINALE,0
tt1884454,the lost town of switez,2011,BERLINALE,0
tt0371280,crimson gold,2011,BERLINALE,0
tt1422032,even the rain,2011,BERLINALE,0
tt1836940,lost land,2011,BERLINALE,0
tt1695807,the advocate for fagdom,2011,BERLINALE,0
tt1821635,the ballad of genesis and lady jaye,2011,BERLINALE,0
tt1787804,the bengali detective,2011,BERLINALE,0
tt1634898,the big eden,2011,BERLINALE,0
tt1592527,the black power mixtape 1967-1975,2011,BERLINALE,0
tt1270262,the devil's double,2011,BERLINALE,0
tt1738366,the dynamiter,2011,BERLINALE,0
tt1787127,the forgiveness of blood,2011,BERLINALE,0
tt1235170,the future,2011,BERLINALE,0
tt1540133,the guard,2011,BERLINALE,0
tt3450324,the host and the cloud,2011,BERLINALE,0
tt1504320,the king's speech,2011,BERLINALE,0
tt1632641,the legend of beaver dam,2011,BERLINALE,0
tt1211353,the mortician,2011,BERLINALE,0
tt1727875,the queen has no crown,2011,BERLINALE,0
tt1535492,the stool pigeon,2011,BERLINALE,0
tt1667692,thomas,2011,BERLINALE,0
tt1658851,toast,2011,BERLINALE,0
tt1847731,tomboy,2011,BERLINALE,0
tt1895579,tomorrow everything will be alright,2011,BERLINALE,0
tt1868084,tord and tord,2011,BERLINALE,0
tt1885424,kabul dream factory,2011,BERLINALE,0
tt1555149,elite squad 2 - the enemy within,2011,BERLINALE,0
tt1832510,twenty cigarettes,2011,BERLINALE,0
tt1813774,above us only sky,2011,BERLINALE,0
tt1673702,a cat in paris,2011,BERLINALE,1
tt1235855,a mysterious world,2011,BERLINALE,0
tt1885431,under control,2011,BERLINALE,0
tt1836997,utopia ltd.,2011,BERLINALE,0
tt1913193,utopians,2011,BERLINALE,0
tt1624996,vampire,2011,BERLINALE,0
tt1817291,vaterlandsverrater,2011,BERLINALE,0
tt1723120,viva riva!,2011,BERLINALE,0
tt1838560,innocent saturday,2011,BERLINALE,0
tt1663227,wapawekka,2011,BERLINALE,0
tt1837006,you know the park is filled with flowers,2011,BERLINALE,0
tt1671496,"if not us, who",2011,BERLINALE,0
tt1441956,west is west,2011,BERLINALE,0
tt1787837,we were here,2011,BERLINALE,0
tt1709180,woman waiting,2011,BERLINALE,0
tt1504508,yelling to the sky,2011,BERLINALE,0
tt2235823,together,2011,BERLINALE,0
tt1726738,sacrifice,2011,BERLINALE,0
tt8079050,acorn boy,2011,BERLINALE,0
tt1982597,663114,2012,BERLINALE,0
tt2231059,7 deadly kisses,2012,BERLINALE,0
tt2214775,farewell to the frogs,2012,BERLINALE,0
tt1845773,ai weiwei: never sorry,2012,BERLINALE,0
tt2251201,a lazy summer afternoon with mario montez,2012,BERLINALE,0
tt2104115,the last friday,2012,BERLINALE,0
tt2258255,reporting ... a revolution,2012,BERLINALE,0
tt2194497,coming home,2012,BERLINALE,0
tt1961179,the woman in the septic tank,2012,BERLINALE,0
tt2231093,democracy under attack - an intervention,2012,BERLINALE,0
tt2101314,anton corbijn inside out,2012,BERLINALE,0
tt2202379,ararat,2012,BERLINALE,0
tt2056520,arcadia,2012,BERLINALE,0
tt2200975,audre lorde - the berlin years 1984 to 1992,2012,BERLINALE,0
tt2178935,tey,2012,BERLINALE,0
tt1826593,avalon,2011,TIFF,0
tt2221611,soldier / citizen,2012,BERLINALE,0
tt1727396,white deer plain,2012,BERLINALE,0
tt2248685,unruly,2012,BERLINALE,0
tt2251219,just a little,2012,BERLINALE,0
tt2178941,barbara,2012,BERLINALE,0
tt2241025,bardo,2012,BERLINALE,0
tt2008470,being bradford dillman,2012,BERLINALE,0
tt1440732,bel ami,2012,BERLINALE,0
tt2210477,berlin recyclers,2012,BERLINALE,0
tt2125439,bestiaire,2012,BERLINALE,0
tt2136772,negotiating love,2012,BERLINALE,0
tt2248703,brother,2012,BERLINALE,0
tt2193047,brotzmann - that's when the world is mine,2012,BERLINALE,0
tt0111788,bugis street redux,2012,BERLINALE,0
tt2088714,call me kuchu,2012,BERLINALE,0
tt1919013,schoolyard,2012,BERLINALE,0
tt1699745,captive,2012,BERLINALE,0
tt2177511,caesar must die,2012,BERLINALE,0
tt1945062,cherry,2012,BERLINALE,0
tt2241083,chinti,2012,BERLINALE,0
tt2251251,choco,2012,BERLINALE,0
tt1900854,comes a bright day,2012,BERLINALE,0
tt2251267,corrida,2012,BERLINALE,0
tt2210547,crazy dennis tiger,2012,BERLINALE,0
tt2180335,just the wind,2012,BERLINALE,0
tt11941418,the monkey king - uproar in heaven 3d,2012,BERLINALE,0
tt2043822,death for sale,2011,TIFF,0
tt2248741,the little bird and the leaf,2012,BERLINALE,0
tt2201025,detlef,2012,BERLINALE,0
tt1934234,diaz - don't clean up this blood,2012,BERLINALE,0
tt2181893,rhymers and rivals,2012,BERLINALE,0
tt1734428,childish games,2012,BERLINALE,0
tt2207467,the children from the napf,2012,BERLINALE,0
tt2253955,condition,2012,BERLINALE,0
tt2088748,reported missing,2012,BERLINALE,0
tt1745686,the wall,2012,BERLINALE,0
tt1930327,dollhouse,2012,BERLINALE,0
tt1285241,don - the king is back,2012,BERLINALE,0
tt2199337,a woman called yssabeau,2012,BERLINALE,0
tt2139843,electrick children,2012,BERLINALE,0
tt1549589,elles,2011,TIFF,0
tt2199341,i too have a name,2012,BERLINALE,0
tt1276419,a royal affair,2012,BERLINALE,1
tt2199345,"erotic fragments no. 1,2,3",2012,BERLINALE,0
tt2224175,normal school,2012,BERLINALE,0
tt0477302,extremely loud and incredibly close,2012,BERLINALE,1
tt1682186,fon tok kuen fah,2011,TIFF,0
tt1570583,for ellen,2012,BERLINALE,0
tt1990232,formentera,2012,BERLINALE,0
tt1735433,francine,2012,BERLINALE,0
tt2073156,friends after 3.11,2012,BERLINALE,0
tt2086805,from seoul to varanasi,2012,BERLINALE,0
tt2156785,gattu,2012,BERLINALE,0
tt1924462,before tomorrow,2012,BERLINALE,0
tt2238793,"belief, love, death",2012,BERLINALE,0
tt1835980,bliss,2012,BERLINALE,0
tt2179055,mercy,2012,BERLINALE,0
tt2251331,green laser,2012,BERLINALE,0
tt2224217,living / building,2012,BERLINALE,0
tt1506999,haywire,2012,BERLINALE,0
tt2251343,the path of a hare,2012,BERLINALE,0
tt1753899,hemel,2012,BERLINALE,0
tt2210657,highway,2012,BERLINALE,0
tt1661263,"sons of the clouds, the last colony",2012,BERLINALE,0
tt2238797,all hallow's week,2012,BERLINALE,0
tt2215113,winter nomads,2012,BERLINALE,0
tt1998238,heroes,2012,BERLINALE,0
tt2043880,"hot boy noi loan - cau chuyen ve thang cuoi, co gai diem va con vit",2011,TIFF,0
tt1587411,"i, anna",2012,BERLINALE,0
tt2199397,impossible exchange,2012,BERLINALE,0
tt2262483,in the works,2012,BERLINALE,0
tt2077788,indignados,2012,BERLINALE,0
tt1714209,in the land of blood and honey,2012,BERLINALE,0
tt2235561,in the shadow of a man,2012,BERLINALE,0
tt1034314,iron sky,2012,BERLINALE,0
tt2184211,the ice dragon,2012,BERLINALE,0
tt2226423,jaures,2012,BERLINALE,0
tt1781840,jayne mansfield's car,2012,BERLINALE,0
tt2006143,french kids,2012,BERLINALE,0
tt1410063,the flowers of war,2012,BERLINALE,0
tt2041386,julian,2012,BERLINALE,0
tt2186847,karaman,2012,BERLINALE,0
tt2195965,karrabing! low tide turning,2012,BERLINALE,0
tt2085800,choked,2012,BERLINALE,0
tt1776222,kauwboy,2012,BERLINALE,0
tt2073058,postcards from the zoo,2012,BERLINALE,0
tt2011953,keep the lights on,2012,BERLINALE,0
tt1674775,keyhole,2011,TIFF,0
tt2254021,just pretended to hear,2012,BERLINALE,0
tt2258425,the end of puberty,2012,BERLINALE,0
tt2191729,king of comics,2012,BERLINALE,0
tt1815782,the crown jewels,2012,BERLINALE,0
tt2215215,kuma,2012,BERLINALE,0
tt2023555,l,2012,BERLINALE,0
tt1808240,as luck would have it,2012,BERLINALE,0
tt1666318,the delay,2012,BERLINALE,0
tt2120088,atomic age,2012,BERLINALE,0
tt2186873,night of silence,2012,BERLINALE,0
tt2076878,lambs,2012,BERLINALE,0
tt2171815,calm at sea,2012,BERLINALE,0
tt2199441,the blessed,2012,BERLINALE,0
tt2229253,"the virgin, the copts and me",2012,BERLINALE,0
tt2203835,lawinen der erinnerung,2012,BERLINALE,0
tt1754104,leave it on the floor,2011,FRAMELINE,0
tt2062969,sister,2012,BERLINALE,0
tt1753813,farewell my queen,2012,BERLINALE,0
tt2087847,golden slumbers,2012,BERLINALE,0
tt2016228,levi's horse,2012,BERLINALE,0
tt2199457,licuri surf,2012,BERLINALE,0
tt2199435,li.li.ta.al.,2012,BERLINALE,0
tt2199473,loxoro,2012,BERLINALE,0
tt1592556,love is in the air,2012,BERLINALE,0
tt1606384,my way,2012,BERLINALE,0
tt2155337,man for a day,2012,BERLINALE,0
tt2043914,man on ground,2011,TIFF,0
tt2101394,maori boy genius,2012,BERLINALE,0
tt2073029,marina abramovic the artist is present,2012,BERLINALE,0
tt1183919,marley,2012,BERLINALE,0
tt2180473,meteora,2012,BERLINALE,0
tt2170509,mommy is coming,2012,BERLINALE,0
tt2243429,mustafa's sweet dreams,2012,BERLINALE,0
tt2076897,my brother the devil,2012,BERLINALE,0
tt2073039,nani,2012,BERLINALE,0
tt2002743,nono,2012,BERLINALE,0
tt2185431,beauty,2012,BERLINALE,0
tt2199497,nostalgia,2012,BERLINALE,0
tt2238879,look at me again,2012,BERLINALE,0
tt1981675,off white lies,2012,BERLINALE,0
tt2094911,papa's tango,2012,BERLINALE,0
tt2182057,parabeton - pier luigi nervi and roman concrete,2012,BERLINALE,0
tt1784575,the parade,2012,BERLINALE,0
tt1954407,taking chances,2012,BERLINALE,0
tt2245049,modest reception,2012,BERLINALE,0
tt2199553,a night too young,2012,BERLINALE,0
tt1999243,rafa,2012,BERLINALE,0
tt1820488,war witch,2012,BERLINALE,1
tt2246953,rent-a-cat,2012,BERLINALE,0
tt2203881,revision,2012,BERLINALE,0
tt2058684,rodicas,2012,BERLINALE,0
tt2199579,say goodbye to the story (att 1/11),2012,BERLINALE,0
tt2235723,secret,2012,BERLINALE,0
tt1770734,shadow dancer,2012,BERLINALE,0
tt2190397,sharqiya,2012,BERLINALE,0
tt2199593,the lost land,2012,BERLINALE,0
tt2014338,side by side,2012,BERLINALE,0
tt2251491,sleepless knights,2012,BERLINALE,0
tt2185503,snackbar,2012,BERLINALE,0
tt2096610,snow in paradise,2012,BERLINALE,0
tt2238929,sometimes we sit and think and sometimes we just sit,2012,BERLINALE,0
tt1972761,spain,2012,BERLINALE,0
tt2161537,dying not planned for,2012,BERLINALE,0
tt2199611,strauss.ok,2012,BERLINALE,0
tt2106660,supermarket girl,2012,BERLINALE,0
tt2153963,tabu,2012,BERLINALE,0
tt2160369,out off,2012,BERLINALE,0
tt2106671,beyond the hill,2012,BERLINALE,0
tt2235751,the convoy,2012,BERLINALE,0
tt1007029,the iron lady,2012,BERLINALE,1
tt1934427,the mirror never lies,2012,BERLINALE,0
tt1813699,the other chelsea - a story from donetsk,2012,BERLINALE,0
tt2256879,the quiet one,2011,IDFA,0
tt2085986,the reluctant revolutionary,2012,BERLINALE,0
tt2044056,the story of film: an odyssey,2011,TIFF,0
tt2251541,the summit,2012,BERLINALE,0
tt2211097,the wilding,2012,BERLINALE,0
tt1946484,the woman who brushed off her tears,2012,BERLINALE,0
tt2113090,this ain't california,2012,BERLINALE,0
tt2215667,keep me upright,2012,BERLINALE,0
tt2202607,everybody in our family,2012,BERLINALE,0
tt2262351,dragonflies with birds and snake,2012,BERLINALE,0
tt1792643,two little boys,2012,BERLINALE,0
tt2187165,ulrike ottinger - nomad from the lake,2012,BERLINALE,0
tt2184331,una noche,2012,BERLINALE,0
tt2151893,a secret world,2012,BERLINALE,0
tt2191881,among men - gay in east germany,2012,BERLINALE,0
tt2199703,looking out,2012,BERLINALE,0
tt2199705,uzushio - whirling current,2012,BERLINALE,0
tt2215737,fourteen,2012,BERLINALE,0
tt2199709,two ships,2012,BERLINALE,0
tt1444284,vito,2012,BERLINALE,0
tt2088012,punch,2012,BERLINALE,0
tt2180587,home for the weekend,2012,BERLINALE,0
tt2154739,westerland,2012,BERLINALE,0
tt2235811,what is love,2012,BERLINALE,0
tt2187195,wilaya,2012,BERLINALE,0
tt2142055,xingu,2012,BERLINALE,0
tt1625346,young adult,2012,BERLINALE,0
tt2077908,zarafa,2012,BERLINALE,0
tt2258743,tomorrow,2012,BERLINALE,0
tt2199737,zounk!,2012,BERLINALE,0
tt2231711,law and order,2012,BERLINALE,0
tt2920540,"20,000 days on earth",2014,BERLINALE,0
tt3546018,23rd august 2008,2014,BERLINALE,0
tt3467462,3 indian tales,2014,BERLINALE,0
tt3100636,52 tuesdays,2014,BERLINALE,0
tt2614684,'71,2014,BERLINALE,0
tt2184101,above us all,2014,BERLINALE,0
tt3334028,afronauts,2014,BERLINALE,0
tt2381319,afternoon of a faun: tanaquil le clercq,2014,BERLINALE,0
tt3432684,agri and the mountain,2014,BERLINALE,0
tt2751390,life of riley,2014,BERLINALE,0
tt3501000,the second game,2014,BERLINALE,0
tt2494384,aloft,2014,BERLINALE,0
tt0458413,a long way down,2014,BERLINALE,0
tt1800241,american hustle,2014,BERLINALE,1
tt3412858,amma & appa,2014,BERLINALE,0
tt3484576,anderson,2014,BERLINALE,0
tt3454856,anywhere else,2014,BERLINALE,0
tt3500888,another world,2014,BERLINALE,0
tt3522166,scent of revolution,2014,BERLINALE,0
tt3202374,"if you don't, i will",2014,BERLINALE,0
tt3509772,arctic,2014,BERLINALE,0
tt3508112,i'm not angry!,2014,BERLINALE,0
tt3467122,the white roses,2014,BERLINALE,0
tt3400688,atlantida,2014,BERLINALE,0
tt3421398,the rice bomber,2014,BERLINALE,0
tt3469910,"black coal, thin ice",2014,BERLINALE,0
tt3630586,beyond metabolism,2014,BERLINALE,0
tt3420534,ice poison,2014,BERLINALE,0
tt3498046,birds,2014,BERLINALE,0
tt2616810,blind,2014,BERLINALE,0
tt3464886,bosteri beneath the wheel,2014,BERLINALE,0
tt1065073,boyhood,2014,BERLINALE,1
tt2252304,butter on the latch,2014,BERLINALE,0
tt2234003,calvary,2014,BERLINALE,0
tt3386080,scrap yard,2014,BERLINALE,0
tt3252164,castanha,2014,BERLINALE,0
tt2713778,cathedrals of culture,2014,BERLINALE,0
tt1621046,cesar chavez,2014,BERLINALE,0
tt3509416,a dream of iron,2014,BERLINALE,0
tt2530392,the little house,2014,BERLINALE,0
tt1546379,40 days of silence,2014,BERLINALE,0
tt3403776,natural sciences,2014,BERLINALE,0
tt3263690,concerning violence,2014,BERLINALE,0
tt3024466,even cowboys get to cry,2014,BERLINALE,0
tt2593224,in the courtyard,2014,BERLINALE,0
tt3491456,darkroom,2014,BERLINALE,0
tt2650978,the dark valley,2014,BERLINALE,0
tt3488668,the great museum,2014,BERLINALE,0
tt3508830,the decent one,2014,BERLINALE,0
tt3148952,the circle,2014,BERLINALE,0
tt2401181,der samurai,2014,BERLINALE,0
tt2790236,beloved sisters,2014,BERLINALE,0
tt2959292,the innocents,2014,BERLINALE,0
tt2611390,difret,2014,BERLINALE,0
tt3129564,diplomacy,2014,BERLINALE,0
tt3487628,dmd kiu lidt,2014,BERLINALE,0
tt3467038,to thy heart,2014,BERLINALE,0
tt3401962,einstein and einstein,2014,BERLINALE,0
tt3453996,el carro azul,2014,BERLINALE,0
tt3394878,that boy emil,2014,BERLINALE,0
tt2692752,emo (the musical),2014,BERLINALE,0
tt2659512,someone you love,2014,BERLINALE,0
tt3253416,"i don't say goodbye, i say see you soon",2014,BERLINALE,0
tt3538544,everything that rises must converge,2014,BERLINALE,0
tt3497674,happy to be different,2014,BERLINALE,0
tt3509662,holiday,2014,BERLINALE,0
tt2999826,fever,2014,BERLINALE,0
tt3386144,finn,2014,BERLINALE,0
tt3456064,flowers of freedom,2014,BERLINALE,0
tt3522094,the curse of medea,2014,BERLINALE,0
tt1817150,forma,2014,BERLINALE,0
tt3198484,free range,2014,BERLINALE,0
tt2263640,galore,2014,BERLINALE,0
tt2141751,god help the girl,2014,BERLINALE,0
tt3499048,gueros,2014,BERLINALE,0
tt3502318,shadow days,2014,BERLINALE,0
tt2980794,highway,2014,BERLINALE,0
tt3511060,earth's children,2014,BERLINALE,0
tt2690718,history of fear,2014,BERLINALE,0
tt3509910,joy of man's desiring,2014,BERLINALE,0
tt1702014,the way he looks,2014,BERLINALE,0
tt3522760,parasite,2014,BERLINALE,0
tt2113681,the 100-year-old man who climbed out the window and disappeared,2014,BERLINALE,1
tt3458550,my brother's keeper,2014,BERLINALE,0
tt3509848,the goat,2014,BERLINALE,0
tt3471498,asta upset,2014,BERLINALE,0
tt2994962,homeland,2014,BERLINALE,0
tt3509672,"smile, and the world will smile back",2014,BERLINALE,0
tt2978814,quiet bliss,2014,BERLINALE,0
tt3510280,iranian,2014,BERLINALE,0
tt1817287,is the man who is tall happy?,2014,BERLINALE,0
tt3469918,jack,2014,BERLINALE,0
tt1181840,jack and the cuckoo-clock heart,2014,BERLINALE,0
tt3509974,kalle kran,2014,BERLINALE,0
tt3492660,snow hut,2014,BERLINALE,0
tt3341582,the fort,2014,BERLINALE,0
tt2675914,in order of disappearance,2014,BERLINALE,0
tt3465916,stations of the cross,2014,BERLINALE,0
tt3263614,"kumiko, the treasure hunter",2014,BERLINALE,0
tt2363535,seaburners,2014,BERLINALE,0
tt2683694,the lamb,2014,BERLINALE,0
tt2316801,beauty and the beast,2014,BERLINALE,0
tt3498488,laborat,2014,BERLINALE,0
tt3238156,the big house,2014,BERLINALE,0
tt3512290,the honour keeper,2014,BERLINALE,0
tt3476412,guidelines,2014,BERLINALE,0
tt2404914,lamento,2014,BERLINALE,0
tt1702437,last hijack,2014,BERLINALE,0
tt1964860,the third side of the river,2014,BERLINALE,0
tt2258285,two men in town,2014,BERLINALE,0
tt3477546,le beau danger,2014,BERLINALE,0
tt3504542,the kidnapping of michel houellebecq,2014,BERLINALE,0
tt3081106,los angeles,2014,BERLINALE,0
tt3400214,"wolfy, the incredible secret",2014,BERLINALE,0
tt2639344,love is strange,2014,BERLINALE,0
tt3469960,macondo,2014,BERLINALE,0
tt3492590,marc jacobs,2014,BERLINALE,0
tt3242986,the blue wave,2014,BERLINALE,0
tt2658768,the contest,2014,BERLINALE,0
tt2389456,a christmoose story,2014,BERLINALE,0
tt3452126,mike,2014,BERLINALE,0
tt3509982,my friend lage,2014,BERLINALE,0
tt3511094,my own personal moose,2014,BERLINALE,0
tt2950352,nagima,2014,BERLINALE,0
tt3511030,dwarf giant,2014,BERLINALE,0
tt3524578,natural resistance,2014,BERLINALE,0
tt3447450,fog,2014,BERLINALE,0
tt3521744,unknown territory,2014,BERLINALE,0
tt3455822,(work in progress),2014,BERLINALE,0
tt3265218,non-fiction diary,2014,BERLINALE,0
tt3514982,n - the madness of reason,2014,BERLINALE,0
tt3509804,the word,2014,BERLINALE,0
tt3422390,the man of the crowd,2014,BERLINALE,0
tt3509746,om amira,2014,BERLINALE,0
tt2172085,broken hill blues,2014,BERLINALE,0
tt3511104,out of this world,2014,BERLINALE,0
tt3501058,the forest is like the mountains,2014,BERLINALE,0
tt2355771,papilio buddha,2014,BERLINALE,0
tt3502932,brides,2014,BERLINALE,0
tt3358498,person to person,2014,BERLINALE,0
tt1824204,pierrot lunaire,2014,BERLINALE,0
tt3170416,pigs,2014,BERLINALE,0
tt3967458,poetry for sale,2014,BERLINALE,0
tt3517968,journey with prabhat,2014,BERLINALE,0
tt2199543,praia do futuro,2014,BERLINALE,0
tt3498790,schoolyard,2014,BERLINALE,0
tt3478868,joy of man's desiring,2014,BERLINALE,0
tt3030986,quick change,2014,BERLINALE,0
tt3484138,salad days,2014,BERLINALE,0
tt3509998,freedom,2014,BERLINALE,0
tt3413360,spacemen,2014,BERLINALE,0
tt2816822,rhizome,2014,BERLINALE,0
tt3328762,cracks in concrete,2014,BERLINALE,0
tt3500848,little ruddy,2014,BERLINALE,0
tt3466030,seagulls,2014,BERLINALE,0
tt3511120,on stopping the rain,2014,BERLINALE,0
tt3130776,she's lost control,2014,BERLINALE,0
tt3180640,10 minutes,2014,BERLINALE,0
tt7730460,shooting stars remind me of eavesdroppera,2014,BERLINALE,0
tt3509684,sky lines,2014,BERLINALE,0
tt3019440,snowblind,2014,BERLINALE,0
tt3509842,soliton,2014,BERLINALE,0
tt3492802,i can only show you the color,2014,BERLINALE,0
tt2977654,we are mari pepa,2014,BERLINALE,0
tt3478898,souvenir,2014,BERLINALE,0
tt3265096,sprout,2014,BERLINALE,0
tt3348102,stereo,2014,BERLINALE,0
tt3539258,stone cloud,2014,BERLINALE,0
tt3500792,at home,2014,BERLINALE,0
tt1730764,supernova,2014,BERLINALE,0
tt3203054,symphony no.42,2014,BERLINALE,0
tt3456552,scenario,2014,BERLINALE,0
tt1671584,aunt hilda!,2014,BERLINALE,0
tt3492944,as long as shotguns remain,2014,BERLINALE,0
tt3453580,tape_13,2014,BERLINALE,0
tt3493308,taprobana,2014,BERLINALE,0
tt3476724,"the airstrip - decampment of modernism, part iii",2014,BERLINALE,0
tt2316868,the better angels,2014,BERLINALE,0
tt3326262,the dam keeper,2014,BERLINALE,1
tt3077202,the darkside,2014,BERLINALE,0
tt2960450,the galapagos affair: satan came to eden,2014,BERLINALE,0
tt3516976,the guests,2014,BERLINALE,0
tt3504824,the midnight after,2014,BERLINALE,0
tt2322641,the turning,2014,BERLINALE,0
tt1976000,the two faces of january,2014,BERLINALE,0
tt2481276,thou wast mild and lovely,2014,BERLINALE,0
tt3210388,through a lens darkly: black photographers and the emergence of a people,2014,BERLINALE,0
tt3102480,tits,2014,BERLINALE,0
tt2188220,daughters,2014,BERLINALE,0
tt3259474,stratos,2014,BERLINALE,0
tt3481826,top girl or la deformation professionnelle,2014,BERLINALE,0
tt3461274,"to singapore, with love",2014,BERLINALE,0
tt3469964,blind massage,2014,BERLINALE,0
tt2661644,superegos,2014,BERLINALE,0
tt3489334,"and there we are, in the middle",2014,BERLINALE,0
tt2979432,unfriend,2014,BERLINALE,0
tt2950006,noye's fludde,2014,BERLINALE,0
tt3483780,a paradise,2014,BERLINALE,0
tt3509984,vasa,2014,BERLINALE,0
tt3467294,winter morning,2014,BERLINALE,0
tt2474310,land of storms,2014,BERLINALE,0
tt3089904,violet,2014,BERLINALE,0
tt1382237,vulva 3.0,2014,BERLINALE,0
tt3493858,washingtonia,2014,BERLINALE,0
tt3362914,we come as friends,2014,BERLINALE,0
tt2236092,come to my voice,2014,BERLINALE,0
tt3416742,what we do in the shadows,2014,BERLINALE,0
tt1456660,no man´s land,2014,BERLINALE,0
tt3289618,xenos,2014,BERLINALE,0
tt3521442,journey to the west,2014,BERLINALE,0
tt3506934,night flight,2014,BERLINALE,0
tt3511164,the night,2014,BERLINALE,0
tt2707858,yves saint laurent,2014,BERLINALE,0
tt3012834,velvet terrorists,2014,BERLINALE,0
tt2723240,age of cannibals,2014,BERLINALE,0
tt3032028,inbetween worlds,2014,BERLINALE,0
tt4427076,14,2015,BERLINALE,0
tt3544082,45 years,2015,BERLINALE,1
tt3685622,600 miles,2015,BERLINALE,0
tt4658778,acapella,2015,BERLINALE,0
tt4326538,a confession,2015,BERLINALE,0
tt4374460,aferim!,2015,BERLINALE,0
tt3614318,agnes,2015,BERLINALE,0
tt4275772,the sea is behind,2015,BERLINALE,0
tt4253322,"love, theft and other entanglements",2015,BERLINALE,0
tt3306858,as we were dreaming,2015,BERLINALE,0
tt3810248,the valley,2015,BERLINALE,0
tt2741564,angelica,2015,BERLINALE,0
tt3606698,antboy: revenge of the red fury,2015,BERLINALE,0
tt4433660,architektura,2015,BERLINALE,0
tt4118056,absence,2015,BERLINALE,0
tt4117082,so be it,2015,BERLINALE,0
tt4132216,bad at dancing,2015,BERLINALE,0
tt4434336,balikbayan #1 memories of overdevelopment redux iii,2015,BERLINALE,0
tt4794748,out on the street,2015,BERLINALE,0
tt4427060,seashore,2015,BERLINALE,0
tt3835234,ben zaken,2015,BERLINALE,0
tt3904272,bizarre,2015,BERLINALE,0
tt4780804,black president,2015,BERLINALE,0
tt3739624,blood below the skin,2015,BERLINALE,0
tt4291066,b-movie: lust & sound in west-berlin,2015,BERLINALE,0
tt4358230,body,2015,BERLINALE,0
tt3612232,boogaloo and graham,2014,TIFF,1
tt4543548,brazilian dream,2015,BERLINALE,0
tt4071936,breathe umphefumlo,2015,BERLINALE,0
tt4335722,stubborn boy,2015,BERLINALE,0
tt4434204,water path,2015,BERLINALE,0
tt4438810,cancelled faces,2015,BERLINALE,0
tt4434240,catalina and the sun,2015,BERLINALE,0
tt3457376,censored voices,2015,BERLINALE,0
tt4436330,the gulls,2015,BERLINALE,0
tt3867606,"big father, small father and other stories",2015,BERLINALE,0
tt4108740,end of winter,2015,BERLINALE,0
tt4040888,chorus,2015,BERLINALE,0
tt4483262,cinema: a public affair,2015,BERLINALE,0
tt2122313,the circle,2015,BERLINALE,0
tt4077742,chlorine,2015,BERLINALE,0
tt4169360,coach,2015,BERLINALE,0
tt4433886,coming of age,2015,BERLINALE,0
tt3924798,corbo,2014,TIFF,0
tt4462082,counting,2015,BERLINALE,0
tt4082466,daniel's world,2015,BERLINALE,0
tt4161420,dari marusan,2015,BERLINALE,0
tt4190544,daewit,2015,BERLINALE,0
tt4016994,why me?,2015,BERLINALE,0
tt2847438,the bunker,2015,BERLINALE,0
tt4471368,der geldkomplex (the money complex),2015,BERLINALE,0
tt4434192,the little bird and the squirrel,2015,BERLINALE,0
tt4288750,the last summer of the rich,2015,BERLINALE,0
tt4088588,rainbow,2015,BERLINALE,0
tt3790172,the misplaced world,2015,BERLINALE,0
tt3725860,the humanitarians,2015,BERLINALE,0
tt4242936,dissonance,2015,BERLINALE,0
tt4265878,dora or the sexual neuroses of our parents,2015,BERLINALE,0
tt3218368,confetti harvest,2015,BERLINALE,0
tt4434074,driftwood dustmites,2015,BERLINALE,0
tt3570168,dyke hard,2015,BERLINALE,0
tt1702429,eisenstein in guanajuato,2015,BERLINALE,0
tt4377864,the pearl button,2015,BERLINALE,0
tt4375438,the club,2015,BERLINALE,0
tt3257450,the kid,2015,BERLINALE,0
tt4291900,the new man,2015,BERLINALE,0
tt3495644,the fire,2015,BERLINALE,0
tt3457372,elixir,2015,BERLINALE,0
tt4379732,hide & seek,2015,BERLINALE,0
tt1708135,13 minutes,2015,BERLINALE,0
tt5056144,escape from my eyes,2015,BERLINALE,0
tt1707380,every thing will be fine,2015,BERLINALE,0
tt4517578,"exotica, erotica, etc.",2015,BERLINALE,0
tt5760464,face b,2015,BERLINALE,0
tt4290342,fassbinder - to love without demands,2015,BERLINALE,0
tt2322441,fifty shades of grey,2015,BERLINALE,1
tt3749338,flocking,2015,BERLINALE,0
tt4498550,after work,2015,BERLINALE,0
tt4353824,unoccupied,2015,BERLINALE,0
tt4538660,nuclear nation ii,2015,BERLINALE,0
tt4151102,giovanni and the water ballet,2015,BERLINALE,0
tt3440132,golden kingdom,2015,BERLINALE,0
tt4433962,mother virgin no more,2015,BERLINALE,0
tt3812366,ode to my father,2015,BERLINALE,0
tt3666210,h.,2015,BERLINALE,0
tt4434256,gift of my father,2015,BERLINALE,0
tt4503132,prison system 4614,2015,BERLINALE,0
tt4363672,tough love,2015,BERLINALE,0
tt12183304,have you ever killed a bear? or becoming jamila,2015,BERLINALE,0
tt3707396,hedi schneider is stuck,2015,BERLINALE,0
tt4223932,the story of judas,2015,BERLINALE,0
tt3103632,homesick,2015,BERLINALE,0
tt4630478,hosanna,2015,BERLINALE,0
tt4507630,hotline,2015,BERLINALE,0
tt4370256,how to win at checkers (every time),2015,BERLINALE,0
tt4613792,iec long,2015,BERLINALE,0
tt4075804,hand gestures,2015,BERLINALE,0
tt2181814,summers downstairs,2015,BERLINALE,0
tt3203954,the spiderwebhouse,2015,BERLINALE,0
tt3904176,iraqi odyssey,2014,TIFF,0
tt4274224,i remember,2015,BERLINALE,0
tt4135844,ixcanul volcano,2015,BERLINALE,0
tt4426192,my name is annemarie schwarzenbach,2015,BERLINALE,0
tt4131150,river road,2015,BERLINALE,0
tt2711898,diary of a chambermaid,2015,BERLINALE,0
tt4012914,paradise in service,2015,BERLINALE,0
tt3796754,k,2015,BERLINALE,0
tt4286004,"kacey mottet klein, birth of an actor",2015,BERLINALE,0
tt4433800,kamakshi,2015,BERLINALE,0
tt2101383,knight of cups,2015,BERLINALE,0
tt3858912,koza,2015,BERLINALE,0
tt3163238,kumu hina,2014,FRAMELINE,0
tt4079680,the greatest house in the world,2015,BERLINALE,0
tt4396984,the island is enchanted with you,2015,BERLINALE,0
tt4433412,why?,2015,BERLINALE,0
tt4479388,evilness,2015,BERLINALE,0
tt4426842,the mud woman,2015,BERLINALE,0
tt4529866,the night and the kid,2015,BERLINALE,0
tt3841450,portrait of the artist,2015,BERLINALE,0
tt3590226,play time,2015,BERLINALE,0
tt4433664,lembusura,2015,BERLINALE,0
tt4417796,mudimbe's order of things,2015,BERLINALE,0
tt4433966,let's dance: bowie down under,2015,BERLINALE,0
tt2948840,life,2015,BERLINALE,0
tt4433644,3 year 3 month retreat,2015,BERLINALE,0
tt0903657,love & mercy,2014,TIFF,0
tt4434228,the fried fish,2015,BERLINALE,0
tt4434268,maja,2015,BERLINALE,0
tt4433674,schleier,2015,BERLINALE,0
tt4433694,sea of fire,2015,BERLINALE,0
tt3919820,butterfly,2015,BERLINALE,0
tt4434212,air-mail,2015,BERLINALE,0
tt3973656,murder in pacot,2014,TIFF,0
tt4411456,mina walking,2015,BERLINALE,0
tt4093680,my skinny sister,2015,BERLINALE,0
tt3985266,misfits,2015,BERLINALE,0
tt4296022,the voice of water,2015,BERLINALE,0
tt3596492,out of nature,2014,TIFF,0
tt3168230,mr. holmes,2015,BERLINALE,0
tt2735996,nobody wants the night,2015,BERLINALE,0
tt3121332,nasty baby,2015,BERLINALE,0
tt4432144,celestial camel,2015,BERLINALE,0
tt4515662,necktie youth,2015,BERLINALE,0
tt2925768,ned rifle,2014,TIFF,0
tt4466242,until i lose my breath,2015,BERLINALE,0
tt4362358,nelly,2015,BERLINALE,0
tt3607740,nena,2015,BERLINALE,0
tt4401600,nulla nulla,2015,BERLINALE,0
tt4433626,"of stains, scrap & tires",2015,BERLINALE,0
tt3975510,one & two,2015,BERLINALE,0
tt4536494,the blue hour,2015,BERLINALE,0
tt4434010,oscar wilde's the nightingale and the rose,2015,BERLINALE,0
tt3922764,out of my hand,2015,BERLINALE,0
tt3328716,paper planes,2014,TIFF,0
tt4471280,a minor leap down,2015,BERLINALE,0
tt4429126,pebbles at your door,2015,BERLINALE,0
tt4368334,petting zoo,2015,BERLINALE,0
tt4402098,picnic,2015,BERLINALE,0
tt4384398,pioneer heroes,2015,BERLINALE,0
tt4434092,why banana snarls,2015,BERLINALE,0
tt4285198,under electric clouds,2015,BERLINALE,0
tt4434276,spring,2015,BERLINALE,0
tt4161932,prince,2015,BERLINALE,0
tt3993894,queen of earth,2015,BERLINALE,0
tt1837636,queen of the desert,2015,BERLINALE,0
tt3742378,the second mother,2015,BERLINALE,0
tt5537132,fish tail,2015,BERLINALE,0
tt4434226,rosso papavero,2015,BERLINALE,0
tt4355668,tell me mnemosyne,2015,BERLINALE,0
tt2994832,the summer of sangaile,2015,BERLINALE,0
tt2746200,blue blood,2015,BERLINALE,0
tt1020072,selma,2015,BERLINALE,1
tt4433510,shadowland,2015,BERLINALE,0
tt3976280,short skin,2015,BERLINALE,0
tt4211916,like a cast shadow,2015,BERLINALE,0
tt4490460,the wanderings of the fisherman's son,2015,BERLINALE,0
tt4433706,snapshot mon amour,2015,BERLINALE,0
tt4357582,sex:speak,2015,BERLINALE,0
tt3881670,squirrel,2015,BERLINALE,0
tt3951166,stay awake,2015,BERLINALE,0
tt3973612,stories of our lives,2014,TIFF,0
tt4131682,androids dream,2015,BERLINALE,0
tt4454246,superworld,2015,BERLINALE,0
tt4302954,take what you can carry,2015,BERLINALE,0
tt4359416,taxi,2015,BERLINALE,0
tt4176750,tell spring not to come this year,2015,BERLINALE,0
tt3560464,chasuke's journey,2015,BERLINALE,0
tt4471416,twenty-eight nights and a poem,2015,BERLINALE,0
tt3064356,the beat beneath my feet,2015,BERLINALE,0
tt4217668,the days run away like wild horses over the hills,2015,BERLINALE,0
tt3172532,the diary of a teenage girl,2015,BERLINALE,0
tt4215336,the face of ukraine: casting oksana baiul,2015,BERLINALE,0
tt3066630,the forbidden room,2015,BERLINALE,0
tt3521134,the look of silence,2014,TIFF,1
tt4400184,the old man and the bird,2015,BERLINALE,0
tt3263548,the seventh fire,2015,BERLINALE,0
tt4282616,the tie,2015,BERLINALE,0
tt2531282,the yes men are revolting,2014,TIFF,0
tt8009034,this is cosmos,2015,BERLINALE,0
tt4418026,reunion,2015,BERLINALE,0
tt4769042,over the years,2015,BERLINALE,0
tt4379336,a hole in my heart,2015,BERLINALE,0
tt3431798,a german youth,2015,BERLINALE,0
tt4471398,untitled (human mask),2015,BERLINALE,0
tt3646344,sworn virgin,2015,BERLINALE,0
tt4537646,journey into post-history,2015,BERLINALE,0
tt4226388,victoria,2015,BERLINALE,0
tt4356914,videogames,2015,BERLINALE,0
tt4426248,violence,2015,BERLINALE,0
tt2611652,virgin mountain,2015,BERLINALE,0
tt5571912,and on a different note,2015,BERLINALE,0
tt4270874,wanja,2015,BERLINALE,0
tt4434124,wawi,2015,BERLINALE,0
tt4284010,"what happened, miss simone?",2015,BERLINALE,1
tt2404425,woman in gold,2015,BERLINALE,0
tt4144034,wonderful world end,2015,BERLINALE,0
tt2168000,gone with the bullets,2015,BERLINALE,0
tt4471428,"thanatos, drunk",2015,BERLINALE,0
tt3257638,zurich,2015,BERLINALE,0
tt5369484,24 weeks,2016,BERLINALE,0
tt5424898,in the last days of the city,2016,BERLINALE,0
tt9817716,the fourth stage,2016,BERLINALE,0
tt3026488,alone in berlin,2016,BERLINALE,0
tt5065810,aloys,2016,BERLINALE,0
tt5045644,a magical substance flows into me,2016,BERLINALE,0
tt5348550,a man returned,2016,BERLINALE,0
tt4111050,am koelnberg,2016,BERLINALE,0
tt5180284,in your dreams!,2016,BERLINALE,0
tt5314026,another city,2016,BERLINALE,0
tt5457252,time was endless,2016,BERLINALE,0
tt4668860,ants on a shrimp,2016,BERLINALE,0
tt2392830,a quiet passion,2016,BERLINALE,0
tt4650738,much ado about nothing,2016,BERLINALE,0
tt5053188,a road,2016,BERLINALE,0
tt5233510,all of a sudden,2016,BERLINALE,0
tt5095770,before the streets,2016,BERLINALE,0
tt4216890,baden baden,2016,BERLINALE,0
tt5529020,white bird,2016,BERLINALE,0
tt5485874,batrachians' ballad,2016,BERLINALE,0
tt5435084,barakah meets barakah,2016,BERLINALE,0
tt5457626,between fences,2016,BERLINALE,0
tt5225220,berlin metanoia,2016,BERLINALE,0
tt5559726,blind vaysha,2016,BERLINALE,1
tt4780842,boris without beatrice,2016,BERLINALE,0
tt3951190,born to dance,2015,TIFF,0
tt5052670,bring me the head of tim horton,2016,BERLINALE,0
tt5338832,brothers of the night,2016,BERLINALE,0
tt5143016,cafe nagler,2016,BERLINALE,0
tt5125394,"off-road. mugaritz, feeling a way.",2016,BERLINALE,0
tt5202118,carousel,2016,BERLINALE,0
tt4704422,letters from war,2016,BERLINALE,0
tt5374716,chamisso's shadow,2016,BERLINALE,0
tt5470448,crosscurrent,2016,BERLINALE,0
tt4594834,chi-raq,2016,BERLINALE,0
tt4763214,chopping onions,2016,BERLINALE,0
tt4649420,cleverman,2016,BERLINALE,0
tt4005402,colonia,2015,TIFF,0
tt6312944,continuity,2016,BERLINALE,0
tt4900708,creepy,2016,BERLINALE,0
tt4845544,crystal lake,2016,BERLINALE,0
tt5359662,curumim,2016,BERLINALE,0
tt5502972,running waters,2016,BERLINALE,0
tt5277952,the diary of anne frank,2016,BERLINALE,0
tt5424014,deadweight,2016,BERLINALE,0
tt2787570,a serious game,2016,BERLINALE,0
tt5291970,the gdr complex,2016,BERLINALE,0
tt4193400,the people vs. fritz bauer,2015,TIFF,0
tt5038358,news from planet mars,2016,BERLINALE,0
tt5463370,the dreamed ones,2016,BERLINALE,0
tt3341718,the lies of the victors,2016,BERLINALE,0
tt5345756,the audition,2016,BERLINALE,0
tt5460434,the inaccessability of ancient greece and its impact,2016,BERLINALE,0
tt4779036,don't blink: robert frank,2015,IDFA,0
tt5354986,depth two,2016,BERLINALE,0
tt4937156,our last tango,2015,TIFF,0
tt5463378,a dragon arrives!,2016,BERLINALE,0
tt4285496,embrace of the serpent,2015,TIFF,1
tt5039776,the diver,2016,BERLINALE,0
tt5592444,eldorado xxi,2016,BERLINALE,0
tt5525260,eden,2016,BERLINALE,0
tt4332182,fabrizio's initiation,2016,BERLINALE,0
tt5446610,the tenth man,2016,BERLINALE,0
tt5559356,the dreamer,2016,BERLINALE,0
tt5134932,on the roof,2016,BERLINALE,0
tt4917564,fortune favors the brave,2016,BERLINALE,0
tt4176826,look who's back,2016,BERLINALE,0
tt4356104,mellow mud,2016,BERLINALE,0
tt7021208,esiod 2015,2016,BERLINALE,0
tt5559278,summer,2016,BERLINALE,0
tt5372350,"europe, she loves",2016,BERLINALE,0
tt3222890,fantastic,2016,BERLINALE,0
tt6297054,fathy doesn't live here anymore,2016,BERLINALE,0
tt5473902,city of jade,2016,BERLINALE,0
tt4689772,freud and friends,2016,BERLINALE,0
tt3652526,fire at sea,2016,BERLINALE,1
tt4182282,young wrestlers,2016,BERLINALE,0
tt1703957,genius,2016,BERLINALE,0
tt3711622,ghosthunters - on icy trails,2016,BERLINALE,0
tt3955894,girl asleep,2016,BERLINALE,0
tt4437216,goat,2016,BERLINALE,0
tt4667788,"fukushima, mon amour",2016,BERLINALE,0
tt5403488,havarie,2016,BERLINALE,0
tt5447294,hee,2016,BERLINALE,0
tt4842296,a lullaby to the sorrowful mystery,2016,BERLINALE,0
tt5339812,he who eats children,2016,BERLINALE,0
tt5554438,beyond the snowstorm,2016,BERLINALE,0
tt5450084,homo sapiens,2016,BERLINALE,0
tt5465728,10 meter tower,2016,BERLINALE,0
tt5134976,hotel dallas,2016,BERLINALE,0
tt4935190,how heavy this hammer,2015,TIFF,0
tt1369667,me and kaminski,2016,BERLINALE,0
tt5002394,illegitimate,2016,BERLINALE,0
tt4785640,in defense of food,2016,BERLINALE,0
tt4193394,indignation,2016,BERLINALE,0
tt5028530,inertia,2016,BERLINALE,0
tt5011242,hedi,2016,BERLINALE,0
tt5433586,inside the chinese closet,2015,IDFA,0
tt4932736,in the future they ate from the finest porcelain,2016,BERLINALE,0
tt5555498,in the soldier's head,2016,BERLINALE,0
tt3838154,invention,2015,TIFF,0
tt4545724,jacked,2016,BERLINALE,0
tt4741376,miss impossible,2016,BERLINALE,0
tt2953762,"i, olga hepnarova",2016,BERLINALE,0
tt5350358,jonathan,2016,BERLINALE,0
tt5628012,the bacchus lady,2016,BERLINALE,0
tt5140182,junction 48,2016,BERLINALE,0
tt5389642,broken - the woman´s prison at hoheneck,2016,BERLINALE,0
tt5278592,kate plays christine,2016,BERLINALE,0
tt5278598,kiki,2016,BERLINALE,0
tt5340158,kill your dinner,2016,BERLINALE,0
tt5492038,kivalina,2016,BERLINALE,0
tt3082854,the commune,2016,BERLINALE,0
tt5490312,the body is a lonely place,2016,BERLINALE,0
tt5176052,the black frost,2016,BERLINALE,0
tt5425946,piece of land,2016,BERLINALE,0
tt5463510,lantouri,2016,BERLINALE,0
tt2207112,road to istanbul,2016,BERLINALE,0
tt4881534,four corners of a circle,2016,BERLINALE,0
tt5305262,plants,2016,BERLINALE,0
tt4120176,things to come,2016,BERLINALE,0
tt5489976,"lick us, meow, meow!",2016,BERLINALE,0
tt9737182,le corbusier [iiiii] asger jorn [relief],2016,BERLINALE,0
tt4741774,le fils de joseph,2016,BERLINALE,0
tt5561040,the teeny-weeny fox,2016,BERLINALE,0
tt5072542,"the first, the last",2016,BERLINALE,0
tt5490380,those who jump,2016,BERLINALE,0
tt5144374,liebmann,2016,BERLINALE,0
tt5071600,life on the border,2016,BERLINALE,0
tt3876860,lily lane,2016,BERLINALE,0
tt5333580,little doll,2016,BERLINALE,0
tt4919484,little men,2016,BERLINALE,0
tt5452964,don't call me son,2016,BERLINALE,0
tt3471098,maggie's plan,2015,TIFF,0
tt4424228,the patriarch,2016,BERLINALE,0
tt5490996,a maid for each,2016,BERLINALE,0
tt5487716,houses without doors,2016,BERLINALE,0
tt5437138,the tectonic plate,2016,BERLINALE,0
tt5275838,mapplethorpe: look at the pictures,2016,BERLINALE,0
tt4432980,panamerican machinery,2016,BERLINALE,0
tt4277264,my revolution,2016,BERLINALE,0
tt5487360,marupol,2016,BERLINALE,0
tt5352858,meteor street,2016,BERLINALE,0
tt2649554,midnight special,2016,BERLINALE,0
tt0790770,miles ahead,2016,BERLINALE,0
tt5609168,moderation,2016,BERLINALE,0
tt4439784,"molly monster, ted sieger's",2016,BERLINALE,0
tt5444462,moms on fire,2016,BERLINALE,0
tt5748480,muito romantico,2016,BERLINALE,0
tt5559806,mushkie,2016,BERLINALE,0
tt4210112,nakom,2016,BERLINALE,0
tt5525310,national bird,2016,BERLINALE,0
tt4619448,need for meat,2016,BERLINALE,0
tt5561360,neiwa,2016,BERLINALE,0
tt4288518,we are never alone,2016,BERLINALE,0
tt5559238,prelude to the general,2016,BERLINALE,0
tt5561158,nina,2016,BERLINALE,0
tt5087312,ninnoc,2015,IDFA,0
tt4610372,noma - my perfect storm,2016,BERLINALE,0
tt4843072,our legacy,2016,BERLINALE,0
tt13676254,now: end of season,2016,BERLINALE,0
tt4846220,you'll never be alone,2016,BERLINALE,0
tt5467468,a night in tokoriki,2016,BERLINALE,0
tt4625196,the trap,2016,BERLINALE,0
tt5143802,oustaz,2016,BERLINALE,0
tt5289120,pallasseum - invisible city,2016,BERLINALE,0
tt5337568,personne,2016,BERLINALE,0
tt4499186,portrait of a garden,2016,BERLINALE,0
tt3796384,an outpost of progress,2016,BERLINALE,0
tt4937178,p.s. jerusalem,2015,TIFF,0
tt4331970,being 17,2016,BERLINALE,0
tt4729794,the wounded angel,2016,BERLINALE,0
tt5070130,rara,2016,BERLINALE,0
tt5280652,rauf,2016,BERLINALE,0
tt5028880,reluctantly queer,2016,BERLINALE,0
tt1847672,remainder,2016,BERLINALE,0
tt5478876,rio corgo,2016,BERLINALE,0
tt5350800,starless dreams,2016,BERLINALE,0
tt5377278,rudolf thome - flowers everywhere,2016,BERLINALE,0
tt4589186,saint amour,2016,BERLINALE,0
tt5465334,dog days,2016,BERLINALE,0
tt4935068,semele,2015,TIFF,0
tt5559596,without you,2016,BERLINALE,0
tt5013688,shelley,2016,BERLINALE,0
tt4627352,shepherds and butchers,2016,BERLINALE,0
tt5353372,short stay,2016,BERLINALE,0
tt5141656,simon's cat: off to the vet,2016,BERLINALE,0
tt4861720,siv sleeps astray,2016,BERLINALE,0
tt4977492,six cents in the pocket,2016,BERLINALE,0
tt5080796,skatekeet,2015,IDFA,0
tt4466648,death in sarajevo,2016,BERLINALE,0
tt4970552,louis & nolan - the big cheeserace,2016,BERLINALE,0
tt4647482,on the other side,2016,BERLINALE,0
tt2249039,soy nero,2016,BERLINALE,0
tt5360584,spoetnik,2016,BERLINALE,0
tt4957512,starve your dog,2015,TIFF,0
tt4365518,sand storm,2016,BERLINALE,0
tt5474508,ta'ang,2016,BERLINALE,0
tt5105274,take your partners,2016,BERLINALE,0
tt6716094,tales of two who dreamt,2016,BERLINALE,0
tt3800560,tempestad,2016,BERLINALE,0
tt5129578,terra nullius or: how to be a nationalist,2016,BERLINALE,0
tt4882312,the ballad of immortal joe,2015,TIFF,0
tt8009052,the communist revolution was caused by the sun,2016,BERLINALE,0
tt5231798,the end,2016,BERLINALE,0
tt5103864,the illinois parables,2016,BERLINALE,0
tt5494416,the lamps,2016,BERLINALE,0
tt5278868,the lovers and the despot,2016,BERLINALE,0
tt3549206,the music of strangers: yo-yo ma and the silk road ensemble,2015,TIFF,0
tt5096628,paris 05:59,2016,BERLINALE,0
tt4126438,the ones below,2015,TIFF,0
tt5490440,the revolution won't be televised,2016,BERLINALE,0
tt5298558,the seasons in quincy: four portraits of john berger,2016,BERLINALE,0
tt3682044,the singhampton project,2016,BERLINALE,0
tt5029622,toro,2016,BERLINALE,0
tt3995416,dust cloth,2016,BERLINALE,0
tt10690286,transmission from the liberated zones,2016,BERLINALE,0
tt4767340,rag union,2016,BERLINALE,0
tt4379800,trivisa,2016,BERLINALE,0
tt4791372,winds junction,2016,BERLINALE,0
tt2634548,uncle howard,2016,BERLINALE,0
tt5559494,valderama,2016,BERLINALE,0
tt5291702,valentina,2016,BERLINALE,0
tt5375958,doomed love - a journey through german genre films,2016,BERLINALE,0
tt5437010,vintage print,2016,BERLINALE,0
tt5559226,vita lakamaya,2016,BERLINALE,0
tt2011936,humidity,2016,BERLINALE,0
tt5363480,we demand,2016,BERLINALE,0
tt5992118,weekends,2016,BERLINALE,0
tt5290504,who is oda jaune?,2016,BERLINALE,0
tt5131124,what's in the darkness,2016,BERLINALE,0
tt4897822,where to invade next,2015,TIFF,0
tt4851852,while the women are sleeping,2016,BERLINALE,0
tt5486818,who's gonna love me now?,2016,BERLINALE,0
tt5271906,we are the tide,2016,BERLINALE,0
tt5502816,the world of us,2016,BERLINALE,0
tt5358658,my land,2016,BERLINALE,0
tt4898530,the yard,2016,BERLINALE,0
tt5205774,a stroll down sunflower lane,2016,BERLINALE,0
tt5561518,jonas and the sea,2016,BERLINALE,0
tt5446858,zero days,2016,BERLINALE,0
tt5360804,zhaleika,2016,BERLINALE,0
tt5357114,life after life,2016,BERLINALE,0
tt5333110,united states of love,2016,BERLINALE,0
tt5372600,zona norte,2016,BERLINALE,0
tt5285632,zud,2016,BERLINALE,0
tt5815492,1945,2017,BERLINALE,0
tt6988194,1minute of nature,2017,BERLINALE,0
tt8609374,2+2=22 [the alphabet],2017,BERLINALE,0
tt5754602,4 blocks,2017,BERLINALE,0
tt6110822,grandfather,2017,BERLINALE,0
tt7712468,the kali of emergency,2017,BERLINALE,0
tt6511810,high cities of bone,2017,BERLINALE,0
tt5712474,mountain miracle - an unexpected friendship,2017,BERLINALE,0
tt6125690,"ana, mon amour",2017,BERLINALE,0
tt3455126,andre - the voice of wine,2017,BERLINALE,0
tt0997057,an englishman in new york,2017,BERLINALE,0
tt5709536,angry inuk,2017,BERLINALE,0
tt5093984,loving pia,2017,BERLINALE,0
tt5744820,atlantic,2017,BERLINALE,0
tt5726712,at the fork,2017,BERLINALE,0
tt6648718,from a year of non-events,2017,BERLINALE,0
tt6680676,"autumn, autumn",2017,BERLINALE,0
tt6752678,before the flight,2017,BERLINALE,0
tt5339226,back for good,2017,BERLINALE,0
tt6412864,on the beach at night alone,2017,BERLINALE,0
tt5797756,barrage,2017,BERLINALE,0
tt6864496,becoming who i was,2017,BERLINALE,0
tt6496698,belinda,2017,BERLINALE,0
tt6533000,the foolish bird,2017,BERLINALE,0
tt5863950,berlin rebel high school,2017,BERLINALE,0
tt3335606,berlin syndrome,2017,BERLINALE,0
tt6340090,beuys,2017,BERLINALE,0
tt8609368,bickels [socialism],2017,BERLINALE,0
tt4362656,rebel,2017,BERLINALE,0
tt6483356,bones of contention,2017,BERLINALE,0
tt3776518,butterfly kisses,2017,BERLINALE,0
tt5726616,call me by your name,2017,BERLINALE,1
tt6810038,call of cuteness,2017,BERLINALE,0
tt6425836,camera threat,2017,BERLINALE,0
tt5612426,centaur,2017,BERLINALE,0
tt5869620,those who make revolution halfway only dig their own graves,2016,TIFF,0
tt6217664,chavela,2017,BERLINALE,0
tt6541634,chef's table - jeong kwan,2017,BERLINALE,0
tt5791536,my happy family,2017,BERLINALE,0
tt3956334,ciao ciao,2017,BERLINALE,0
tt5824122,small town,2017,BERLINALE,0
tt5446444,colo,2017,BERLINALE,0
tt6389608,fighting through the night,2017,BERLINALE,0
tt5631456,just like our parents,2017,BERLINALE,0
tt5907024,coup de grace,2017,BERLINALE,0
tt6266218,dayveon,2017,BERLINALE,0
tt6620260,if i think of germany at night,2017,BERLINALE,0
tt6988206,the little bird and the caterpillar,2017,BERLINALE,0
tt5538118,the best of all worlds,2017,BERLINALE,0
tt5029776,rabbit school - guardians of the golden egg,2017,BERLINALE,0
tt9737102,dieste [uruguay],2017,BERLINALE,0
tt6551510,dark blue girl,2017,BERLINALE,0
tt6099416,discreet,2017,BERLINALE,0
tt6247936,django,2017,BERLINALE,0
tt6627466,dream boat,2017,BERLINALE,0
tt5895782,strange birds,2017,BERLINALE,0
tt6988178,singing hugo and his incredible adventures,2017,BERLINALE,0
tt4217878,"sex, pity and loneliness",2017,BERLINALE,0
tt5954892,paths,2017,BERLINALE,0
tt6367560,ironhead,2017,BERLINALE,0
tt5121816,the bar,2017,BERLINALE,0
tt4665930,the sea stares at us from afar,2017,BERLINALE,0
tt6483258,adriana's pact,2017,BERLINALE,0
tt7078464,the theatre of disappearance,2017,BERLINALE,0
tt7004698,in search of the land without evil,2017,BERLINALE,0
tt5460068,emo the musical,2017,BERLINALE,0
tt5486556,black head cow,2016,TIFF,0
tt5897636,summer 1993,2017,BERLINALE,0
tt5609734,bye bye germany,2017,BERLINALE,0
tt6996644,everything,2017,BERLINALE,0
tt5980798,felicite,2017,BERLINALE,0
tt4494718,final portrait,2017,BERLINALE,0
tt6485746,final stage,2017,BERLINALE,0
tt6788020,fishing is not done on tuesdays,2017,BERLINALE,0
tt5447962,fluido,2017,BERLINALE,0
tt5119268,for ahkeem,2017,BERLINALE,0
tt5756086,from the balcony,2017,BERLINALE,0
tt6726870,out of season,2017,BERLINALE,0
tt7088562,five stars,2017,BERLINALE,0
tt6820532,gabi,2017,BERLINALE,0
tt5635086,god's own country,2017,BERLINALE,0
tt5687814,golden exits,2017,BERLINALE,0
tt6254678,hand.line.cod.,2016,TIFF,0
tt6451304,have a nice day,2017,BERLINALE,0
tt6500362,headbang lullaby,2017,BERLINALE,0
tt6988216,hedgehog's home,2017,BERLINALE,0
tt6425734,bright nights,2017,BERLINALE,0
tt6045852,honeygiver among the dogs,2017,BERLINALE,0
tt5804038,i am not your negro,2016,TIFF,1
tt7821240,in his room,2017,BERLINALE,0
tt6970378,in a nutshell,2017,BERLINALE,0
tt6497898,insyriated,2017,BERLINALE,0
tt6020104,in times of fading light,2017,BERLINALE,0
tt5688442,isla santa maria 3d,2017,BERLINALE,0
tt6568868,ghost hunting,2017,BERLINALE,0
tt5539474,foreign body,2016,TIFF,0
tt6867528,jazzoo,2017,BERLINALE,0
tt4895628,joaquim,2017,BERLINALE,0
tt6393688,god johogoi,2017,BERLINALE,0
tt0366652,a bride of the seventh heaven,2017,BERLINALE,0
tt5633706,close-knit,2017,BERLINALE,0
tt5334076,inflame,2017,BERLINALE,0
tt6740278,keep that dream burning,2017,BERLINALE,0
tt2137550,"the tundra book. a tale of vukvukai, the little rock.",2017,BERLINALE,0
tt6445264,the comet,2017,BERLINALE,0
tt4353996,the king's choice,2017,BERLINALE,0
tt7420292,we were kings,2017,BERLINALE,0
tt6356970,kontener,2017,BERLINALE,0
tt5688178,the erlprince,2017,BERLINALE,0
tt3801474,kaisa's enchanted forest,2017,BERLINALE,0
tt6684810,devil's freedom,2017,BERLINALE,0
tt8554404,swedish cousin,2017,BERLINALE,0
tt2411144,the queen of spain,2017,BERLINALE,0
tt6316662,le film de l'été,2017,BERLINALE,0
tt1699518,the young karl marx,2017,BERLINALE,0
tt5972166,firefly,2017,BERLINALE,0
tt6641552,li.le,2017,BERLINALE,0
tt2335444,look & see: a portrait of wendell berry,2017,BERLINALE,0
tt6555062,loving lorna,2017,BERLINALE,0
tt6045752,maliglutit (searchers),2016,TIFF,0
tt7133098,mama colonel,2017,BERLINALE,0
tt6656636,martin cries,2017,BERLINALE,0
tt5050904,a prominent patient,2017,BERLINALE,0
tt3721954,maudie,2016,TIFF,0
tt6445290,my wonderful west berlin,2017,BERLINALE,0
tt6333086,menashe,2017,BERLINALE,0
tt6827324,milk,2017,BERLINALE,0
tt6546598,millennials,2017,BERLINALE,0
tt6392492,my gay sister,2017,BERLINALE,0
tt6773084,miss holocaust,2017,BERLINALE,0
tt6453208,railway sleepers,2017,BERLINALE,0
tt5940256,monsieur mayonnaise,2017,BERLINALE,0
tt6337922,morning cowboy,2017,BERLINALE,0
tt6333078,motherland (bayang ina mo),2017,BERLINALE,0
tt4679938,low tide,2017,BERLINALE,0
tt6509862,mr. long,2017,BERLINALE,0
tt6032376,nalu on the border,2017,BERLINALE,0
tt5538568,my entire high school sinking into the sea,2016,TIFF,0
tt6103318,"don't swallow my heart, alligator girl!",2017,BERLINALE,0
tt0100234,close up,2017,BERLINALE,0
tt6484982,newton,2017,BERLINALE,0
tt6532954,in the intense now,2017,BERLINALE,0
tt6027728,not every day is spring,2017,BERLINALE,0
tt5182500,nowhere land,2017,BERLINALE,0
tt6230134,occidental,2017,BERLINALE,0
tt6441052,odd is an egg,2017,BERLINALE,0
tt6635814,open wounds - a journey through german genre films,2017,BERLINALE,0
tt6788034,oh brother octopus,2017,BERLINALE,0
tt5371832,one thousand ropes,2017,BERLINALE,0
tt5647250,on the road,2017,BERLINALE,0
tt6522638,the artificial humors,2017,BERLINALE,0
tt5723028,oskar's america,2017,BERLINALE,0
tt6368132,pendular,2017,BERLINALE,0
tt5778060,little harbour,2017,BERLINALE,0
tt5808778,skins,2017,BERLINALE,0
tt5459730,poi e: the story of our song,2017,BERLINALE,0
tt5328350,spoor,2017,BERLINALE,0
tt5756058,"politics, instructions manual",2016,TIFF,0
tt5642158,january,2017,BERLINALE,0
tt5945286,raving iran,2016,IDFA,0
tt3567194,red dog: true blue,2017,BERLINALE,0
tt5207166,requiem for mrs. j,2017,BERLINALE,0
tt5247776,return to montauk,2017,BERLINALE,0
tt6708818,ex: tangerine dream - sounds from another world,2017,BERLINALE,0
tt6041174,small talk,2017,BERLINALE,0
tt3823116,richard the stork,2017,BERLINALE,0
tt3476694,rifle,2017,BERLINALE,0
tt6486552,green river. the time of the yakurunas,2017,BERLINALE,0
tt6054994,sabaku,2017,BERLINALE,0
tt5348236,the midwife,2017,BERLINALE,0
tt5287168,sami blood,2016,TIFF,0
tt6573942,schumann's bar talk,2017,BERLINALE,0
tt6482130,experimental summer,2017,BERLINALE,0
tt6354108,self-criticism of a bourgeois dog,2017,BERLINALE,0
tt5876724,seven minutes,2017,BERLINALE,0
tt6145072,stonehead,2017,BERLINALE,0
tt6875570,school number 3,2017,BERLINALE,0
tt7307826,a feeling greater than love,2017,BERLINALE,0
tt5584782,seventeen,2017,BERLINALE,0
tt1152712,on the ice,2017,BERLINALE,0
tt7135514,snip,2016,TIFF,0
tt6959620,turtles are always home,2017,BERLINALE,0
tt6142716,soldier,2017,BERLINALE,0
tt6656324,somniloquies,2017,BERLINALE,0
tt7128868,spell reel,2017,BERLINALE,0
tt7133082,spin,2017,BERLINALE,0
tt6859024,streetscapes [dialogue],2017,BERLINALE,0
tt5873150,strong island,2017,BERLINALE,1
tt7005324,studies on the ecology of drama,2017,BERLINALE,0
tt4161056,sume - the sound of a revolution,2017,BERLINALE,0
tt2763304,t2 trainspotting,2017,BERLINALE,0
tt6931830,investigating paradise,2017,BERLINALE,0
tt6570972,simulation,2017,BERLINALE,0
tt6095000,tania libre,2017,BERLINALE,0
tt6366342,tara,2017,BERLINALE,0
tt6523410,ten mornings ten evenings and one horizon,2016,TIFF,0
tt6656164,terrain de jeux,2017,BERLINALE,0
tt6385910,tesoros,2017,BERLINALE,0
tt5607714,on body and soul,2017,BERLINALE,1
tt5331878,theater of life,2017,BERLINALE,0
tt5596034,the bomb,2017,BERLINALE,0
tt6810046,the boy from h2,2017,BERLINALE,0
tt6331482,the brick house,2017,BERLINALE,0
tt6089516,the catch,2017,BERLINALE,0
tt6076008,the crying conch,2017,BERLINALE,0
tt3203620,the dinner,2017,BERLINALE,0
tt6243426,the dress on her,2017,BERLINALE,0
tt4675370,the inland road,2017,BERLINALE,0
tt6765934,the jungle knows you better than you do,2017,BERLINALE,0
tt1212428,the lost city of z,2017,BERLINALE,0
tt5518756,the misandrists,2017,BERLINALE,0
tt5814592,the party,2017,BERLINALE,0
tt6017358,the rabbit hunt,2017,BERLINALE,0
tt6695340,the trial: the state of russia vs oleg sentsov,2017,BERLINALE,0
tt6523586,the welfare of tomas o hallissy,2017,BERLINALE,0
tt6333070,the wound,2017,BERLINALE,0
tt6510634,animals,2017,BERLINALE,0
tt6082614,tiger girl,2017,BERLINALE,0
tt5837618,house in the fields,2017,BERLINALE,0
tt4578050,the legend of timm tyler or the boy who sold his laughter,2017,BERLINALE,0
tt6656618,tinselwood,2017,BERLINALE,0
tt5222918,the other side of hope,2017,BERLINALE,0
tt6012754,owls & mice,2017,BERLINALE,0
tt1929438,ulrike's brain,2017,BERLINALE,0
tt5065762,last days in havana,2017,BERLINALE,0
tt6789090,ulysses in the subway,2017,BERLINALE,0
tt5639354,a fantastic woman,2017,BERLINALE,1
tt6227152,untitled,2017,BERLINALE,0
tt4992620,up in the sky,2017,BERLINALE,0
tt4996954,vaya,2016,TIFF,0
tt4673790,vazante,2017,BERLINALE,0
tt7824750,venus - filly the lesbian little fairy,2017,BERLINALE,0
tt4977530,viceroy's house,2017,BERLINALE,0
tt7004686,volcanoisland,2017,BERLINALE,0
tt6584902,wallay,2017,BERLINALE,0
tt5058014,weirdos,2016,TIFF,0
tt5928396,werewolf,2016,TIFF,0
tt6519762,werner nekes - das leben zwischen den bildern,2017,BERLINALE,0
tt4464270,when the day had no name,2017,BERLINALE,0
tt5790568,white riot: london,2017,BERLINALE,0
tt5376196,wild mouse,2017,BERLINALE,0
tt7004668,lost child,2017,BERLINALE,0
tt5931802,the tokyo night sky is always the densest shade of blue,2017,BERLINALE,0
tt5490470,end of the season,2017,BERLINALE,0
tt1827487,bir zamanlar anadolu'da (once upon a time in anatolia),2011,CANNES,0
tt0780504,drive,2011,CANNES,1
tt1456472,habemus papam,2011,CANNES,0
tt1896753,hanezu no tsuki (hanezu),2011,CANNES,0
tt1445520,hearat shulayim (footnote),2011,CANNES,1
tt1728196,ichimei (hara-kiri: death of a samurai),2011,CANNES,0
tt1660379,l'apollonide - souvenirs de la maison close (house of tolerance),2011,CANNES,0
tt1189073,la piel que habito (the skin i live in),2011,CANNES,0
tt1686067,la source des femmes (the source),2011,CANNES,0
tt1827512,le gamin au velo (the kid with a bike),2011,CANNES,0
tt1508675,le havre,2011,CANNES,0
tt1527186,melancholia,2011,CANNES,0
tt1906426,michael,2011,CANNES,0
tt1906446,pater,2011,CANNES,0
tt1661420,polisse (poliss),2011,CANNES,0
tt1588398,sleeping beauty,2011,CANNES,0
tt1655442,the artist,2011,CANNES,1
tt0478304,the tree of life,2011,CANNES,1
tt1440345,this must be the place,2011,CANNES,0
tt1242460,we need to talk about kevin,2011,CANNES,0
tt1922551,arirang,2011,CANNES,0
tt1913002,bonsai,2011,CANNES,0
tt1925421,elena,2011,CANNES,0
tt1772424,et maintenant on va ou ? (where do we go now?),2011,CANNES,0
tt1780856,halt auf freier strecke (stopped on track),2011,CANNES,0
tt1666168,hors satan,2011,CANNES,0
tt1781843,l'exercice de l'etat (the minister),2011,CANNES,0
tt1852006,les neiges du kilimandjaro (the snows of kilimanjaro),2011,CANNES,0
tt1895466,loverboy,2011,CANNES,0
tt1441326,martha marcy may marlene,2011,CANNES,0
tt1911600,miss bala,2011,CANNES,0
tt1922675,okhotnik (the hunter),2011,CANNES,0
tt1736633,"oslo, 31. august (oslo, august 31st )",2011,CANNES,0
tt1498569,restless,2011,CANNES,0
tt1922721,skoonheid (beauty),2011,CANNES,0
tt1922736,tatsumi,2011,CANNES,0
tt1922561,the day he arrives,2011,CANNES,0
tt1905071,toomelah,2011,CANNES,0
tt1686328,trabalhar cansa (hard labor),2011,CANNES,0
tt1711484,la conquete (the conquest),2011,CANNES,0
tt1815799,les bien-aimes (beloved),2011,CANNES,0
tt1605783,midnight in paris,2011,CANNES,1
tt1321860,the beaver,2011,CANNES,0
tt1890445,labrador (out of bounds),2011,CANNES,0
tt1417086,michel petrucciani,2011,CANNES,0
tt1982848,tamantashar yom (18 days),2011,CANNES,0
tt1922767,tous au larzac (leader-sheep),2011,CANNES,0
tt1926977,al martha lauf (martha must fly),2011,CANNES,0
tt1943662,befetach beity (on my doorstep),2011,CANNES,0
tt1786416,bento monogatari (lunchbox story),2011,CANNES,0
tt1848801,big muddy,2011,CANNES,0
tt1895577,cagey tigers,2011,CANNES,0
tt1941504,der brief (the letter),2011,CANNES,0
tt1941510,drari,2011,CANNES,0
tt2002652,duelo antes da noite (duel before nightfall),2011,CANNES,0
tt2002705,l'estate che non viene (till summer comes),2011,CANNES,0
tt1878970,la fiesta de casamiento (the wedding party),2011,CANNES,0
tt2002779,salsipuedes,2011,CANNES,0
tt1937347,suu et uchikawa (suu and uchikawa),2011,CANNES,0
tt1849121,the agony and sweat of the human spirit,2011,CANNES,0
tt1841599,ya-gan-bi-hang (fly by night),2011,CANNES,0
tt1782395,badpakje 46 (swimsuit 46),2011,CANNES,0
tt1914309,meathead,2011,CANNES,0
tt1602620,amour (love),2012,CANNES,1
tt2368599,baad el mawkeaa (after the battle),2012,CANNES,0
tt1480656,cosmopolis,2012,CANNES,0
tt1989712,da-reun na-ra-e-suh (in another country),2012,CANNES,0
tt2053425,de rouille et d'os (rust and bone),2012,CANNES,0
tt2106670,do-nui mat (the taste of money),2012,CANNES,0
tt2258281,dupa dealuri (beyond the hills),2012,CANNES,0
tt2076220,holy motors,2012,CANNES,0
tt2106476,jagten (the hunt),2012,CANNES,1
tt1764234,killing them softly,2012,CANNES,0
tt1212450,lawless,2012,CANNES,0
tt1843287,like someone in love,2012,CANNES,0
tt1748122,moonrise kingdom,2012,CANNES,1
tt1935179,mud,2012,CANNES,0
tt0337692,on the road,2012,CANNES,0
tt1403214,paradies: liebe (paradise: love),2012,CANNES,0
tt1754367,post tenebras lux,2012,CANNES,0
tt1846487,reality,2012,CANNES,0
tt1924394,the angels' share,2012,CANNES,0
tt1496422,the paperboy,2012,CANNES,0
tt2325741,v tumane (in the fog),2012,CANNES,0
tt1690389,vous n'avez encore rien vu (you ain't seen nothin' yet!),2012,CANNES,0
tt1728686,"11.25 jiketsu no hi, mishima yukio to wakamonotachi (11/25 the day mishima chose his own fate)",2012,CANNES,0
tt1797348,7 dias en la habana (7 days in havana),2012,CANNES,0
tt1660302,a perdre la raison,2012,CANNES,0
tt2099556,antiviral,2012,CANNES,0
tt2125435,beasts of the southern wild,2012,CANNES,1
tt1865335,confession of a child of the century,2012,CANNES,0
tt2368749,despues de lucia,2012,CANNES,0
tt2123230,djeca (children of sarajevo),2012,CANNES,0
tt2132324,elefante blanco (white elephant),2012,CANNES,0
tt2139919,gimme the loot,2012,CANNES,0
tt2369023,la pirogue (the pirogue),2012,CANNES,0
tt2369025,la playa d.c.,2012,CANNES,0
tt1650048,laurence anyways,2012,CANNES,0
tt2008562,le grand soir,2012,CANNES,0
tt2369047,les chevaux de dieu (god's horses),2012,CANNES,0
tt1629715,miss lovely,2012,CANNES,0
tt2150332,renoir,2012,CANNES,0
tt2369333,student,2012,CANNES,0
tt2369497,trois mondes (three worlds),2012,CANNES,0
tt1277953,madagascar 3: europe's most wanted,2012,CANNES,0
tt1205487,mull im garten eden (polluting paradise),2012,CANNES,0
tt2401099,trashed,2012,CANNES,0
tt2172154,abigail,2012,CANNES,0
tt2172090,doroga na (the road to),2012,CANNES,0
tt2391009,head over heels,2012,CANNES,1
tt2172132,les ravissements (the raptures),2012,CANNES,0
tt2172194,los anfitriones (the hosts),2012,CANNES,0
tt2172044,matteus,2012,CANNES,0
tt2084063,pude ver un puma (could see a puma),2012,CANNES,0
tt2172048,resen (dog leash),2012,CANNES,0
tt1990313,riyoushi (the barber),2012,CANNES,0
tt2145780,slug invasion,2012,CANNES,0
tt2172062,tabara din razoare (the camp in razoare),2012,CANNES,0
tt2231547,tambylles,2012,CANNES,0
tt2172200,terra (land),2012,CANNES,0
tt2091974,the ballad of finn + yeti,2012,CANNES,0
tt2368875,gasp,2012,CANNES,0
tt2400275,adieu au langage (goodbye to language),2014,CANNES,0
tt2326612,captives,2014,CANNES,0
tt2737050,"deux jours, une nuit",2014,CANNES,1
tt1100089,foxcatcher,2014,CANNES,1
tt3230162,futatsume no mado,2014,CANNES,0
tt3110960,jimmy's hall,2014,CANNES,0
tt3044244,le meraviglie (the wonders),2014,CANNES,0
tt2802154,leviathan,2014,CANNES,1
tt2172584,maps to the stars,2014,CANNES,0
tt3612616,mommy,2014,CANNES,0
tt2473794,mr. turner,2014,CANNES,1
tt3011894,relatos salvajes,2014,CANNES,1
tt2707848,saint laurent,2014,CANNES,0
tt2452254,sils maria,2014,CANNES,0
tt2398231,the homesman,2014,CANNES,0
tt2177827,the search,2014,CANNES,0
tt3409392,timbuktu,2014,CANNES,1
tt2758880,winter sleep,2014,CANNES,0
tt3244512,charlie's country,2014,CANNES,0
tt2844798,feher isten (white god),2014,CANNES,0
tt3314376,hermosa juventud (beautiful youth ),2014,CANNES,0
tt3510452,incompresa (misunderstood),2014,CANNES,0
tt3230082,la chambre bleue (the blue room),2014,CANNES,0
tt3675236,loin de mon pere (that lovely girl),2014,CANNES,0
tt2366608,lost river,2014,CANNES,0
tt3660370,party girl,2014,CANNES,0
tt2375473,run,2014,CANNES,0
tt2147521,snow in paradise,2014,CANNES,0
tt3674140,the salt of the earth,2014,CANNES,1
tt3019620,titli,2014,CANNES,0
tt2121382,turist,2014,CANNES,0
tt2095649,grace de monaco (grace of monaco),2014,CANNES,0
tt3675466,"eau argentee, syrie autoportrait (silvered water, syria self-portrait)",2014,CANNES,0
tt1384925,el ardor,2014,CANNES,0
tt3565174,geronimo,2014,CANNES,0
tt1640718,kahlil gibran's the prophet,2014,CANNES,0
tt3703932,les gens du monde,2014,CANNES,0
tt3495794,les ponts de sarajevo (bridges of sarajevo),2014,CANNES,0
tt3675486,maidan,2014,CANNES,0
tt3704008,of men and war,2014,CANNES,0
tt3264102,red army,2014,CANNES,0
tt3672768,last trip home,2014,CANNES,0
tt3672906,les oiseaux-tonnerre (thunderbirds),2014,CANNES,0
tt3672888,leto bez meseca (moonless summer),2014,CANNES,0
tt3672912,lievito madre (sourdough),2014,CANNES,0
tt3672834,niagara,2014,CANNES,0
tt3672676,our blood,2014,CANNES,0
tt3509914,provincia,2014,CANNES,0
tt3438990,skunk,2014,CANNES,0
tt3672896,soom (breath),2014,CANNES,0
tt3020614,stone cars,2014,CANNES,0
tt3610188,the bigger picture,2014,CANNES,1
tt3672874,the visit,2014,CANNES,0
tt3672816,une vie radieuse (a radiant life),2014,CANNES,0
tt3672622,aissa,2014,CANNES,0
tt3654074,ja vi elsker (yes we love),2014,CANNES,0
tt3672606,leidi,2014,CANNES,0
tt2402927,carol,2015,CANNES,1
tt3850496,chronic,2015,CANNES,0
tt4082068,dheepan,2015,CANNES,0
tt3278330,il racconto dei racconti (tale of tales),2015,CANNES,0
tt4428814,la loi du marche (the measure of a man),2015,CANNES,0
tt2217859,louder than bombs,2015,CANNES,0
tt4428800,marguerite & julien,2015,CANNES,0
tt3013610,mia madre (my mother),2015,CANNES,0
tt3478962,mon roi,2015,CANNES,0
tt3508840,nie yinniang (the assassin),2015,CANNES,0
tt3808342,saul fia (son of saul),2015,CANNES,1
tt3740778,shan he gu ren (mountains may depart),2015,CANNES,0
tt3397884,sicario,2015,CANNES,1
tt3464902,the lobster,2015,CANNES,1
tt3450900,the sea of trees,2015,CANNES,0
tt3756788,umimachi diary (our little sister),2015,CANNES,0
tt4120210,valley of love,2015,CANNES,0
tt3312830,youth,2015,CANNES,1
tt3685554,alias maria (alias maria),2015,CANNES,0
tt4298958,an,2015,CANNES,0
tt4636068,chauthi koot (the fourth direction),2015,CANNES,0
tt4515684,comoara (the treasure),2015,CANNES,0
tt3296658,hrutar (rams),2015,CANNES,0
tt4485178,je suis un soldat (i am a soldier),2015,CANNES,0
tt4173478,kishibe no tabi (journey to the shore),2015,CANNES,0
tt4130944,lamb,2015,CANNES,0
tt4636042,las elegidas (the chosen ones),2015,CANNES,0
tt4636074,madonna,2015,CANNES,0
tt4085084,maryland (disorder),2015,CANNES,0
tt4635372,masaan,2015,CANNES,0
tt4636046,nahid,2015,CANNES,0
tt2818654,rak ti khon kaen (cemetery of splendour),2015,CANNES,0
tt4636000,taklub,2015,CANNES,0
tt4610244,the other side,2015,CANNES,0
tt4620316,un etaj mai jos (one floor below),2015,CANNES,0
tt4593108,zvizdan (the high sun),2015,CANNES,0
tt2870648,amy,2015,CANNES,1
tt2096673,inside out,2015,CANNES,1
tt3715320,irrational man,2015,CANNES,0
tt4466550,la glace et le ciel (ice and the sky),2015,CANNES,0
tt3791302,la tete haute (standing tall),2015,CANNES,0
tt3774694,love,2015,CANNES,0
tt1754656,the little prince,2015,CANNES,0
tt1135989,a tale of love and darkness,2015,CANNES,0
tt3774092,amnesia,2015,CANNES,0
tt4357368,asphalte (macadam stories),2015,CANNES,0
tt4676506,oka (our house),2015,CANNES,0
tt2933004,panama,2015,CANNES,0
tt4062208,une histoire de fou (don't tell me the boy was mad),2015,CANNES,0
tt4544574,abwesend (absent),2015,CANNES,0
tt4627156,anfibio (amphibian),2015,CANNES,0
tt4636314,asara rehovot mea etsim (ten buildings away),2015,CANNES,0
tt4596846,el ser magnetico (the magnetic nature),2015,CANNES,0
tt4290994,het paradijs (paradise),2015,CANNES,0
tt4636178,koshtargah (slaughterhouse),2015,CANNES,0
tt4636232,leonardo,2015,CANNES,0
tt4636310,les chercheurs (the wheel of emotions),2015,CANNES,0
tt4636302,locas perdidas (lost queens),2015,CANNES,0
tt4636194,manoman,2015,CANNES,0
tt4610638,retriever,2015,CANNES,0
tt4632930,ri guang zhi xia (under the sun),2015,CANNES,0
tt4266370,share,2015,CANNES,0
tt4607670,the return of erkin,2015,CANNES,0
tt4636304,tsunami,2015,CANNES,0
tt4636204,victor xx,2015,CANNES,0
tt4419794,ave maria,2015,CANNES,1
tt4459014,copain (buddy),2015,CANNES,0
tt4636108,le repas dominical (sunday lunch),2015,CANNES,0
tt3905212,love is blind,2015,CANNES,0
tt4460598,patriot,2015,CANNES,0
tt4596826,presente imperfecto (present imperfect),2015,CANNES,0
tt4608516,sali (tuesday),2015,CANNES,0
tt5652594,voyage a travers le cinema francais,2016,CANNES,0
tt0104454,howards end,2016,CANNES,0
tt5109326,the cinema travellers,2016,CANNES,0
tt5721734,cinema novo,2016,CANNES,0
tt5563254,close encounters with vilmos zsigmond,2016,CANNES,0
tt5721744,et la femme crea hollywood,2016,CANNES,0
tt5721732,bernadette lafont et dieu crea la femme libre,2016,CANNES,0
tt5651050,bright lights: starring carrie fisher and debbie reynolds,2016,CANNES,0
tt3721936,american honey,2016,CANNES,0
tt5221584,aquarius,2016,CANNES,0
tt4936450,bacalaureat,2016,CANNES,0
tt3716530,elle,2016,CANNES,1
tt5186714,forushande,2016,CANNES,1
tt5168192,"i, daniel blake",2016,CANNES,0
tt4326444,julieta,2016,CANNES,0
tt4645368,juste la fin du monde,2016,CANNES,0
tt4630550,la fille inconnue,2016,CANNES,0
tt4669986,loving,2016,CANNES,1
tt4726636,ma loute,2016,CANNES,0
tt5638094,ma' rosa,2016,CANNES,0
tt3794028,mal de pierres,2016,CANNES,0
tt5247022,paterson,2016,CANNES,0
tt4714782,personal shopper,2016,CANNES,0
tt5231812,rester vertical,2016,CANNES,0
tt4466490,sieranevada,2016,CANNES,0
tt3286560,the last face,2016,CANNES,0
tt4048272,toni erdmann,2016,CANNES,1
tt4660736,apprentice,2016,CANNES,0
tt5088794,caini,2016,CANNES,0
tt3553976,captain fantastic,2016,CANNES,1
tt5599692,eshtebak,2016,CANNES,0
tt5182856,fuchi ni tatsu,2016,CANNES,0
tt2582782,hell or high water,2016,CANNES,1
tt4771932,hymyileva mies,2016,CANNES,0
tt4632440,la danseuse,2016,CANNES,0
tt5623224,la larga noche de francisco sanctis,2016,CANNES,0
tt3666024,la tortue rouge,2016,CANNES,1
tt5695672,me'ever laharim vehagvaot,2016,CANNES,0
tt5695668,omor shakhsiya,2016,CANNES,0
tt4017052,pericle il nero,2016,CANNES,0
tt5039088,the transfiguration,2016,CANNES,0
tt4874206,uchenik,2016,CANNES,0
tt4699444,voir du pays,2016,CANNES,0
tt3647498,blood father,2016,CANNES,0
tt4513674,cafe society,2016,CANNES,0
tt1714917,gimme danger,2016,CANNES,0
tt5215952,goksung,2016,CANNES,0
tt1781827,hands of stone,2016,CANNES,0
tt2241351,money monster,2016,CANNES,0
tt3691740,the bfg,2016,CANNES,0
tt3799694,the nice guys,2016,CANNES,0
tt5671808,ailleurs,2016,CANNES,0
tt5719364,aram,2016,CANNES,0
tt5605562,dobro,2016,CANNES,0
tt5719098,gabber lover,2016,CANNES,0
tt5719378,gudh,2016,CANNES,0
tt5645190,la santa che dorme,2016,CANNES,0
tt5656648,submarine,2016,CANNES,0
tt5635816,the alan dimension,2016,CANNES,0
tt5719046,all rivers run to the sea,2016,CANNES,0
tt6135348,120 battements par minute,2017,CANNES,0
tt5723272,aus dem nichts,2017,CANNES,0
tt6462506,geu-hu,2017,CANNES,0
tt4846232,good time,2017,CANNES,0
tt5304464,happy end,2017,CANNES,0
tt6165792,hikari,2017,CANNES,0
tt5618752,krotkaya,2017,CANNES,0
tt6367558,l'amant double,2017,CANNES,0
tt5687334,le redoutable,2017,CANNES,0
tt6304162,nelyubov,2017,CANNES,1
tt5771710,rodin,2017,CANNES,0
tt5592248,the beguiled,2017,CANNES,0
tt5715874,the killing of a sacred deer,2017,CANNES,0
tt5536736,the meyerowitz stories (new and selected),2017,CANNES,0
tt4995790,the square,2017,CANNES,1
tt5208216,wonderstruck,2017,CANNES,0
tt5742374,you were never really here,2017,CANNES,0
tt6411984,barbara,2017,CANNES,0
tt6155960,dopo la guerra (apres la guerre),2017,CANNES,0
tt6226610,en attendant les hirondelles,2017,CANNES,0
tt6306400,fortunata,2017,CANNES,0
tt5598160,jeune femme,2017,CANNES,0
tt6047298,la cordillera,2017,CANNES,0
tt6147512,la novia del desierto,2017,CANNES,0
tt6397762,las hijas de abril,2017,CANNES,0
tt6838570,lu guo wei lai,2017,CANNES,0
tt6467968,posoki,2017,CANNES,0
tt5999530,sanpo suru shinryakusha,2017,CANNES,0
tt6777056,tesnota,2017,CANNES,0
tt5157326,western,2017,CANNES,0
tt5362988,wind river,2017,CANNES,0
tt4080956,a prayer before dawn,2017,CANNES,0
tt6777370,bulhandang,2017,CANNES,0
tt5893264,d'apres une histoire vraie,2017,CANNES,0
tt5687040,les fantomes d'ismael,2017,CANNES,0
tt5084170,mugen no junin,2017,CANNES,0
tt7008140,ben mamshich,2017,CANNES,0
tt6907472,deux egares sont morts,2017,CANNES,0
tt6801720,give up the ghost,2017,CANNES,0
tt6899896,lathatatlanul,2017,CANNES,0
tt6771818,lejla,2017,CANNES,0
tt8787594,pequeno manifiesto en contra del cine solemne,2017,CANNES,0
tt5923078,tokeru,2017,CANNES,0
tt7619684,vazio do lado de fora,2017,CANNES,0
tt6771978,wild horses,2017,CANNES,0
tt6775428,a drowning man,2017,CANNES,0
tt5959972,across my land,2017,CANNES,0
tt6881372,damiana,2017,CANNES,0
tt6770178,katto,2017,CANNES,0
tt8667938,koniec widzenia,2017,CANNES,0
tt6645418,lunch time,2017,CANNES,0
tt7057890,pepe le morse,2017,CANNES,0
tt6674222,push it,2017,CANNES,0
tt7003952,xiao cheng er yue,2017,CANNES,0
tt6777114,12 jours,2017,CANNES,0
tt6777170,24 frames,2017,CANNES,0
tt6322922,an inconvenient sequel: truth to power,2017,CANNES,0
tt5968238,come swim,2017,CANNES,0
tt6777248,demons in paradise,2017,CANNES,0
tt6642870,le venerable w.,2017,CANNES,0
tt6777212,napalm,2017,CANNES,0
tt6012792,nos annees folles,2017,CANNES,0
tt6777306,sea sorrow,2017,CANNES,0
tt5873216,they,2017,CANNES,0
tt5024708,top of the lake: china girl,2017,CANNES,0
tt5334704,twin peaks,2017,CANNES,0
tt5313906,zombillenium,2017,CANNES,0
tt0112442,bad boys,2017,CANNES,0
tt6814914,djam,2017,CANNES,0
tt0156248,un 32 aout sur terre,2017,CANNES,0
tt6847792,yol - the full version,2017,CANNES,0
tt0105438,quince tree of the sun,2014,IDFA,0
tt1632664,to the marriage of true minds,2011,FRAMELINE,0
tt1696557,lady pochoir,2011,FRAMELINE,0
tt1605721,gen silent,2011,FRAMELINE,0
tt0135785,"attendant, the",2017,FRAMELINE,0
tt6311936,bayard & me,2017,FRAMELINE,0
tt6303866,beach rats,2017,FRAMELINE,0
tt6150942,becks,2017,FRAMELINE,0
tt6171960,behind the curtain: todrick hall,2017,FRAMELINE,0
tt6090924,better known as peaches christ,2017,FRAMELINE,0
tt5849984,bird of prey,2017,FRAMELINE,0
tt5612190,"blondes, the",2017,FRAMELINE,0
tt1830607,genderbusters,2011,FRAMELINE,0
tt5143892,bobbyanna,2017,FRAMELINE,0
tt3529098,"book of gabrielle, the",2017,FRAMELINE,0
tt5119448,bootwmn,2017,FRAMELINE,0
tt4664274,britney-holics anonymous: a spear-itual awakening,2017,FRAMELINE,0
tt0290498,by hook or by crook,2017,FRAMELINE,0
tt5480864,cake,2017,FRAMELINE,0
tt1866969,generations,2011,FRAMELINE,0
tt6080264,call your father,2017,FRAMELINE,0
tt6589264,carol support group,2017,FRAMELINE,0
tt4932154,center of my world,2017,FRAMELINE,0
tt6543316,chromosome sweetheart,2017,FRAMELINE,0
tt6052300,climax,2017,FRAMELINE,0
tt6504812,"colour of his hair, the",2017,FRAMELINE,0
tt5529666,creating gender inclusive schools,2017,FRAMELINE,0
tt5753860,cruising elsewhere,2017,FRAMELINE,0
tt5585718,curmudgeons,2017,FRAMELINE,0
tt4197642,"date for mad mary, a",2017,FRAMELINE,0
tt5974050,dating my mother,2017,FRAMELINE,0
tt5505972,"david, in brief",2017,FRAMELINE,0
tt5233558,"death and life of marsha p. johnson, the",2017,FRAMELINE,0
tt0089015,desert hearts,2017,FRAMELINE,0
tt6217522,dispatches from cleveland,2017,FRAMELINE,0
tt6436348,dusk,2017,FRAMELINE,0
tt1838540,gillian,2011,FRAMELINE,0
tt6003978,encuentro,2017,FRAMELINE,0
tt6350356,"escape hatch, the",2017,FRAMELINE,0
tt5780742,escaping agra,2017,FRAMELINE,0
tt5871988,etage x,2017,FRAMELINE,0
tt6408694,exchange,2017,FRAMELINE,0
tt5005862,extra terrestrials,2017,FRAMELINE,0
tt4704904,"fabulous allan carr, the",2017,FRAMELINE,0
tt5831402,"feels, the",2017,FRAMELINE,0
tt2779940,"girl bunnies. big tree., the",2011,FRAMELINE,0
tt5630774,first love,2017,FRAMELINE,0
tt5089534,freak show,2017,FRAMELINE,0
tt5496184,"gay and wondrous life of caleb gallo, episode 4, the",2017,FRAMELINE,0
tt5875684,get the life,2017,FRAMELINE,0
tt6089930,half a life,2017,FRAMELINE,0
tt5996304,haygood eats,2017,FRAMELINE,0
tt1827422,girl scouting,2011,FRAMELINE,0
tt3710966,hello again,2017,FRAMELINE,0
tt5996718,hot to trot,2017,FRAMELINE,0
tt3278224,i dream in another language,2017,FRAMELINE,0
tt6153324,imago,2017,FRAMELINE,0
tt6090944,intersection,2017,FRAMELINE,0
tt6166990,jesus is dead,2017,FRAMELINE,0
tt4838248,just charlie,2017,FRAMELINE,0
tt6897810,lady eva,2017,FRAMELINE,0
tt6701054,last night was a mistake,2017,FRAMELINE,0
tt1682973,"glitter emergency, the",2011,FRAMELINE,0
tt2891456,"lavender scare, the",2017,FRAMELINE,0
tt1490017,"lego movie, the",2017,FRAMELINE,1
tt3839602,"letter, the",2017,FRAMELINE,0
tt6143986,little potato,2017,FRAMELINE,0
tt0095545,looking for langston,2017,FRAMELINE,0
tt4777250,love,2017,FRAMELINE,0
tt6027344,mansfield 66/67,2017,FRAMELINE,0
tt6088928,marz,2017,FRAMELINE,0
tt6259890,maybe tomorrow,2017,FRAMELINE,0
tt6367326,"mess he made, the",2017,FRAMELINE,0
tt1599296,going down in la-la land,2011,FRAMELINE,0
tt4109632,"million happy nows, a",2017,FRAMELINE,0
tt4820680,more than god,2017,FRAMELINE,0
tt7521370,more than t,2017,FRAMELINE,0
tt6304090,muxes,2017,FRAMELINE,0
tt2291540,my friend dahmer,2017,FRAMELINE,0
tt5952720,no dress code required,2017,FRAMELINE,0
tt3810810,nobody’s watching,2017,FRAMELINE,0
tt8825306,ocean swells,2017,FRAMELINE,0
tt7831030,one night only,2017,FRAMELINE,0
tt1628042,gone,2011,FRAMELINE,0
tt8395626,open recess,2017,FRAMELINE,0
tt5866642,"other side, the",2017,FRAMELINE,0
tt6933186,our second first date,2017,FRAMELINE,0
tt5840276,pedro,2017,FRAMELINE,0
tt6467222,picking up,2017,FRAMELINE,0
tt6025150,plus one,2017,FRAMELINE,0
tt5019254,pria,2017,FRAMELINE,0
tt6053440,princess cyd,2017,FRAMELINE,0
tt5241538,"prom king, 2010",2017,FRAMELINE,0
tt6125590,queer ghost hunters pt. 1,2017,FRAMELINE,0
tt6094970,rebels on pointe,2017,FRAMELINE,0
tt4459982,remembering the man,2017,FRAMELINE,0
tt6088920,rusalka,2017,FRAMELINE,0
tt5654600,saturday church,2017,FRAMELINE,0
tt6577814,screwed,2017,FRAMELINE,0
tt5697078,sensitivity training,2017,FRAMELINE,0
tt1563660,great expectations,2011,FRAMELINE,0
tt5736794,shape up: gay in the black barbershop,2017,FRAMELINE,0
tt5529712,sign,2017,FRAMELINE,0
tt5328952,signature move,2017,FRAMELINE,0
tt4675846,snapshot,2017,FRAMELINE,0
tt5529618,"streets are ours: two lives cross in karachi, the",2017,FRAMELINE,0
tt6673576,stumped,2017,FRAMELINE,0
tt6992850,superheroes,2017,FRAMELINE,0
tt1720263,"green, the",2011,FRAMELINE,0
tt3186742,tits.,2017,FRAMELINE,0
tt5226984,tom of finland,2017,FRAMELINE,0
tt5940370,torrey pines,2017,FRAMELINE,0
tt5134750,transit havana,2017,FRAMELINE,0
tt6151222,"untold tales of armistead maupin, the",2017,FRAMELINE,0
tt5757172,walk for me,2017,FRAMELINE,0
tt1789065,"grove, the",2011,FRAMELINE,0
tt5563330,whitney. “can i be me”,2017,FRAMELINE,0
tt4991812,woman on fire,2017,FRAMELINE,0
tt5769546,"women’s bathroom project, the",2017,FRAMELINE,0
tt6236310,you’ve got tail,2017,FRAMELINE,0
tt1525838,gun hill road,2011,FRAMELINE,0
tt1859495,hannah and the hasbian,2011,FRAMELINE,0
tt1680711,henry & anthony,2011,FRAMELINE,0
tt1673499,"high level bridge, the",2011,FRAMELINE,0
tt1855384,"hike, the",2011,FRAMELINE,0
tt1796503,hit so hard,2011,FRAMELINE,0
tt1674068,i am,2011,FRAMELINE,0
tt1995329,i want your love,2011,FRAMELINE,0
tt2287781,i was a teenage werebear,2011,FRAMELINE,0
tt1651087,i'm in the mood for love,2011,FRAMELINE,0
tt1838701,"in-between, the",2011,FRAMELINE,0
tt2316797,"interview, the",2011,FRAMELINE,0
tt1628750,irma,2011,FRAMELINE,0
tt1832998,it was like that,2011,FRAMELINE,0
tt1821650,"itch, the",2011,FRAMELINE,0
tt1845239,james dean,2011,FRAMELINE,0
tt1718807,jamie and jessie are not together,2011,FRAMELINE,0
tt1242642,judas kiss,2011,FRAMELINE,0
tt1754277,kawa,2011,FRAMELINE,0
tt1595003,the kiss,2011,FRAMELINE,0
tt1611019,daniel schmid — le chat qui pense,2011,FRAMELINE,0
tt1792581,"last fast ride - the life, love and death of a punk goddess",2011,FRAMELINE,0
tt1462053,leading ladies,2011,FRAMELINE,0
tt1817199,lek and the waterboy,2011,FRAMELINE,0
tt1728978,longhorns,2011,FRAMELINE,0
tt1564852,loop planes,2011,FRAMELINE,0
tt1821524,love is all you need?,2011,FRAMELINE,0
tt1828234,lunchtime,2011,FRAMELINE,0
tt1722606,lust life,2011,FRAMELINE,0
tt1881003,making christmas: the view from the tom and jerry christmas tree,2011,FRAMELINE,0
tt1571406,mangus!,2011,FRAMELINE,0
tt1862049,maya deren's sink,2011,FRAMELINE,0
tt1850403,miserable animals,2011,FRAMELINE,0
tt1617137,motel san fernando,2011,FRAMELINE,0
tt1693761,ms. thing,2011,FRAMELINE,0
tt0087755,"muppets take manhattan, the",2011,FRAMELINE,0
tt1826775,nice shirt,2011,FRAMELINE,0
tt1789074,"night watch, the",2011,FRAMELINE,0
tt1748135,no direction,2011,FRAMELINE,0
tt1664007,one on one,2011,FRAMELINE,0
tt1681371,"one, the",2011,FRAMELINE,0
tt1757830,orchids: my intersex adventure,2011,FRAMELINE,0
tt7513000,"other parade, the",2011,FRAMELINE,0
tt1717183,our compass,2011,FRAMELINE,0
tt1816568,legally challenged,2011,FRAMELINE,0
tt1664760,our wedding,2011,FRAMELINE,0
tt1730320,out for the long run,2011,FRAMELINE,0
tt1808371,out of bounds,2011,FRAMELINE,0
tt1833061,poker face,2011,FRAMELINE,0
tt1500512,private romeo,2011,FRAMELINE,0
tt1842442,queer in kansas,2011,FRAMELINE,0
tt1693868,recessive,2011,FRAMELINE,0
tt1804546,tough girls don't dream,2011,FRAMELINE,0
tt1925495,recipe for love,2011,FRAMELINE,0
tt1869648,renée,2011,FRAMELINE,0
tt1860340,"rescue, the",2011,FRAMELINE,0
tt1797479,revolution,2011,FRAMELINE,0
tt1794939,roommates,2011,FRAMELINE,0
tt2217474,"running in heels: the glendon ""anna conda"" hyde story",2011,FRAMELINE,0
tt1919050,same difference,2011,FRAMELINE,0
tt1663672,"she loves me, she loves me not",2011,FRAMELINE,0
tt1766085,shut up little man! an audio misadventure,2011,FRAMELINE,0
tt1754163,madame x,2011,FRAMELINE,0
tt1801100,slashed,2011,FRAMELINE,0
tt1608241,"sleeping beauty of east finchley, the",2011,FRAMELINE,0
tt1937328,slow burn,2011,FRAMELINE,0
tt1671726,slut: the musical,2011,FRAMELINE,0
tt1800738,smut capital of america,2011,FRAMELINE,0
tt1816650,spiral transition,2011,FRAMELINE,0
tt1483020,spork,2011,FRAMELINE,0
tt1754572,tales of the waria,2011,FRAMELINE,0
tt1588479,still here,2011,FRAMELINE,0
tt1821627,t'ain't nobody's bizness: queer blues divas of the 1920s,2011,FRAMELINE,0
tt1714741,tell me a memory,2011,FRAMELINE,0
tt0853155,this is what love in action looks like,2011,FRAMELINE,0
tt1853722,time out,2011,FRAMELINE,0
tt1595028,tracks,2011,FRAMELINE,0
tt1624408,trigger,2011,FRAMELINE,0
tt1603480,"mouth of the wolf, the",2011,FRAMELINE,0
tt1632671,triple standard,2011,FRAMELINE,0
tt1764718,truth takes time,2011,FRAMELINE,0
tt1865551,unhappy birthday,2011,FRAMELINE,0
tt1825189,valmay the visitor from beep beep beep bleetlebox,2011,FRAMELINE,0
tt1618412,vigilant! healthy! wholesome!,2011,FRAMELINE,0
tt1877807,"wait, the",2011,FRAMELINE,0
tt1814937,waited for,2011,FRAMELINE,0
tt1830903,we once were tide,2011,FRAMELINE,0
tt1714210,weekend,2011,FRAMELINE,0
tt1774668,walking toward,2011,FRAMELINE,0
tt1440380,what's in a name?,2011,FRAMELINE,0
tt1978005,white paper,2011,FRAMELINE,0
tt0454982,who's the top?,2011,FRAMELINE,0
tt1861468,whoever whatever,2011,FRAMELINE,0
tt1859646,why me?,2011,FRAMELINE,0
tt1746264,wish me away,2011,FRAMELINE,0
tt1844823,with conviction,2011,FRAMELINE,0
tt1791687,without,2011,FRAMELINE,0
tt1811391,you're cordially uninvited,2011,FRAMELINE,0
tt1806925,"wolf in shorts, the",2011,FRAMELINE,0
tt2231057,2nd best,2012,FRAMELINE,0
tt1932596,33 teeth,2012,FRAMELINE,0
tt2083127,365 without 377,2012,FRAMELINE,0
tt1863136,36a,2012,FRAMELINE,0
tt2309883,akin,2012,FRAMELINE,0
tt0118586,all over me,2012,FRAMELINE,0
tt1982608,alle werden,2012,FRAMELINE,0
tt2058570,alone with mr. carter,2012,FRAMELINE,0
tt2098621,america's most unwanted,2012,FRAMELINE,0
tt1707244,miwa: a japanese icon,2011,FRAMELINE,0
tt0083564,annie,2012,FRAMELINE,0
tt4321068,"arrival, the",2012,FRAMELINE,0
tt2300767,"art of walking through the streets, the",2012,FRAMELINE,0
tt2148849,ballroom rules,2012,FRAMELINE,0
tt2258269,battlefield,2012,FRAMELINE,0
tt2255977,"bears of san francisco, the",2012,FRAMELINE,0
tt2002667,happy ending,2011,FRAMELINE,0
tt2404535,beyond the team,2012,FRAMELINE,0
tt2235457,blood flow,2012,FRAMELINE,0
tt3698364,burmese butterfly,2012,FRAMELINE,0
tt1688064,bye bye blondie,2012,FRAMELINE,0
tt1934395,baldguy,2011,FRAMELINE,0
tt2092419,chloe likes olivia,2012,FRAMELINE,0
tt3198370,citizen change,2012,FRAMELINE,0
tt1466054,cloudburst,2012,FRAMELINE,0
tt2177402,coffee & pie,2012,FRAMELINE,0
tt1796625,"confession of father john thomas, the",2012,FRAMELINE,0
tt2281157,continental drift,2012,FRAMELINE,0
tt2494630,corazón de melon,2012,FRAMELINE,0
tt1969971,couples therapy,2012,FRAMELINE,0
tt2033233,crush,2012,FRAMELINE,0
tt1992115,daddy issues,2012,FRAMELINE,0
tt1978422,deep end,2012,FRAMELINE,0
tt2331109,devotion project: listen from the heart,2012,FRAMELINE,0
tt1974387,devotion project: more than ever,2012,FRAMELINE,0
tt1989488,disaster (a personal geography),2012,FRAMELINE,0
tt2287860,"divine decadence of cheesecake, the",2012,FRAMELINE,0
tt2064759,do you have a cat?,2012,FRAMELINE,0
tt2085786,doctor glamour,2012,FRAMELINE,0
tt1616164,samaritan,2011,FRAMELINE,0
tt0790653,elliot loves,2012,FRAMELINE,0
tt2150231,empire,2012,FRAMELINE,0
tt13216934,empire of evil,2012,FRAMELINE,0
tt3297892,entwine,2012,FRAMELINE,0
tt2090631,"eyes and the ice, the",2012,FRAMELINE,0
tt1979227,face 2 face,2012,FRAMELINE,0
tt1974212,facing mirrors,2012,FRAMELINE,0
tt2064760,first birthday (dol),2012,FRAMELINE,0
tt1735503,"time in between, the",2011,FRAMELINE,0
tt2078524,"force of nature, a",2012,FRAMELINE,0
tt2023491,fortune cookie magic tricks,2012,FRAMELINE,0
tt0980999,four,2012,FRAMELINE,0
tt1731650,four pounds,2012,FRAMELINE,0
tt2076205,fourplay,2012,FRAMELINE,0
tt2332629,frauensee,2012,FRAMELINE,0
tt1816529,free man,2012,FRAMELINE,0
tt2093996,fresh air therapy 2,2012,FRAMELINE,0
tt0981286,funkytown,2012,FRAMELINE,0
tt1918978,no gravity,2011,FRAMELINE,0
tt2072899,family affair,2011,FRAMELINE,0
tt2106739,gayby,2012,FRAMELINE,0
tt2076201,"girl or boy, my sex is not my gender",2012,FRAMELINE,0
tt2047899,"good son, a",2012,FRAMELINE,0
tt2139951,graupel poetry,2012,FRAMELINE,0
tt2066884,gyre,2012,FRAMELINE,0
tt0138487,head on,2012,FRAMELINE,0
tt1687221,i don't want to go back alone,2011,FRAMELINE,0
tt2047749,hold on tight,2012,FRAMELINE,0
tt1855226,hollywood to dollywood,2012,FRAMELINE,0
tt2102499,i do,2012,FRAMELINE,0
tt2071479,i stand corrected,2012,FRAMELINE,0
tt11903678,i've been to manhattan,2012,FRAMELINE,0
tt2318553,in search of avery willard,2012,FRAMELINE,0
tt2148962,it's consuming me,2012,FRAMELINE,0
tt2712642,jacob sterling,2012,FRAMELINE,0
tt2024440,jenny mi amor,2012,FRAMELINE,0
tt1792576,jobriah a.d.,2012,FRAMELINE,0
tt1930371,joe + belle,2012,FRAMELINE,0
tt1705113,"joshua tree, 1951: a portrait of james dean",2012,FRAMELINE,0
tt1859522,kiss me,2012,FRAMELINE,0
tt2310754,land: an animation,2012,FRAMELINE,0
tt2108632,"last waltz, the",2012,FRAMELINE,0
tt1841713,let my people go!,2012,FRAMELINE,0
tt1857736,"life and death of celso junior, the",2012,FRAMELINE,0
tt0104745,"living end, the",2012,FRAMELINE,0
tt2057432,looking for jiro,2012,FRAMELINE,0
tt2268503,love and anger,2012,FRAMELINE,0
tt2125548,love free or die,2012,FRAMELINE,0
tt2094046,love is not enough,2012,FRAMELINE,0
tt1638898,love or whatever,2012,FRAMELINE,0
tt1730154,"maiden and the princess, the",2012,FRAMELINE,0
tt1742067,"map to talk, a",2012,FRAMELINE,0
tt2318601,margarita,2012,FRAMELINE,0
tt1915583,mariquita,2012,FRAMELINE,0
tt1748110,marriage equality: byron rushing and the fight for fairness,2012,FRAMELINE,0
tt1795622,me @ the zoo,2012,FRAMELINE,0
tt1946329,mila caos,2012,FRAMELINE,0
tt1683466,old cats,2011,FRAMELINE,0
tt2267784,mississippi: i am,2012,FRAMELINE,0
tt1301308,mixed kebab,2012,FRAMELINE,0
tt1820515,more or less,2012,FRAMELINE,0
tt1943765,morgan,2012,FRAMELINE,0
tt1978480,mosquita y mari,2012,FRAMELINE,0
tt1990422,my best day,2012,FRAMELINE,0
tt1617280,santiago from the other side,2011,FRAMELINE,0
tt1850406,my night with andrew cunanan,2012,FRAMELINE,0
tt1754257,naked as we came,2012,FRAMELINE,0
tt1891953,"naked-boy business, pt. 2, the",2012,FRAMELINE,0
tt1988178,nefertitty,2012,FRAMELINE,0
tt2147268,"night in the woods, a",2012,FRAMELINE,0
tt1852157,night shift,2012,FRAMELINE,0
tt1719544,nisa,2012,FRAMELINE,0
tt1625150,north sea texas,2012,FRAMELINE,0
tt2197911,one night,2012,FRAMELINE,0
tt2342243,oscillare,2012,FRAMELINE,0
tt1854568,our paradise,2012,FRAMELINE,0
tt1823059,"perfect ending, a",2012,FRAMELINE,0
tt1826813,petunia,2012,FRAMELINE,0
tt1833875,along the road,2011,FRAMELINE,0
tt1370764,"piece of furniture, the",2012,FRAMELINE,0
tt2187041,positive youth,2012,FRAMELINE,0
tt2128693,prora,2012,FRAMELINE,0
tt2292877,"putting the ""i"" in trans",2012,FRAMELINE,0
tt2071563,queen,2012,FRAMELINE,0
tt2091986,"queen of my dreams, the",2012,FRAMELINE,0
tt2005324,raymond,2012,FRAMELINE,0
tt1956611,regrets,2012,FRAMELINE,0
tt1985191,reprise,2012,FRAMELINE,0
tt1776865,coming out,2011,FRAMELINE,0
tt1842460,revealing mr. maugham,2012,FRAMELINE,0
tt1571416,right to love: an american family,2012,FRAMELINE,0
tt2302903,"rookie and the runner, the",2012,FRAMELINE,0
tt2247200,sabbatical,2012,FRAMELINE,0
tt6962500,"safe place for the wild, a",2012,FRAMELINE,0
tt1822302,sassy pants,2012,FRAMELINE,0
tt1994557,señorita,2012,FRAMELINE,0
tt2320031,sexing the transman,2012,FRAMELINE,0
tt1314244,"evening dress, the",2011,FRAMELINE,0
tt2188883,shabbat dinner,2012,FRAMELINE,0
tt2075308,silver stiletto,2012,FRAMELINE,0
tt1885371,simply rob,2012,FRAMELINE,0
tt1880329,slow,2012,FRAMELINE,0
tt2581600,"song of despair, a",2012,FRAMELINE,0
tt1780990,stitches,2012,FRAMELINE,0
tt2318687,strong and dreaming,2012,FRAMELINE,0
tt2075317,strong!,2012,FRAMELINE,0
tt1758770,stud life,2012,FRAMELINE,0
tt1598496,four more years,2011,FRAMELINE,0
tt2147529,submerged queer spaces,2012,FRAMELINE,0
tt1679321,sydney convicts,2012,FRAMELINE,0
tt2023719,taking a chance on god,2012,FRAMELINE,0
tt2066980,teens like phil,2012,FRAMELINE,0
tt2119553,"thing, the",2012,FRAMELINE,0
tt2262331,threadbare,2012,FRAMELINE,0
tt2175938,transgender tuesdays: a clinic in the tenderloin,2012,FRAMELINE,0
tt2266887,"troy: naked boys behind bars, sing!",2012,FRAMELINE,0
tt2318739,tuesday night make-out,2012,FRAMELINE,0
tt1731651,52,2011,FRAMELINE,0
tt2115435,two bodies,2012,FRAMELINE,0
tt2076375,two guys in a backyard,2012,FRAMELINE,0
tt1946496,ub2,2012,FRAMELINE,0
tt1980087,unanimated,2012,FRAMELINE,0
tt1967651,unconditional,2012,FRAMELINE,0
tt1921157,unfit: ward vs. ward,2012,FRAMELINE,0
tt1583737,unforgivable,2012,FRAMELINE,0
tt2085974,united in anger: a history of act up,2012,FRAMELINE,0
tt1870440,ursula's victory,2012,FRAMELINE,0
tt2012662,us. a family album,2012,FRAMELINE,0
tt1811293,(a)sexual,2011,FRAMELINE,0
tt1777037,varla jean and the mushroomheads,2012,FRAMELINE,0
tt0118125,"watermelon woman, the",2012,FRAMELINE,0
tt2309025,what makes us queer?,2012,FRAMELINE,0
tt1869636,when night falls silent,2012,FRAMELINE,0
tt2106753,"whistlin' dixie: queer sounds, new south",2012,FRAMELINE,0
tt2249203,why we ride: the story of aids/lifecycle,2012,FRAMELINE,0
tt1833202,"10,000 hearts",2011,FRAMELINE,0
tt1758837,wildness,2012,FRAMELINE,0
tt1906518,yes or no?,2012,FRAMELINE,0
tt5430128,your warmth,2012,FRAMELINE,0
tt1934487,zenne dancer,2012,FRAMELINE,0
tt2705098,"20 lies, 4 parents and a little egg",2014,FRAMELINE,0
tt3066872,al nisa: muslim women in atlanta's gay mecca,2014,FRAMELINE,0
tt3450290,alec mapa: baby daddy,2014,FRAMELINE,0
tt1633289,30 is the new 12,2011,FRAMELINE,0
tt2942184,an exchange,2014,FRAMELINE,0
tt3204904,anita’s last cha-cha,2014,FRAMELINE,0
tt3077108,appropriate behavior,2014,FRAMELINE,0
tt2261717,bachelorette,2014,FRAMELINE,0
tt3261142,barrio boy,2014,FRAMELINE,0
tt2815740,"bash, the",2014,FRAMELINE,0
tt2946710,being stavros,2014,FRAMELINE,0
tt3606462,bendik & the monster,2014,FRAMELINE,0
tt3400904,best,2014,FRAMELINE,0
tt3593320,black is blue,2014,FRAMELINE,0
tt3181920,blackbird,2014,FRAMELINE,0
tt2442908,bombshell,2014,FRAMELINE,0
tt2246526,born to fly,2014,FRAMELINE,0
tt2624412,boulevard,2014,FRAMELINE,0
tt3007302,boy meets girl,2014,FRAMELINE,0
tt2624306,boygame,2014,FRAMELINE,0
tt3318220,boys,2014,FRAMELINE,0
tt0171804,boys don’t cry,2014,FRAMELINE,0
tt3502596,brace,2014,FRAMELINE,0
tt2261345,bradley manning had secrets,2014,FRAMELINE,0
tt2994576,broken gardenias,2014,FRAMELINE,0
tt1860167,"aids camp, or, survival in the 21st century",2011,FRAMELINE,0
tt3219442,broken heart land,2014,FRAMELINE,0
tt3315732,burger,2014,FRAMELINE,0
tt5248192,cakes da killa: no homo,2014,FRAMELINE,0
tt3411908,california dreamin’,2014,FRAMELINE,0
tt3569014,campaign of hate: russia and gay propaganda,2014,FRAMELINE,0
tt3311104,candy cravings,2014,FRAMELINE,0
tt2107850,"case against 8, the",2014,FRAMELINE,0
tt3411920,clan,2014,FRAMELINE,0
tt3486162,coming out in the ‘70s,2014,FRAMELINE,0
tt2452352,compared to what? the improbable journey of barney frank,2014,FRAMELINE,0
tt2384022,crazy bitches,2014,FRAMELINE,0
tt1935742,cupcakes,2014,FRAMELINE,0
tt3057104,das phallometer,2014,FRAMELINE,0
tt3402096,david hockney in the now (in six minutes),2014,FRAMELINE,0
tt1787787,"few days of respite, a",2011,FRAMELINE,0
tt2057903,and i am me,2011,FRAMELINE,0
tt2268942,dawn,2014,FRAMELINE,0
tt3552632,deadweight and balloons,2014,FRAMELINE,0
tt2409720,deflated,2014,FRAMELINE,0
tt3603982,derby crazy love,2014,FRAMELINE,0
tt3099570,dinner at 40,2014,FRAMELINE,0
tt3450154,disaster preparedness,2014,FRAMELINE,0
tt3278960,"disgustings, the",2014,FRAMELINE,0
tt1334514,"au pair, kansas",2011,FRAMELINE,0
tt3180228,dragula,2014,FRAMELINE,0
tt2881614,dream date,2014,FRAMELINE,0
tt3091286,drunktown’s finest,2014,FRAMELINE,0
tt2917916,dual,2014,FRAMELINE,0
tt4052330,dunkin love,2014,FRAMELINE,0
tt2274604,eat with me,2014,FRAMELINE,0
tt0101798,edward ii,2014,FRAMELINE,0
tt3347148,"egg, the",2014,FRAMELINE,0
tt2915172,elliot king is third,2014,FRAMELINE,0
tt1753460,august,2011,FRAMELINE,0
tt2332865,everybody’s got somebody...but me,2014,FRAMELINE,0
tt3315078,eye candy,2014,FRAMELINE,0
tt3486138,first clue,2014,FRAMELINE,0
tt2508258,first period,2014,FRAMELINE,0
tt2186781,five dances,2014,FRAMELINE,0
tt2776106,floating skyscrapers,2014,FRAMELINE,0
tt2971990,"foxy merkins, the",2014,FRAMELINE,0
tt1718127,awol,2011,FRAMELINE,0
tt4211746,fu377,2014,FRAMELINE,0
tt3278804,gender games,2014,FRAMELINE,0
tt0109913,go fish,2014,FRAMELINE,0
tt3382170,good morning,2014,FRAMELINE,0
tt3122618,goodnight my love,2014,FRAMELINE,0
tt1825664,baby steps,2011,FRAMELINE,0
tt3136586,happy birthday cindy wei,2014,FRAMELINE,0
tt2956062,heklina,2014,FRAMELINE,0
tt3094236,helicopter mom,2014,FRAMELINE,0
tt2670552,her with me,2014,FRAMELINE,0
tt3411922,housing first,2014,FRAMELINE,0
tt2871256,i am happiness on earth,2014,FRAMELINE,0
tt3131210,i feel like disco,2014,FRAMELINE,0
tt1686306,bashment,2011,FRAMELINE,0
tt2518464,jason’s dad,2014,FRAMELINE,0
tt3229054,jellyfish,2014,FRAMELINE,0
tt3393972,jo,2014,FRAMELINE,0
tt2388558,kidnapped for christ,2014,FRAMELINE,0
tt2797028,"kiss, the",2014,FRAMELINE,0
tt3432380,"l riders, the",2014,FRAMELINE,0
tt3524454,"ladies and gentlemen, phatima rude",2014,FRAMELINE,0
tt3499084,lady valor: the kristin beck story,2014,FRAMELINE,0
tt1705969,becoming chaz,2011,FRAMELINE,0
tt3103792,"last farewell, a",2014,FRAMELINE,0
tt2962488,"last one, the",2014,FRAMELINE,0
tt3613380,letter to anita,2014,FRAMELINE,0
tt2560102,lilting,2014,FRAMELINE,0
tt3588982,limited partnership,2014,FRAMELINE,0
tt3246632,lit,2014,FRAMELINE,0
tt3256336,living in the overlap,2014,FRAMELINE,0
tt3097408,luigi and vincenzo,2014,FRAMELINE,0
tt1697878,bite marks,2011,FRAMELINE,0
tt3350244,mentor,2014,FRAMELINE,0
tt3244856,metube: august sings carmen 'habanera',2014,FRAMELINE,0
tt2918786,miss finknagle succumbs to chaos,2014,FRAMELINE,0
tt3002704,mission impromable,2014,FRAMELINE,0
tt3828104,mondo homo: a study of french gay porn in the ‘70s,2014,FRAMELINE,0
tt3486190,mum,2014,FRAMELINE,0
tt2091235,my straight son,2014,FRAMELINE,0
tt3531814,mymy,2014,FRAMELINE,0
tt3369156,"night is ours, the",2014,FRAMELINE,0
tt3497824,nomansland,2014,FRAMELINE,0
tt1800673,black rose tango,2011,FRAMELINE,0
tt3697270,of girls and horses,2014,FRAMELINE,0
tt2952418,off road,2014,FRAMELINE,0
tt3781722,one night stand,2014,FRAMELINE,0
tt2325909,open up to me,2014,FRAMELINE,0
tt3534198,ordinary family,2014,FRAMELINE,0
tt1806815,blink,2011,FRAMELINE,0
tt3717242,out in the night,2014,FRAMELINE,0
tt3002732,overflow,2014,FRAMELINE,0
tt3132510,pepper,2014,FRAMELINE,0
tt3534204,"places i can never go back to, the",2014,FRAMELINE,0
tt3104562,priest,2014,FRAMELINE,0
tt3478832,prinsesa,2014,FRAMELINE,0
tt3053128,puppy dreams,2014,FRAMELINE,0
tt1403129,bob’s new suit,2011,FRAMELINE,0
tt2637254,rad queers: payasos l.a.,2014,FRAMELINE,0
tt3546866,safe word,2014,FRAMELINE,0
tt2398732,scaffolding,2014,FRAMELINE,0
tt3533976,sex date,2014,FRAMELINE,0
tt2762528,"she said, she said",2014,FRAMELINE,0
tt2382318,slash,2014,FRAMELINE,0
tt3452948,something must break,2014,FRAMELINE,0
tt3420848,stand,2014,FRAMELINE,0
tt3640020,sticks & stones,2014,FRAMELINE,0
tt2988632,stop calling me honey bunny,2014,FRAMELINE,0
tt2719396,straight jacket,2014,FRAMELINE,0
tt3385192,teagan,2014,FRAMELINE,0
tt3607322,"third one, the",2014,FRAMELINE,0
tt3852364,throw like a girl,2014,FRAMELINE,0
tt2514948,together people,2014,FRAMELINE,0
tt2025511,"bumblefuck, usa",2011,FRAMELINE,0
tt11171320,transforming family,2014,FRAMELINE,0
tt2634384,tru love,2014,FRAMELINE,0
tt3810884,trucker kitty,2014,FRAMELINE,0
tt3380940,trunk,2014,FRAMELINE,0
tt3057852,under ground,2014,FRAMELINE,0
tt3393110,wandering clouds,2014,FRAMELINE,0
tt1763296,"burning wigs of sedition, the",2011,FRAMELINE,0
tt2782440,we should have coffee sometime,2014,FRAMELINE,0
tt2524674,wetlands,2014,FRAMELINE,0
tt3573574,"wham, bam, mr pam",2014,FRAMELINE,0
tt2882426,what it was,2014,FRAMELINE,0
tt3045254,what’s your sign?,2014,FRAMELINE,0
tt3527952,whitewash,2014,FRAMELINE,0
tt3520190,who do you think you are?,2014,FRAMELINE,0
tt2796598,wini + george,2014,FRAMELINE,0
tt3563662,winter journey,2014,FRAMELINE,0
tt1885395,"bus pass, the",2011,FRAMELINE,0
tt3176130,yolo,2014,FRAMELINE,0
tt2811878,you and the night,2014,FRAMELINE,0
tt3184924,you’re dead to me,2014,FRAMELINE,0
tt4338038,(orpheus) the poetics of finitude,2015,FRAMELINE,0
tt3527298,100 crushes chapter 6: they,2015,FRAMELINE,0
tt4458970,11 life lessons from an awesome old dyke,2015,FRAMELINE,0
tt4461012,50%,2015,FRAMELINE,0
tt4799374,a message for the future: stories from the aids frontlines,2015,FRAMELINE,0
tt3044748,alex & ali,2015,FRAMELINE,0
tt4214952,actresses,2015,FRAMELINE,0
tt4421980,adrift in sunset,2015,FRAMELINE,0
tt3871804,after love,2015,FRAMELINE,0
tt0437800,akeelah and the bee,2015,FRAMELINE,0
tt4370926,"amina profile, the",2015,FRAMELINE,0
tt3532686,all about e,2015,FRAMELINE,0
tt1577040,alto,2015,FRAMELINE,0
tt4461016,ascendance: the angels of change documentary,2015,FRAMELINE,0
tt4276064,audible,2015,FRAMELINE,0
tt3322898,baby steps,2015,FRAMELINE,0
tt3741316,bare,2015,FRAMELINE,0
tt4498220,bearmania,2015,FRAMELINE,0
tt4456734,beautiful by night,2015,FRAMELINE,0
tt3212408,beautiful something,2015,FRAMELINE,0
tt3723598,bedding andrew,2015,FRAMELINE,0
tt3807564,blood and water,2015,FRAMELINE,0
tt1735324,change,2011,FRAMELINE,0
tt3348476,caged,2015,FRAMELINE,0
tt3588216,camouflage,2015,FRAMELINE,0
tt3624740,carina,2015,FRAMELINE,0
tt2651370,carmín tropical,2015,FRAMELINE,0
tt4215850,charlotte,2015,FRAMELINE,0
tt3581370,code academy,2015,FRAMELINE,0
tt2846196,deep run,2015,FRAMELINE,0
tt3258058,desert migration,2015,FRAMELINE,0
tt1975863,cho dependent,2011,FRAMELINE,0
tt4262248,drag mama,2015,FRAMELINE,0
tt4477920,el canto del colibrí,2015,FRAMELINE,0
tt4062014,elise,2015,FRAMELINE,0
tt4517788,engender,2015,FRAMELINE,0
tt4259366,feelings are facts: the life of yvonne rainer,2015,FRAMELINE,0
tt1651062,christopher and his kind,2011,FRAMELINE,0
tt4326534,female masculinity appreciation society,2015,FRAMELINE,0
tt4295070,finding phong,2015,FRAMELINE,0
tt4392140,float,2015,FRAMELINE,0
tt3886372,floating!,2015,FRAMELINE,0
tt4217828,flying solo: a transgender widow fights discrimination,2015,FRAMELINE,0
tt4214874,followers,2015,FRAMELINE,0
tt4000870,fresno,2015,FRAMELINE,0
tt3210742,from the beginning,2015,FRAMELINE,0
tt4074296,from this day forward,2015,FRAMELINE,0
tt4085044,game face,2015,FRAMELINE,0
tt1641976,clean,2011,FRAMELINE,0
tt4427848,give him something red,2015,FRAMELINE,0
tt4361198,glow,2015,FRAMELINE,0
tt4085226,gold star,2015,FRAMELINE,0
tt4396602,golden,2015,FRAMELINE,0
tt4286462,health class,2015,FRAMELINE,0
tt3786468,heavenly peace,2015,FRAMELINE,0
tt4464774,heft,2015,FRAMELINE,0
tt3703836,henry gamble’s birthday party,2015,FRAMELINE,0
tt1762248,codependent lesbian space alien seeks same,2011,FRAMELINE,0
tt3289362,hidden away,2015,FRAMELINE,0
tt3713030,i am michael,2015,FRAMELINE,0
tt4270482,i do,2015,FRAMELINE,0
tt3162006,i love her,2015,FRAMELINE,0
tt4097612,in the grayscale,2015,FRAMELINE,0
tt4047206,in the hollow,2015,FRAMELINE,0
tt4460252,jason and shirley,2015,FRAMELINE,0
tt4086362,cold star,2011,FRAMELINE,0
tt3597390,lady of the night,2015,FRAMELINE,0
tt4329244,larry kramer in love and anger,2015,FRAMELINE,0
tt3905406,laundry mood,2015,FRAMELINE,0
tt2325833,liz in september,2015,FRAMELINE,0
tt3034418,love island,2015,FRAMELINE,0
tt3914252,ma/ddy,2015,FRAMELINE,0
tt2268016,magic mike xxl,2015,FRAMELINE,0
tt1821638,"colonel’s outing, the",2011,FRAMELINE,0
tt4328490,mctucky fried high,2015,FRAMELINE,0
tt4411052,mind/game: the unquiet journey of chamique holdsclaw,2015,FRAMELINE,0
tt4477910,mini supreme,2015,FRAMELINE,0
tt3715348,moonlight,2015,FRAMELINE,0
tt4460116,my life is a dream,2015,FRAMELINE,0
tt4180724,myrna the monster,2015,FRAMELINE,0
tt3385334,naz & maalik,2015,FRAMELINE,0
tt1740095,come back to me,2011,FRAMELINE,0
tt3648172,"no no, homo",2015,FRAMELINE,0
tt4483552,noam,2015,FRAMELINE,0
tt3505434,one year lease,2015,FRAMELINE,0
tt3954584,open relationship,2015,FRAMELINE,0
tt4439112,out again,2015,FRAMELINE,0
tt3710096,out to win,2015,FRAMELINE,0
tt4093410,packed in a trunk: the lost art of edith lake wilkinson,2015,FRAMELINE,0
tt4254688,paper thin,2015,FRAMELINE,0
tt4473574,passing,2015,FRAMELINE,0
tt1830543,coming out in the 1950s: stories of our lives,2011,FRAMELINE,0
tt3996340,peace of mind,2015,FRAMELINE,0
tt4276322,pepper,2015,FRAMELINE,0
tt3801878,peter de rome: grandfather of gay porn,2015,FRAMELINE,0
tt3756812,pipe dream,2015,FRAMELINE,0
tt4357052,pop-up porno: m4m,2015,FRAMELINE,0
tt2935662,portrait of a serial monogamist,2015,FRAMELINE,0
tt4487252,put the needle on the record,2015,FRAMELINE,0
tt4212072,qords camp,2015,FRAMELINE,0
tt2990494,queens at court,2015,FRAMELINE,0
tt5614136,community action center,2011,FRAMELINE,0
tt4197434,queer habits,2015,FRAMELINE,0
tt0084565,querelle,2015,FRAMELINE,0
tt4485952,reel in the closet,2015,FRAMELINE,0
tt3173534,roads,2015,FRAMELINE,0
tt3753110,s&m sally,2015,FRAMELINE,0
tt4433560,san cristóbal,2015,FRAMELINE,0
tt3062620,"royal road, the",2015,FRAMELINE,0
tt3438632,sebastian,2015,FRAMELINE,0
tt1818366,crowned & bound,2011,FRAMELINE,0
tt4269950,"same difference, the",2015,FRAMELINE,0
tt4042054,"sex, politics & sticky rice",2015,FRAMELINE,0
tt3137576,shameless,2015,FRAMELINE,0
tt3552042,showboy,2015,FRAMELINE,0
tt3077968,siren,2015,FRAMELINE,0
tt3669098,stealth,2015,FRAMELINE,0
tt3620520,stella walsh,2015,FRAMELINE,0
tt4043560,stevie,2015,FRAMELINE,0
tt4421798,still a rose,2015,FRAMELINE,0
tt1700777,cupcake: a zombie lesbian musical,2011,FRAMELINE,0
tt3848072,stuff,2015,FRAMELINE,0
tt4040430,sugarhiccup,2015,FRAMELINE,0
tt3759430,summer nights,2015,FRAMELINE,0
tt4486122,scrum,2015,FRAMELINE,0
tt4480568,that's not us,2015,FRAMELINE,0
tt3790004,the album,2015,FRAMELINE,0
tt1737724,seed money: the chuck holmes story,2015,FRAMELINE,0
tt1737734,silent stories,2011,FRAMELINE,0
tt1815654,cyclicity,2011,FRAMELINE,0
tt4457552,the birthday,2015,FRAMELINE,0
tt4367124,the first session,2015,FRAMELINE,0
tt3986496,the future perfect,2015,FRAMELINE,0
tt4648560,the girl bunnies. rocketship.,2015,FRAMELINE,0
tt4110934,the little deputy,2015,FRAMELINE,0
tt1533089,tab hunter confidential,2015,FRAMELINE,0
tt4175108,to russia with love,2015,FRAMELINE,0
tt1538816,d'une rive à l'autre,2011,FRAMELINE,0
tt3581788,"surface, the",2015,FRAMELINE,0
tt4009830,the typist,2015,FRAMELINE,0
tt4295132,visible silence,2015,FRAMELINE,0
tt3899516,those people,2015,FRAMELINE,0
tt4078814,"woman like me, a",2015,FRAMELINE,0
tt3781434,together forever,2015,FRAMELINE,0
tt4125760,tomgirl,2015,FRAMELINE,0
tt4341908,tough,2015,FRAMELINE,0
tt4456776,tradesman’s exit,2015,FRAMELINE,0
tt4145318,trémulo,2015,FRAMELINE,0
tt4074030,true wheel,2015,FRAMELINE,0
tt3516184,two 4 one,2015,FRAMELINE,0
tt3173506,under the last roof,2015,FRAMELINE,0
tt5209658,v is the warmest color,2015,FRAMELINE,0
tt4065250,"year we thought about love, the",2015,FRAMELINE,0
tt3712354,wayne,2015,FRAMELINE,0
tt1606724,deaf relay - at your service,2011,FRAMELINE,0
tt4012368,whatever we want to be,2015,FRAMELINE,0
tt4353990,while you weren't looking,2015,FRAMELINE,0
tt5453054,1985,2016,FRAMELINE,0
tt5363558,afuera,2016,FRAMELINE,0
tt3544014,akron,2016,FRAMELINE,0
tt4700860,alzheimer's: a love story,2016,FRAMELINE,0
tt4908430,arianna,2016,FRAMELINE,0
tt4418002,arrivederci rosa,2016,FRAMELINE,0
tt1839445,death of my daughter,2011,FRAMELINE,0
tt4462372,awol,2016,FRAMELINE,0
tt4831484,b.,2016,FRAMELINE,0
tt6502228,"be fabulous, first stop: sexitude",2016,FRAMELINE,0
tt5479140,be right back,2016,FRAMELINE,0
tt4945528,bearcity 3,2016,FRAMELINE,0
tt5459190,becoming johanna,2016,FRAMELINE,0
tt5086190,before midnight cowboy,2016,FRAMELINE,0
tt5051392,bittersweet,2016,FRAMELINE,0
tt5126986,bruising for besos,2016,FRAMELINE,0
tt0112651,"celluloid closet, the",2016,FRAMELINE,0
tt4868300,daddy's boy,2016,FRAMELINE,0
tt5777098,dance card,2016,FRAMELINE,0
tt5354406,dawn,2016,FRAMELINE,0
tt5116582,"doll's eyes, a",2016,FRAMELINE,0
tt1462859,drives,2011,FRAMELINE,0
tt4485548,femme brutal,2016,FRAMELINE,0
tt3004000,film hawk,2016,FRAMELINE,0
tt4262174,first girl i loved,2016,FRAMELINE,0
tt5822174,folsom street,2016,FRAMELINE,0
tt5241356,"freedom to marry, the",2016,FRAMELINE,0
tt4685660,"friend from tel aviv, the",2016,FRAMELINE,0
tt3185602,front cover,2016,FRAMELINE,0
tt4958010,furries,2016,FRAMELINE,0
tt2439646,dumped!,2011,FRAMELINE,0
tt5259184,fursonas,2016,FRAMELINE,0
tt0077599,gay usa,2016,FRAMELINE,0
tt4863758,gaysians,2016,FRAMELINE,0
tt2905422,girl gets girl,2016,FRAMELINE,0
tt5219932,"glory hole, the",2016,FRAMELINE,0
tt5648966,growing up coy,2016,FRAMELINE,0
tt5983248,he who has two souls,2016,FRAMELINE,0
tt3920890,heartland,2016,FRAMELINE,0
tt1793218,east bloc love,2011,FRAMELINE,0
tt3671542,holding the man,2016,FRAMELINE,0
tt4728582,"holy mess, a",2016,FRAMELINE,0
tt4686140,horses,2016,FRAMELINE,0
tt4872078,"intervention, the",2016,FRAMELINE,0
tt4360484,"joneses, the",2016,FRAMELINE,0
tt6150284,last men standing,2016,FRAMELINE,0
tt4027504,lazy eye,2016,FRAMELINE,0
tt0216886,living with pride: ruth c. ellis @ 100,2016,FRAMELINE,0
tt5050788,loev,2016,FRAMELINE,0
tt5349940,mask4mask,2016,FRAMELINE,0
tt1754944,ecupid,2011,FRAMELINE,0
tt4703676,"me, myself and her",2016,FRAMELINE,0
tt5425086,metube 2: august sings carmina burana,2016,FRAMELINE,0
tt5822356,mezzo,2016,FRAMELINE,0
tt3403928,monster mash,2016,FRAMELINE,0
tt4103272,more of last night,2016,FRAMELINE,0
tt4075496,no strings,2016,FRAMELINE,0
tt5255318,"oh, i get it",2016,FRAMELINE,0
tt4906148,out run,2016,FRAMELINE,0
tt1628046,"faux real, the",2011,FRAMELINE,0
tt5428528,ovarian psycos,2016,FRAMELINE,0
tt4450308,partners,2016,FRAMELINE,0
tt5761268,"pearl, the",2016,FRAMELINE,0
tt4742300,persistence of memory,2016,FRAMELINE,0
tt5835316,persistence of vision,2016,FRAMELINE,0
tt4503828,pick up,2016,FRAMELINE,0
tt4177250,pink boy,2016,FRAMELINE,0
tt3778616,political animals,2016,FRAMELINE,0
tt4572984,pushing dead,2016,FRAMELINE,0
tt4884602,pyotr495,2016,FRAMELINE,0
tt5127544,"radical fairy prince: a love story, the",2016,FRAMELINE,0
tt5357978,raniya,2016,FRAMELINE,0
tt4996020,raw footage,2016,FRAMELINE,0
tt3993760,real boy,2016,FRAMELINE,0
tt4327510,retake,2016,FRAMELINE,0
tt7188944,"revival: women and the word, the",2016,FRAMELINE,0
tt0128996,rodgers & hammerstein's cinderella,2016,FRAMELINE,0
tt5505532,sauna the dead — a fairy tale,2016,FRAMELINE,0
tt1850444,"first, the",2011,FRAMELINE,0
tt5142694,say u will,2016,FRAMELINE,0
tt4729990,slash,2016,FRAMELINE,0
tt5254640,spa night,2016,FRAMELINE,0
tt5355072,spark,2016,FRAMELINE,0
tt5591632,spectrum,2016,FRAMELINE,0
tt5601558,spoilers,2016,FRAMELINE,0
tt5120174,spunkle,2016,FRAMELINE,0
tt5126584,sticky fingers,2016,FRAMELINE,0
tt5718998,straws,2016,FRAMELINE,0
tt1625328,flight of the cardinal,2011,FRAMELINE,0
tt5477402,strike a pose,2016,FRAMELINE,0
tt4991906,suicide kale,2016,FRAMELINE,0
tt4086024,suited,2016,FRAMELINE,0
tt6744860,take me for a ride,2016,FRAMELINE,0
tt5475770,tear jerker,2016,FRAMELINE,0
tt4354988,takk for turen,2016,FRAMELINE,0
tt5176160,these c*cksucking tears,2016,FRAMELINE,0
tt1866152,fluid,2011,FRAMELINE,0
tt4040952,time quest,2016,FRAMELINE,0
tt4225966,tits on a bull,2016,FRAMELINE,0
tt5432188,tomcat,2016,FRAMELINE,0
tt4341528,tonight it's you,2016,FRAMELINE,0
tt5784340,"trans list, the",2016,FRAMELINE,0
tt1861332,flyers,2011,FRAMELINE,0
tt4569688,"treasure: from tragedy to trans justice, mapping a detroit story",2016,FRAMELINE,0
tt5503490,"two soft things, two hard things",2016,FRAMELINE,0
tt3088882,upstairs inferno,2016,FRAMELINE,0
tt4566568,vámonos,2016,FRAMELINE,0
tt0103192,vegas in space,2016,FRAMELINE,0
tt4756312,veracity,2016,FRAMELINE,0
tt4530876,vessels,2016,FRAMELINE,0
tt1908578,"fox in the snow, the",2011,FRAMELINE,0
tt5273842,virgin territory,2016,FRAMELINE,0
tt0137260,voguing: the message,2016,FRAMELINE,0
tt5479546,we could be parents,2016,FRAMELINE,0
tt5596270,we've been around - s.t.a.r.,2016,FRAMELINE,0
tt3576780,"weigh in, the",2016,FRAMELINE,0
tt1520884,franswa sharl,2011,FRAMELINE,0
tt5934742,"wig and a prayer — the peaches christ story, a",2016,FRAMELINE,0
tt3973012,women who kill,2016,FRAMELINE,0
tt5136396,xavier,2016,FRAMELINE,0
tt5075798,you deserve everything,2016,FRAMELINE,0
tt6139850,zeitgeist 1977: the first festival,2016,FRAMELINE,0
tt6997814,100 men,2017,FRAMELINE,0
tt1740739,gaysharktank.com,2011,FRAMELINE,0
tt5048406,4 days in france,2017,FRAMELINE,0
tt6085926,abu (father),2017,FRAMELINE,0
tt5974044,after louie,2017,FRAMELINE,0
tt5567870,after the date,2017,FRAMELINE,0
tt6523092,against the law,2017,FRAMELINE,0
tt7020812,alabama bound,2017,FRAMELINE,0
tt4341390,alaska is a drag,2017,FRAMELINE,0
tt4726166,apricot groves,2017,FRAMELINE,0
tt5806646,"archer, the",2017,FRAMELINE,0
tt1773410,evaporar,2011,CLERMONT-FERRAND,0
tt1683017,turning,2011,CLERMONT-FERRAND,0
tt1894528,pruvodkyne,2011,CLERMONT-FERRAND,0
tt1804572,le champ,2011,CLERMONT-FERRAND,0
tt1656770,strips,2011,CLERMONT-FERRAND,0
tt2458994,made in mauritius,2011,CLERMONT-FERRAND,0
tt1622554,last beautiful friend,2011,CLERMONT-FERRAND,0
tt1954198,3 days grace,2011,CLERMONT-FERRAND,0
tt1636805,la mina de oro,2011,CLERMONT-FERRAND,0
tt1824958,el paraìso de lili,2011,CLERMONT-FERRAND,0
tt1608585,schlaf,2011,CLERMONT-FERRAND,0
tt5062448,synchronisation,2011,CLERMONT-FERRAND,0
tt1646113,"los minutos, las horas",2011,CLERMONT-FERRAND,0
tt1830695,loom,2011,CLERMONT-FERRAND,0
tt1658497,thermes,2011,CLERMONT-FERRAND,0
tt1779078,kawalek lata,2011,CLERMONT-FERRAND,0
tt1645853,radiostan,2011,CLERMONT-FERRAND,0
tt12195494,ci sono gli spiriti,2011,CLERMONT-FERRAND,0
tt3110512,kamene,2011,CLERMONT-FERRAND,0
tt1943865,vahetus,2011,CLERMONT-FERRAND,0
tt2042659,unfunny game,2011,CLERMONT-FERRAND,0
tt1863294,kielitiettyni,2011,CLERMONT-FERRAND,0
tt1695123,choice night,2011,CLERMONT-FERRAND,0
tt1729529,caos,2011,CLERMONT-FERRAND,0
tt1742091,ninjas,2011,CLERMONT-FERRAND,0
tt1711457,coral,2011,CLERMONT-FERRAND,0
tt1720134,khouya,2011,CLERMONT-FERRAND,0
tt2079583,"something left, something taken",2011,CLERMONT-FERRAND,0
tt1727308,inhalation,2011,CLERMONT-FERRAND,0
tt1780767,ambiente familiar,2011,CLERMONT-FERRAND,0
tt1762393,unfinished italy,2011,CLERMONT-FERRAND,0
tt1931410,courte vie,2011,CLERMONT-FERRAND,0
tt1790630,alfama,2011,CLERMONT-FERRAND,0
tt2297039,ukko ja akka,2011,CLERMONT-FERRAND,0
tt2175456,beyond-ism,2011,CLERMONT-FERRAND,0
tt1753934,i'll tell you,2011,CLERMONT-FERRAND,0
tt1514449,waiting for gorgo,2011,CLERMONT-FERRAND,0
tt1783738,les journaux de lipsett,2011,CLERMONT-FERRAND,0
tt1603847,higglety pigglety pop! or there must be more to life,2011,CLERMONT-FERRAND,0
tt1703831,man in a room,2011,CLERMONT-FERRAND,0
tt1727361,tasnim,2011,CLERMONT-FERRAND,0
tt2458032,little quentin,2011,CLERMONT-FERRAND,0
tt1605703,dolorës,2011,CLERMONT-FERRAND,0
tt1846991,vicenta,2011,CLERMONT-FERRAND,0
tt2064878,nespavanje ne ubija,2011,CLERMONT-FERRAND,0
tt1757811,mi hatice,2011,CLERMONT-FERRAND,0
tt1764616,suiker,2011,CLERMONT-FERRAND,0
tt1754323,oshima,2011,CLERMONT-FERRAND,0
tt2618616,more zhelaniy,2011,CLERMONT-FERRAND,0
tt1886538,extracts from the myself diaries,2011,CLERMONT-FERRAND,0
tt1661873,shikasha,2011,CLERMONT-FERRAND,0
tt1673496,the first time,2011,CLERMONT-FERRAND,0
tt1897990,wakaranai buta,2011,CLERMONT-FERRAND,0
tt1821389,the wind is blowing on my street,2011,CLERMONT-FERRAND,0
tt1737686,raju,2011,CLERMONT-FERRAND,0
tt1719631,six strands,2011,CLERMONT-FERRAND,0
tt1693956,summer snapshot,2011,CLERMONT-FERRAND,0
tt1846687,on the water's edge,2011,CLERMONT-FERRAND,0
tt1620777,hidegzuhany,2011,CLERMONT-FERRAND,0
tt1693816,old fangs,2011,CLERMONT-FERRAND,0
tt1813206,braids on a bald head,2011,CLERMONT-FERRAND,0
tt2321258,el pozo,2011,CLERMONT-FERRAND,0
tt1723618,vannliljer i blomst,2011,CLERMONT-FERRAND,0
tt1601238,tussilago,2011,CLERMONT-FERRAND,0
tt2549188,traumdeutung,2011,CLERMONT-FERRAND,0
tt1816023,traiettorie invisibili,2011,CLERMONT-FERRAND,0
tt3644378,stuck in a groove,2011,CLERMONT-FERRAND,0
tt1651083,salar,2011,CLERMONT-FERRAND,0
tt1854255,class trip,2011,CLERMONT-FERRAND,0
tt1594441,bad night for the blues,2011,CLERMONT-FERRAND,0
tt1543313,ich bin's helmut,2011,CLERMONT-FERRAND,0
tt1836885,peaceforce,2011,CLERMONT-FERRAND,0
tt1986138,stardust,2011,CLERMONT-FERRAND,0
tt2258625,storyteller,2011,CLERMONT-FERRAND,0
tt1547244,ÿnskeb¯rn,2011,CLERMONT-FERRAND,0
tt1819469,baya'a el ward,2011,CLERMONT-FERRAND,0
tt2262495,¡gua fria,2012,CLERMONT-FERRAND,0
tt1964885,lost springs 2,2012,CLERMONT-FERRAND,0
tt2080324,how to raise the moon,2012,CLERMONT-FERRAND,0
tt2281387,o céu no andar de baixo,2012,CLERMONT-FERRAND,0
tt2023595,salt of the earth,2012,CLERMONT-FERRAND,0
tt1858468,jam today,2012,CLERMONT-FERRAND,0
tt2266775,la broma infinita,2012,CLERMONT-FERRAND,0
tt1787802,tethered,2012,CLERMONT-FERRAND,0
tt1964446,a morning stroll,2012,CLERMONT-FERRAND,1
tt1950188,graffitiger,2012,CLERMONT-FERRAND,0
tt1881007,matador on the road,2012,CLERMONT-FERRAND,0
tt1922553,attach boat to motor,2012,CLERMONT-FERRAND,0
tt3140154,olifantenvoeten,2012,CLERMONT-FERRAND,0
tt1870457,los crimenes,2012,CLERMONT-FERRAND,0
tt1819606,mujeres del tirano,2012,CLERMONT-FERRAND,0
tt1950120,daheim,2012,CLERMONT-FERRAND,0
tt1972766,wolf carver,2012,CLERMONT-FERRAND,0
tt1927042,god view,2012,CLERMONT-FERRAND,0
tt1982600,a f·brica,2012,CLERMONT-FERRAND,0
tt2005195,"demain, alger ?",2012,CLERMONT-FERRAND,0
tt1815597,armadingen,2012,CLERMONT-FERRAND,0
tt4045674,meteor,2012,CLERMONT-FERRAND,0
tt2158673,nuru,2012,CLERMONT-FERRAND,0
tt1911563,"dove sei, amor mio",2012,CLERMONT-FERRAND,0
tt1998180,at the formal,2012,CLERMONT-FERRAND,0
tt2255815,"galim susitkti, galim nesusitikti",2012,CLERMONT-FERRAND,0
tt1999180,hovedl¯st begêr,2012,CLERMONT-FERRAND,0
tt2087892,diy encouragement,2012,CLERMONT-FERRAND,0
tt1972687,the real millionaire,2012,CLERMONT-FERRAND,0
tt2043890,jamgyr,2012,CLERMONT-FERRAND,0
tt1858463,in transit,2012,CLERMONT-FERRAND,0
tt2023611,moxie,2012,CLERMONT-FERRAND,0
tt2118762,twenty dollars,2012,CLERMONT-FERRAND,0
tt2010972,derivation,2012,CLERMONT-FERRAND,0
tt2085773,choros,2012,CLERMONT-FERRAND,0
tt2043779,asunto de gallos,2012,CLERMONT-FERRAND,0
tt2056638,long distance information,2012,CLERMONT-FERRAND,0
tt2043861,gabi,2012,CLERMONT-FERRAND,0
tt2519864,under the colours,2012,CLERMONT-FERRAND,0
tt2063699,l train,2012,CLERMONT-FERRAND,0
tt1852161,umkhungo,2012,CLERMONT-FERRAND,0
tt2336245,dell'ammazzare il maiale,2012,CLERMONT-FERRAND,0
tt1969128,shoot the moon,2012,CLERMONT-FERRAND,0
tt2271715,time of cherry blossoms,2012,CLERMONT-FERRAND,0
tt2298309,een bizarre samenloop van omstandigheden,2012,CLERMONT-FERRAND,0
tt2123999,mari pepa,2012,CLERMONT-FERRAND,0
tt2327469,portrait from haiti,2012,CLERMONT-FERRAND,0
tt2313195,artificial melodrama,2012,CLERMONT-FERRAND,0
tt2763332,the song of the mechanical fish,2012,CLERMONT-FERRAND,0
tt1935143,hello my name is olga,2012,CLERMONT-FERRAND,0
tt4260066,fado do homem crescido,2012,CLERMONT-FERRAND,0
tt2096674,ursus,2012,CLERMONT-FERRAND,0
tt2306637,manila running,2012,CLERMONT-FERRAND,0
tt2331852,ausreichend,2012,CLERMONT-FERRAND,0
tt2087699,bermula dari a,2012,CLERMONT-FERRAND,0
tt2098774,"dad, lenin and freddy",2012,CLERMONT-FERRAND,0
tt1977883,hoshigaki,2012,CLERMONT-FERRAND,0
tt2049621,prtljag,2012,CLERMONT-FERRAND,0
tt2203813,i morti di alos,2012,CLERMONT-FERRAND,0
tt5105594,moving stories,2012,CLERMONT-FERRAND,0
tt1520494,blinky tm,2012,CLERMONT-FERRAND,0
tt7857550,downstream,2014,CLERMONT-FERRAND,0
tt3010802,i love you so hard,2014,CLERMONT-FERRAND,0
tt3203458,a tropical sunday,2014,CLERMONT-FERRAND,0
tt6131914,fitri,2014,CLERMONT-FERRAND,0
tt2752384,doroga,2014,CLERMONT-FERRAND,0
tt4296620,elkartea,2014,CLERMONT-FERRAND,0
tt2879772,zima,2014,CLERMONT-FERRAND,0
tt3719716,des(pecho)trucciûn,2014,CLERMONT-FERRAND,0
tt2664092,though i know the river is dry,2014,CLERMONT-FERRAND,0
tt2595084,springtime,2014,CLERMONT-FERRAND,0
tt2837350,rhoma acans,2014,CLERMONT-FERRAND,0
tt2881446,perception,2014,CLERMONT-FERRAND,0
tt3145574,"puma, mi bienamado",2014,CLERMONT-FERRAND,0
tt2705260,meu amigo nietzsche,2014,CLERMONT-FERRAND,0
tt2853720,solidarity,2014,CLERMONT-FERRAND,0
tt3103406,hasta santiago,2014,CLERMONT-FERRAND,0
tt3427154,un pays de silences,2014,CLERMONT-FERRAND,0
tt3548336,namo,2014,CLERMONT-FERRAND,0
tt3565482,la banqueta,2014,CLERMONT-FERRAND,0
tt3745478,the north sea riviera,2014,CLERMONT-FERRAND,0
tt3732604,anesthesia,2014,CLERMONT-FERRAND,0
tt3225926,ghost train,2014,CLERMONT-FERRAND,0
tt2430270,140 drams,2014,CLERMONT-FERRAND,0
tt3146580,montauk,2014,CLERMONT-FERRAND,0
tt2878564,everyone thinks they're special. nobody cares.,2014,CLERMONT-FERRAND,0
tt3577254,dinola,2014,CLERMONT-FERRAND,0
tt3073976,kay pacha,2014,CLERMONT-FERRAND,0
tt3663136,ojcze masz,2014,CLERMONT-FERRAND,0
tt2217966,flammable,2014,CLERMONT-FERRAND,0
tt2788990,sangre de unicornio,2014,CLERMONT-FERRAND,0
tt2978734,i love hooligans,2014,CLERMONT-FERRAND,0
tt3498652,"ud, spring over, ind",2014,CLERMONT-FERRAND,0
tt3243918,ni-ni,2014,CLERMONT-FERRAND,0
tt2821104,sequence,2014,CLERMONT-FERRAND,0
tt3265228,red hulk,2014,CLERMONT-FERRAND,0
tt2769730,ghost train,2014,CLERMONT-FERRAND,0
tt3165068,sin respuesta,2014,CLERMONT-FERRAND,0
tt2781526,ziegenort,2014,CLERMONT-FERRAND,0
tt2929660,killing phillip,2014,CLERMONT-FERRAND,0
tt2427764,for spacious sky,2014,CLERMONT-FERRAND,0
tt3475266,chidiya udh,2014,CLERMONT-FERRAND,0
tt3251604,welkom,2014,CLERMONT-FERRAND,0
tt3300024,junk head 1,2014,CLERMONT-FERRAND,0
tt3613036,la part de l'ombre,2014,CLERMONT-FERRAND,0
tt3120806,marilyn myller,2014,CLERMONT-FERRAND,0
tt3036932,foad,2014,CLERMONT-FERRAND,0
tt2972520,the missing scarf,2014,CLERMONT-FERRAND,0
tt3149440,paratiisin avaimet,2014,CLERMONT-FERRAND,0
tt3497474,no kaddish in carmarthen,2014,CLERMONT-FERRAND,0
tt3202674,un lugar mejor,2014,CLERMONT-FERRAND,0
tt3219156,a man on the road is best left alone,2014,CLERMONT-FERRAND,0
tt11367362,madama esther,2014,CLERMONT-FERRAND,0
tt3106346,the way back,2014,CLERMONT-FERRAND,0
tt3185264,keeping up with the joneses,2014,CLERMONT-FERRAND,0
tt3399776,a living soul,2014,CLERMONT-FERRAND,0
tt3358484,de honger,2014,CLERMONT-FERRAND,0
tt3577216,all-powerful!,2014,CLERMONT-FERRAND,0
tt3646320,the shirley temple,2014,CLERMONT-FERRAND,0
tt3906734,the age of curious,2014,CLERMONT-FERRAND,0
tt3558852,techos rotos,2014,CLERMONT-FERRAND,0
tt3421750,colectia de arome,2014,CLERMONT-FERRAND,0
tt3633760,through the hawthorn,2014,CLERMONT-FERRAND,0
tt3406926,counterpart,2014,CLERMONT-FERRAND,0
tt2990788,olga,2014,CLERMONT-FERRAND,0
tt2949604,we are not here,2014,CLERMONT-FERRAND,0
tt3120982,in the air is christopher gray,2014,CLERMONT-FERRAND,0
tt3103468,les jours d'avant,2014,CLERMONT-FERRAND,0
tt12735070,completo,2015,CLERMONT-FERRAND,0
tt4494096,irene,2015,CLERMONT-FERRAND,0
tt3140068,a million miles away,2015,CLERMONT-FERRAND,0
tt3763284,port nasty,2015,CLERMONT-FERRAND,0
tt3655472,futile garden,2015,CLERMONT-FERRAND,0
tt3685362,crocodile,2015,CLERMONT-FERRAND,0
tt3610698,the fish that drowned,2015,CLERMONT-FERRAND,0
tt3463078,365,2015,CLERMONT-FERRAND,0
tt3656132,hjonabandssaela,2015,CLERMONT-FERRAND,0
tt3469604,the obvious child,2015,CLERMONT-FERRAND,0
tt4129404,maryam,2015,CLERMONT-FERRAND,0
tt3829964,démontable,2015,CLERMONT-FERRAND,0
tt3719830,cams,2015,CLERMONT-FERRAND,0
tt5126994,modernidad,2015,CLERMONT-FERRAND,0
tt3618132,hipopotamy,2015,CLERMONT-FERRAND,0
tt4542584,minsu kim in wonderland,2015,CLERMONT-FERRAND,0
tt3962188,lystopad,2015,CLERMONT-FERRAND,0
tt3970022,de schnuuf,2015,CLERMONT-FERRAND,0
tt3921130,till day's end,2015,CLERMONT-FERRAND,0
tt3788934,dinner for few,2015,CLERMONT-FERRAND,0
tt4077790,interior. famìlia.,2015,CLERMONT-FERRAND,0
tt6680428,historia natural,2015,CLERMONT-FERRAND,0
tt3202982,"the bravest, the boldest",2015,CLERMONT-FERRAND,0
tt4746092,las ventanas,2015,CLERMONT-FERRAND,0
tt3711880,une idée de grandeur,2015,CLERMONT-FERRAND,0
tt3730206,prends-moi,2015,CLERMONT-FERRAND,0
tt3703670,sthorzina,2015,CLERMONT-FERRAND,0
tt3646668,"sieben mal am tag beklagen wir unser los und nachts stehen wir auf, um nicht zu",2015,CLERMONT-FERRAND,0
tt3951722,yen yen,2015,CLERMONT-FERRAND,0
tt3967218,pilots on the way home,2015,CLERMONT-FERRAND,0
tt3657876,salers,2015,CLERMONT-FERRAND,0
tt3862040,l' offre,2015,CLERMONT-FERRAND,0
tt3885586,niòo de metal,2015,CLERMONT-FERRAND,0
tt3215822,the nostalgist,2015,CLERMONT-FERRAND,0
tt3594988,somewhere down the line,2015,CLERMONT-FERRAND,0
tt3367028,let me down easy,2015,CLERMONT-FERRAND,0
tt4319778,el corredor,2015,CLERMONT-FERRAND,0
tt3962098,ser e voltar,2015,CLERMONT-FERRAND,0
tt5120322,small people with hats,2015,CLERMONT-FERRAND,0
tt4087256,filme som,2015,CLERMONT-FERRAND,0
tt3732724,no free lunch,2015,CLERMONT-FERRAND,0
tt4186226,not working today,2015,CLERMONT-FERRAND,0
tt3624422,rodl¯s,2015,CLERMONT-FERRAND,0
tt4476914,la légende dorée,2015,CLERMONT-FERRAND,0
tt4242252,fuligem,2015,CLERMONT-FERRAND,0
tt3534724,grace under water,2015,CLERMONT-FERRAND,0
tt4031110,hes the best,2015,CLERMONT-FERRAND,0
tt8482586,jour j,2015,CLERMONT-FERRAND,0
tt4182298,ricsi,2015,CLERMONT-FERRAND,0
tt4552226,rabie chetwy,2015,CLERMONT-FERRAND,0
tt3633096,beach week,2015,CLERMONT-FERRAND,0
tt4186236,that day of the month,2015,CLERMONT-FERRAND,0
tt3976334,loop ring chop drink,2015,CLERMONT-FERRAND,0
tt3815708,cutaway,2015,CLERMONT-FERRAND,0
tt3312850,a warm spell,2015,CLERMONT-FERRAND,0
tt4111006,onder ons,2015,CLERMONT-FERRAND,0
tt4531522,samanta,2015,CLERMONT-FERRAND,0
tt3843660,jane's wedding,2015,CLERMONT-FERRAND,0
tt4500848,fan fan,2015,CLERMONT-FERRAND,0
tt3679930,county state usa: sweet corn,2015,CLERMONT-FERRAND,0
tt4340192,my dad,2015,CLERMONT-FERRAND,0
tt4510636,s,2015,CLERMONT-FERRAND,0
tt4185194,de smet,2015,CLERMONT-FERRAND,0
tt4041336,zarautzen erosi zuen,2015,CLERMONT-FERRAND,0
tt3807258,përe,2015,CLERMONT-FERRAND,0
tt3753982,nieprawdopodobnie elastyczny czlowiek,2015,CLERMONT-FERRAND,0
tt4215316,obiekt,2015,CLERMONT-FERRAND,0
tt3712174,izlaz u slucaju opasnosti,2015,CLERMONT-FERRAND,0
tt5156788,beeke,2015,CLERMONT-FERRAND,0
tt3838708,hot nasty teen,2015,CLERMONT-FERRAND,0
tt4442164,killer?,2015,CLERMONT-FERRAND,0
tt12744128,inspection,2015,CLERMONT-FERRAND,0
tt3475162,the palace on the sea,2015,CLERMONT-FERRAND,0
tt4613788,the lasting persimmon,2016,CLERMONT-FERRAND,0
tt4316016,garasz inventory,2016,CLERMONT-FERRAND,0
tt4129536,gelem,2016,CLERMONT-FERRAND,0
tt4494966,madam black,2016,CLERMONT-FERRAND,0
tt4780486,the atom station,2016,CLERMONT-FERRAND,0
tt4189526,teeth,2016,CLERMONT-FERRAND,0
tt6038908,isand,2016,CLERMONT-FERRAND,0
tt4057290,den tha gerasoume pote,2016,CLERMONT-FERRAND,0
tt5136400,in the distance,2016,CLERMONT-FERRAND,0
tt4881438,junilyn has,2016,CLERMONT-FERRAND,0
tt3783404,son in the barbershop,2016,CLERMONT-FERRAND,0
tt4554344,edmond,2016,CLERMONT-FERRAND,0
tt4534076,el hueco,2016,CLERMONT-FERRAND,0
tt4717082,le nom que tu portes,2016,CLERMONT-FERRAND,0
tt4664256,ihr sohn,2016,CLERMONT-FERRAND,0
tt4369290,auto copa park,2016,CLERMONT-FERRAND,0
tt4745112,o guardador,2016,CLERMONT-FERRAND,0
tt5470300,eden's edge (three shorts on the californian desert),2016,CLERMONT-FERRAND,0
tt4818944,sugar lump,2016,CLERMONT-FERRAND,0
tt4599238,2037,2016,CLERMONT-FERRAND,0
tt3950846,alb,2016,CLERMONT-FERRAND,0
tt4463782,camrex,2016,CLERMONT-FERRAND,0
tt6068044,sexy laundry,2016,CLERMONT-FERRAND,0
tt5738844,syn,2016,CLERMONT-FERRAND,0
tt4679776,a smile in the back of my head,2016,CLERMONT-FERRAND,0
tt4043248,derniëre porte au sud,2016,CLERMONT-FERRAND,0
tt6412308,voor film,2016,CLERMONT-FERRAND,0
tt5269976,9 days - from my window in aleppo,2016,CLERMONT-FERRAND,0
tt4940422,zakat,2016,CLERMONT-FERRAND,0
tt5468164,uzak m?...,2016,CLERMONT-FERRAND,0
tt5021598,amal,2016,CLERMONT-FERRAND,0
tt4882104,just another day in egypt,2016,CLERMONT-FERRAND,0
tt4881624,babor casanova,2016,CLERMONT-FERRAND,0
tt4901102,"accidents, blunders and calamities",2016,CLERMONT-FERRAND,0
tt3874096,midland,2016,CLERMONT-FERRAND,0
tt4370308,dark_net,2016,CLERMONT-FERRAND,0
tt5163186,lost village,2016,CLERMONT-FERRAND,0
tt4624312,behemoth - or the game of god,2016,CLERMONT-FERRAND,0
tt5615886,a gloria de fazer cinema em portugal,2016,CLERMONT-FERRAND,0
tt5015160,h positive,2016,CLERMONT-FERRAND,0
tt5142310,a coat made dark,2016,CLERMONT-FERRAND,0
tt5127924,polski,2016,CLERMONT-FERRAND,0
tt5047458,greener grass,2016,CLERMONT-FERRAND,0
tt5140076,keep going,2016,CLERMONT-FERRAND,0
tt5034550,mil capas,2016,CLERMONT-FERRAND,0
tt4823988,homebodies,2016,CLERMONT-FERRAND,0
tt5493492,nia's door,2016,CLERMONT-FERRAND,0
tt5472464,la indiferencia del viento,2016,CLERMONT-FERRAND,0
tt4790792,ernie biscuit,2016,CLERMONT-FERRAND,0
tt5134912,deer flower,2016,CLERMONT-FERRAND,0
tt4918936,raisa,2016,CLERMONT-FERRAND,0
tt11056414,la fin d'homëre,2016,CLERMONT-FERRAND,0
tt4879946,subotika - land of wonders,2016,CLERMONT-FERRAND,0
tt5076438,boiler,2016,CLERMONT-FERRAND,0
tt5738998,the light side,2016,CLERMONT-FERRAND,0
tt3824162,the pride of strathmoor,2016,CLERMONT-FERRAND,0
tt4433784,symbolic threats,2016,CLERMONT-FERRAND,0
tt4663912,die badewanne,2016,CLERMONT-FERRAND,0
tt8692502,no one gets out of here alive,2016,CLERMONT-FERRAND,0
tt9589562,forastero,2016,CLERMONT-FERRAND,0
tt5012824,fata morgana,2016,CLERMONT-FERRAND,0
tt5281892,courber l'échine,2016,CLERMONT-FERRAND,0
tt5468122,panorama,2016,CLERMONT-FERRAND,0
tt4603530,"cokolwiek sie zdarzy, kocham cie",2016,CLERMONT-FERRAND,0
tt5267426,freeze,2016,CLERMONT-FERRAND,0
tt5992144,bow wow bow,2016,CLERMONT-FERRAND,0
tt5139810,har gaf sayfan,2016,CLERMONT-FERRAND,0
tt5356130,anay ny lalana,2016,CLERMONT-FERRAND,0
tt8403920,kasco,2016,CLERMONT-FERRAND,0
tt5844598,amazonas,2016,CLERMONT-FERRAND,0
tt4806446,fuel to fire,2016,CLERMONT-FERRAND,0
tt5344390,the manliest man,2016,CLERMONT-FERRAND,0
tt4982454,seide,2016,CLERMONT-FERRAND,0
tt4934960,change in the weather,2016,CLERMONT-FERRAND,0
tt10767066,blast beat,2016,CLERMONT-FERRAND,0
tt6009338,red-end and the factory plant,2016,CLERMONT-FERRAND,0
tt4653670,the living need light the dead need music,2016,CLERMONT-FERRAND,0
tt5576356,sit and watch,2017,CLERMONT-FERRAND,0
tt5351164,a sunny day,2017,CLERMONT-FERRAND,0
tt5672008,coin boy,2017,CLERMONT-FERRAND,0
tt5645598,la canoa de ulises,2017,CLERMONT-FERRAND,0
tt5622260,como yo te amo,2017,CLERMONT-FERRAND,0
tt5361654,campo de viboras,2017,CLERMONT-FERRAND,0
tt5139066,united interest,2017,CLERMONT-FERRAND,0
tt5785928,in the grass,2017,CLERMONT-FERRAND,0
tt9680676,squirrel island,2017,CLERMONT-FERRAND,0
tt6169644,big booom,2017,CLERMONT-FERRAND,0
tt5133224,the spa,2017,CLERMONT-FERRAND,0
tt5577810,homework,2017,CLERMONT-FERRAND,0
tt5041632,norte,2017,CLERMONT-FERRAND,0
tt5749224,happy end,2017,CLERMONT-FERRAND,0
tt6324176,cipka,2017,CLERMONT-FERRAND,0
tt6324018,wyjde z siebie,2017,CLERMONT-FERRAND,0
tt6614606,sigismond sans images,2017,CLERMONT-FERRAND,0
tt6068038,before love,2017,CLERMONT-FERRAND,0
tt6223852,deusa,2017,CLERMONT-FERRAND,0
tt5473988,in kropsdam is iedereen gelukkig,2017,CLERMONT-FERRAND,0
tt5079084,bird dog,2017,CLERMONT-FERRAND,0
tt5284234,bon voyage,2017,CLERMONT-FERRAND,0
tt9189452,blues with me,2017,CLERMONT-FERRAND,0
tt5886854,the nest,2017,CLERMONT-FERRAND,0
tt6773426,the unnatural,2017,CLERMONT-FERRAND,0
tt7069890,como la primera vez,2017,CLERMONT-FERRAND,0
tt6136034,skewe reînboog,2017,CLERMONT-FERRAND,0
tt9640530,killing klaus kinski,2017,CLERMONT-FERRAND,0
tt6555174,relaxatron 5000,2017,CLERMONT-FERRAND,0
tt5921584,nocna ptica,2017,CLERMONT-FERRAND,0
tt5929386,green screen gringo,2017,CLERMONT-FERRAND,0
tt5940264,this far up,2017,CLERMONT-FERRAND,0
tt5444976,det sjunkne kloster,2017,CLERMONT-FERRAND,0
tt5526846,rakastan annaa,2017,CLERMONT-FERRAND,0
tt5918984,the dockworker's dream,2017,CLERMONT-FERRAND,0
tt5801908,the law of averages,2017,CLERMONT-FERRAND,0
tt5926890,dekalb elementary,2017,CLERMONT-FERRAND,1
tt6753898,kommittén,2017,CLERMONT-FERRAND,0
tt5465776,jag var en vinnare,2017,CLERMONT-FERRAND,0
tt6719834,genaro,2017,CLERMONT-FERRAND,0
tt5841114,and so we put goldfish in the pool,2017,CLERMONT-FERRAND,0
tt5351022,honey and old cheese,2017,CLERMONT-FERRAND,0
tt6498258,wannabe,2017,CLERMONT-FERRAND,0
tt5717448,the world in your window,2017,CLERMONT-FERRAND,0
tt6286720,kung wala nang tulad natin,2017,CLERMONT-FERRAND,0
tt9145140,the drum,2017,CLERMONT-FERRAND,0
tt6341668,icebox,2017,CLERMONT-FERRAND,0
tt3431210,the absence of eddy table,2017,CLERMONT-FERRAND,0
tt6912066,mattia sa volare,2017,CLERMONT-FERRAND,0
tt6340250,the transfer,2017,CLERMONT-FERRAND,0
tt6409334,disco obu,2017,CLERMONT-FERRAND,0
tt6350550,alan,2017,CLERMONT-FERRAND,0
tt5791402,in white,2017,CLERMONT-FERRAND,0
tt7274592,ins holz,2017,CLERMONT-FERRAND,0
tt7412638,une place dans l'avion,2017,CLERMONT-FERRAND,0
tt5579720,fizetos nap,2017,CLERMONT-FERRAND,0
tt9392110,estado itinerante,2017,CLERMONT-FERRAND,0
tt5966266,welcome home allen,2017,CLERMONT-FERRAND,0
tt6413610,thought broadcasting,2017,CLERMONT-FERRAND,0
tt2077694,antonio + silvana = 2,2011,IDFA,0
tt1945091,forerunners,2011,IDFA,0
tt4653186,a family affair,2015,IDFA,0
tt4666618,a sinner in mecca,2015,IDFA,0
tt4684410,a syrian love story,2015,IDFA,0
tt4779518,a walnut tree,2015,IDFA,0
tt1975162,fortunate son,2011,IDFA,0
tt4619400,according to protocol,2015,IDFA,0
tt5478058,afghanistan night stories,2015,IDFA,0
tt5152448,aida,2015,IDFA,0
tt5691536,alisa in warland,2015,IDFA,0
tt6125802,american epic: the big bang,2015,IDFA,0
tt4504626,among the believers,2015,IDFA,0
tt7522136,aracati,2015,IDFA,0
tt1671513,four horsemen,2011,IDFA,0
tt7538806,arlette - courage is a muscle,2015,IDFA,0
tt5142434,at home in the world,2015,IDFA,0
tt4972122,atlan,2015,IDFA,0
tt4161298,austerlitz,2015,IDFA,0
tt4440520,banking nature,2015,IDFA,0
tt5280626,becoming zlatan,2015,IDFA,0
tt4901304,behemoth,2015,IDFA,0
tt3518012,best of enemies,2015,IDFA,0
tt4136148,beyond my grandfather allende,2015,IDFA,0
tt2006869,the four year plan,2011,IDFA,0
tt0189390,big ben: ben webster in europe,2015,IDFA,0
tt5106226,bird skin,2015,IDFA,0
tt4290988,blood brothers,2015,IDFA,0
tt3983654,boxeadora,2015,IDFA,0
tt0372806,bright leaves,2015,IDFA,0
tt2147287,fragments of palestine,2011,IDFA,0
tt4834764,call me marianna,2015,IDFA,0
tt4827262,calling ukraine,2015,IDFA,0
tt5353138,cambridge,2015,IDFA,0
tt4126304,cartel land,2015,IDFA,1
tt5148778,cecilia,2015,IDFA,0
tt9624084,chechen,2015,IDFA,0
tt4790854,checks and balances,2015,IDFA,0
tt2537350,frayland,2011,IDFA,0
tt5073738,chemsex,2015,IDFA,0
tt5140556,chinese verses,2015,IDFA,0
tt4815426,claude lanzmann: spectres of the shoah,2015,IDFA,1
tt4807434,clear years,2015,IDFA,0
tt5262746,coal india,2015,IDFA,0
tt0068389,cocksucker blues,2015,IDFA,0
tt5264176,concerto - a beethoven journey,2015,IDFA,0
tt0066946,conversations in vermont,2015,IDFA,0
tt2047735,free improvisation,2011,IDFA,0
tt5948174,coups de foudre,2015,IDFA,0
tt4840158,credit for murder,2015,IDFA,0
tt3080844,crocodile gennadiy,2015,IDFA,0
tt4462996,dancing for you,2015,IDFA,0
tt4144818,dear araucaria,2015,IDFA,0
tt12026352,déjà vu,2015,IDFA,0
tt5053042,democracy,2015,IDFA,0
tt2229505,from africa to assen,2011,IDFA,0
tt5229198,don juan,2015,IDFA,0
tt5357118,double aliens,2015,IDFA,0
tt4082668,driving with selvi,2015,IDFA,0
tt0201594,energy and how to get it,2015,IDFA,0
tt4365376,every face has a name,2015,IDFA,0
tt4536540,fassbinder,2015,IDFA,0
tt0119107,"fast, cheap and out of control",2015,IDFA,0
tt0067085,fata morgana,2015,IDFA,0
tt4471392,flotel europa,2015,IDFA,0
tt5283978,for kibera!,2015,IDFA,0
tt3342658,from the depths,2015,IDFA,0
tt5144176,full of dreams,2015,IDFA,0
tt5280580,garage 2.0,2015,IDFA,0
tt4602914,grozny blues,2015,IDFA,0
tt6444786,grumant: island of communism,2015,IDFA,0
tt5245130,holy cow,2015,IDFA,0
tt5240824,home sweet home,2015,IDFA,0
tt5261672,horse-being,2015,IDFA,0
tt4423066,hot sugar's cold world,2015,IDFA,0
tt4247276,hot type: 150 years of the nation,2015,IDFA,0
tt4144504,how to change the world,2015,IDFA,0
tt3327994,human,2015,IDFA,0
tt5121762,i am dublin,2015,IDFA,0
tt4722674,i am sun mu,2015,IDFA,0
tt5120042,i am the blues,2015,IDFA,0
tt5131052,iceberg,2015,IDFA,0
tt5047268,i'll fly higher,2015,IDFA,0
tt4519166,imagine waking up tomorrow and all music has disappeared,2015,IDFA,0
tt5135078,in california,2015,IDFA,0
tt5917542,in defense of the rocket,2015,IDFA,0
tt1719030,give up tomorrow,2011,IDFA,0
tt4257062,in transit,2015,IDFA,0
tt4621016,ingrid bergman: in her own words,2015,IDFA,0
tt9136338,into darkness,2015,IDFA,0
tt5099004,irrawaddy mon amour,2015,IDFA,0
tt5467824,isabella morra,2015,IDFA,0
tt1590078,it felt like a kiss,2015,IDFA,0
tt4192770,goa hippy tribe,2011,IDFA,0
tt5337758,"jheronimus bosch, touched by the devil",2015,IDFA,0
tt5109324,jonas and the backyard circus,2015,IDFA,0
tt4074700,jungle sisters,2015,IDFA,0
tt4477456,k2 - touching the sky,2015,IDFA,0
tt4529712,katsuo-bushi,2015,IDFA,0
tt3785740,kingdom of shadows,2015,IDFA,0
tt2192914,going up the stairs,2011,IDFA,0
tt4952502,lampedusa in winter,2015,IDFA,0
tt0023037,land without bread,2015,IDFA,0
tt4611160,last conversations,2015,IDFA,0
tt6284556,life of a butterfly,2015,IDFA,0
tt4355574,live from new york!,2015,IDFA,0
tt8032584,log head,2015,IDFA,0
tt0457660,golub: late works are the catastrophes,2011,IDFA,0
tt4079552,look love,2015,IDFA,0
tt8332672,lyari notes,2015,IDFA,0
tt4534732,maiko - dancing child,2015,IDFA,0
tt5259120,man falling,2015,IDFA,0
tt0019760,man with a movie camera,2015,IDFA,0
tt5280642,martha & niki,2015,IDFA,0
tt4640564,master and tatyana,2015,IDFA,0
tt4224328,mavis!,2015,IDFA,0
tt1707372,a good man,2011,IDFA,0
tt0063286,me and my brother,2015,IDFA,0
tt0169024,megacities,2015,IDFA,0
tt2545428,meru,2015,IDFA,0
tt4543414,moriom,2015,IDFA,0
tt4336186,motley's law,2015,IDFA,0
tt3412684,mr. gaga,2015,IDFA,0
tt5923384,mr. hu and the temple,2015,IDFA,0
tt5641440,my aleppo,2015,IDFA,0
tt2359081,gozaran - time passing,2011,IDFA,0
tt6158630,"my enemy, my brother",2015,IDFA,0
tt4762054,my silicone love,2015,IDFA,0
tt5546990,napolislam,2015,IDFA,0
tt5104286,natural disorder,2015,IDFA,0
tt4780766,new york cuts,2015,IDFA,0
tt5463208,next stop: utopia,2015,IDFA,0
tt4365412,nice people,2015,IDFA,0
tt2307420,grandma's tattoos,2011,IDFA,0
tt6586964,ok good,2015,IDFA,0
tt4160256,olmo and the seagull,2015,IDFA,0
tt4881032,on football,2015,IDFA,0
tt5646290,on the pole,2015,IDFA,0
tt3587396,only the dead,2015,IDFA,0
tt1931416,the great liberty,2011,IDFA,0
tt4982250,oriented,2015,IDFA,0
tt5051294,"patience, patience you'll go to paradise!",2015,IDFA,0
tt5077744,patient,2015,IDFA,0
tt5181448,pelota ii,2015,IDFA,0
tt3522866,playing lecuona,2015,IDFA,0
tt12242348,askoo,2011,IDFA,0
tt2830606,"gretchen, road movie",2011,IDFA,0
tt5105296,please remember me,2015,IDFA,0
tt3581436,"poverty, inc.",2015,IDFA,0
tt0052100,pull my daisy,2015,IDFA,0
tt1618448,racing extinction,2015,IDFA,1
tt4971758,rebels,2015,IDFA,0
tt9646632,"remember your name, babylon",2015,IDFA,0
tt0073076,grey gardens,2011,IDFA,0
tt3270538,requiem for the american dream,2015,IDFA,0
tt0192534,rocky road to dublin,2015,IDFA,0
tt4302612,roshmia,2015,IDFA,0
tt5130574,rough stage,2015,IDFA,0
tt5046054,roundabout in my head,2015,IDFA,0
tt6948588,russian dream,2015,IDFA,0
tt4833446,ruth,2015,IDFA,0
tt5991580,salamanca,2015,IDFA,0
tt1986018,guerrillera,2011,IDFA,0
tt4126342,salero,2015,IDFA,0
tt5136186,say something,2015,IDFA,0
tt5369250,sketches of siberia,2015,IDFA,0
tt4968400,snow monkey,2015,IDFA,0
tt1889394,gun fight,2011,IDFA,0
tt4432912,song of lahore,2015,IDFA,0
tt5278928,sonita,2015,IDFA,0
tt0245240,stamping ground,2015,IDFA,0
tt4425064,steve jobs: the man in the machine,2015,IDFA,0
tt8026914,still holding still,2015,IDFA,0
tt5152908,strung out,2015,IDFA,0
tt0117778,summer cannibals,2015,IDFA,0
tt2042545,habana muda,2011,IDFA,0
tt4602834,surire,2015,IDFA,0
tt1704619,tabloid,2015,IDFA,0
tt4190906,thank you for playing,2015,IDFA,0
tt7798986,the american epic sessions,2015,IDFA,0
tt4316236,the black panthers: vanguard of the revolution,2015,IDFA,0
tt4056808,the chinese mayor,2015,IDFA,0
tt4190820,hallelujah,2011,IDFA,0
tt4857574,the confessions of thomas quick,2015,IDFA,0
tt4126602,the dybbuk: a talke of wandering souls,2015,IDFA,0
tt0092963,the emperor's naked army marches on,2015,IDFA,0
tt11987456,the enemy,2015,IDFA,0
tt4918254,the fog of srebrenica,2015,IDFA,0
tt0125118,the girl chewing gum,2015,IDFA,0
tt4764988,the ladino ladies' club,2015,IDFA,0
tt4162916,the many sad fates of mr. toledano,2015,IDFA,0
tt2023571,happiness ... promised land,2011,IDFA,0
tt4882164,the meadow,2015,IDFA,0
tt5231436,the mute's house,2015,IDFA,0
tt3317522,the nightmare,2015,IDFA,0
tt0117376,the present,2015,IDFA,0
tt5461800,the rate's cut,2015,IDFA,0
tt5142610,the road,2015,IDFA,0
tt4082596,the russian woodpecker,2015,IDFA,0
tt4434294,the siren of faso fani,2015,IDFA,0
tt5269974,the sniper of kobani,2015,IDFA,0
tt5092396,the successor,2015,IDFA,0
tt2077761,heart of sky - heart of earth,2011,IDFA,0
tt4716560,the swedish theory of love,2015,IDFA,0
tt0096257,the thin blue line,2015,IDFA,0
tt3204394,the wedding contract,2015,IDFA,0
tt5094308,the world according to monsieur khiar,2015,IDFA,0
tt0206805,"here we are, waiting for you",2011,IDFA,0
tt5571142,this is exile: diaries of child refugees,2015,IDFA,0
tt4119052,those who feel the fire burning,2015,IDFA,0
tt5135256,thy father's chair,2015,IDFA,0
tt3986532,tig,2015,IDFA,0
tt4082370,time suspended,2015,IDFA,0
tt0380758,tishe!,2015,IDFA,0
tt4658808,ukrainian sheriffs,2015,IDFA,0
tt1286798,unmistaken child,2015,IDFA,0
tt7120402,varicella,2015,IDFA,0
tt5358370,"vita activa, the spirit of hannah arendt",2015,IDFA,0
tt5474996,walls,2015,IDFA,0
tt4516932,"wastecooking - make food, not waste",2015,IDFA,0
tt4886372,we are not alone,2015,IDFA,0
tt3962848,welcome to leith,2015,IDFA,0
tt0073887,welfare,2015,IDFA,0
tt3780514,we're still here: johnny cash's bitter tears revisited,2015,IDFA,0
tt5151662,when the earth seems to be light,2015,IDFA,0
tt4234732,women in sink,2015,IDFA,0
tt0066580,woodstock,2015,IDFA,0
tt2359085,hitler's children,2011,IDFA,0
tt7685930,13 days. industrial party process,2016,IDFA,0
tt7956450,2brothers,2016,IDFA,0
tt6279726,4.1 miles,2016,IDFA,1
tt6039720,a bastard child,2016,IDFA,0
tt6883800,a greek winter,2016,IDFA,0
tt0171863,a little monastery in tuscany,2016,IDFA,0
tt7713306,a memory in three acts,2016,IDFA,0
tt5259560,a place called lloyd,2016,IDFA,0
tt6347308,a quiet place,2016,IDFA,0
tt0254844,a trip to the country,2016,IDFA,0
tt5938418,a young girl in her nineties,2016,IDFA,0
tt6634904,abandoned land,2016,IDFA,0
tt6155442,ah,2016,IDFA,0
tt0310612,alexei and the spring,2016,IDFA,0
tt2556630,hollandse meesters in de 21ste eeuw,2011,IDFA,0
tt5146068,all these sleepless nights,2016,IDFA,0
tt6132528,almost there,2016,IDFA,0
tt6253346,amateurs in space,2016,IDFA,0
tt5116402,amazona,2016,IDFA,0
tt6141880,ambulance,2016,IDFA,0
tt6203844,anuktatop: the metamorphosis,2016,IDFA,0
tt7629756,areum,2016,IDFA,0
tt0110057,hoop dreams,2011,IDFA,0
tt5329376,beware the slenderman,2016,IDFA,0
tt4586974,black sheep,2016,IDFA,0
tt7535498,bolingo. the forest of love,2016,IDFA,0
tt6273326,burning out,2016,IDFA,0
tt5375040,cameraperson,2016,IDFA,0
tt6105100,che!,2016,IDFA,0
tt5299014,check it,2016,FRAMELINE,0
tt6013920,china's van goghs,2016,IDFA,0
tt6430180,close ties,2016,IDFA,0
tt6906114,coco cabasa,2016,IDFA,0
tt6609806,coeurope,2016,IDFA,0
tt6471638,come back free,2016,IDFA,0
tt5966340,communion,2016,IDFA,0
tt2011296,the hungry tide,2011,IDFA,0
tt5258306,contemporary color,2016,IDFA,0
tt10957128,craigslist allstars,2016,IDFA,0
tt5144500,crowley - every cowboy needs his horse,2016,IDFA,0
tt6337912,cucli,2016,IDFA,0
tt6207394,daan's inheritance,2016,IDFA,0
tt4881208,dead slow ahead,2016,IDFA,0
tt6516212,dil leyla,2016,IDFA,0
tt6387988,dream empire,2016,IDFA,0
tt5945222,dugma: the button,2016,IDFA,0
tt5275830,eat that question - frank zappa in his own words,2016,IDFA,0
tt2190287,i am a woman now,2011,IDFA,0
tt6394534,el patio,2016,IDFA,0
tt5466134,establishing eden,2016,IDFA,0
tt11379478,events in a cloud chamber,2016,IDFA,0
tt5927570,fallen flowers thick leaves,2016,IDFA,0
tt4210852,far western,2016,IDFA,0
tt0436784,"i am cuba, the siberian mammoth",2011,IDFA,0
tt4857622,france,2016,IDFA,0
tt0106642,from the east,2016,IDFA,0
tt5567492,gatekeeper,2016,IDFA,0
tt5073020,god knows where i am,2016,IDFA,0
tt6722950,gogita's new life,2016,IDFA,0
tt0251113,handsworth songs,2016,IDFA,0
tt0929235,at the death house door,2011,IDFA,0
tt2271304,i was born in delhi…,2011,IDFA,0
tt6331476,happily ever after,2016,IDFA,0
tt5698100,hillsborough,2016,IDFA,0
tt5579428,honky tonk heaven: the legend of the broken spoke,2016,IDFA,0
tt6671282,hotel sunrise,2016,IDFA,0
tt6599236,house call,2016,IDFA,0
tt6372626,house for sale,2016,IDFA,0
tt5518022,"houston, we have a problem!",2016,IDFA,0
tt6204524,how to meet a mermaid,2016,IDFA,0
tt0168659,i dimenticati,2016,IDFA,0
tt0076455,i don't know,2016,IDFA,0
tt7096538,"i made you, i kill you",2016,IDFA,0
tt5475022,in loco parentis,2016,IDFA,0
tt2061707,ibiza occident,2011,IDFA,0
tt5915078,it's getting dark,2016,IDFA,0
tt5639178,joe's violin,2016,IDFA,1
tt0457025,koma,2016,IDFA,0
tt5975242,la chana,2016,IDFA,0
tt6086614,letters from baghdad,2016,IDFA,0
tt2043774,if it weren't for you,2011,IDFA,0
tt5847760,liberation day,2016,IDFA,0
tt3917210,"life, animated",2016,IDFA,1
tt6409596,like dew in the sun,2016,IDFA,0
tt7592540,living with giants,2016,IDFA,0
tt5068896,long live benjamin,2016,IDFA,0
tt2638900,lovetrue,2016,IDFA,0
tt0029089,lullaby,2016,IDFA,0
tt0104775,lumumba: death of a prophet,2016,IDFA,0
tt2094849,"if you eat garlic, you get full",2011,IDFA,0
tt5690244,machines,2016,IDFA,0
tt5142750,maya angelou: and still i rise,2016,IDFA,0
tt6192878,miss kiet's children,2016,IDFA,0
tt6273226,mogadishu soldier,2016,IDFA,0
tt7782256,monster in the mind,2016,IDFA,0
tt6488886,mothership goes to brazil,2016,IDFA,0
tt7782302,my father and my mother,2016,IDFA,0
tt5870834,"my friend, yaniv",2016,IDFA,0
tt5275866,norman lear: just another version of you,2016,IDFA,0
tt5117222,notes on blindness,2014,CLERMONT-FERRAND,0
tt6113688,nowhere to hide,2016,IDFA,0
tt5275892,o.j.: made in america,2016,IDFA,1
tt6075942,on the bridge of death and life,2016,IDFA,0
tt6743004,paper stars,2016,IDFA,0
tt5220882,per song,2016,IDFA,0
tt6432808,planeta petrila,2016,IDFA,0
tt2011945,insitu,2011,IDFA,0
tt6090264,plastic china,2016,IDFA,0
tt6173118,priorat,2016,IDFA,0
tt6464888,prison sisters,2016,IDFA,0
tt5294060,progress vs regress,2016,IDFA,0
tt6260534,radio kobani,2016,IDFA,0
tt2216494,rem,2016,IDFA,0
tt5870752,remember me?,2016,IDFA,0
tt5419742,reset,2016,IDFA,0
tt5816564,resurrecting hassan,2016,IDFA,0
tt1325619,revue,2016,IDFA,0
tt5830568,right side of cello,2016,IDFA,0
tt6012822,robinù,2016,IDFA,0
tt5647942,sacred,2016,IDFA,0
tt6181964,sacred water,2016,IDFA,0
tt1319744,the interrupters,2011,IDFA,0
tt5816712,santoalla,2016,IDFA,0
tt6273388,sealers - one last hunt,2016,IDFA,0
tt5971724,seed: the untold story,2016,IDFA,0
tt5921524,shalom italia,2016,IDFA,0
tt0337638,shepherds' journey into the third millennium,2016,IDFA,0
tt6097390,"shingal, where are you?",2016,IDFA,0
tt3044562,shot! the psycho-spiritual mantra of rock,2016,IDFA,0
tt6493170,siberian love,2016,IDFA,0
tt2274206,bad weather,2011,IDFA,0
tt1194612,into eternity,2011,IDFA,0
tt6789376,silent wilderness,2016,IDFA,0
tt6082608,singing with angry bird,2016,IDFA,0
tt5623354,site of sites,2016,IDFA,0
tt12666384,"skulls, of my people",2016,IDFA,0
tt5737938,solitary,2016,IDFA,0
tt5333812,southwest of salem: the story of the san antonio four,2016,FRAMELINE,0
tt6254446,still tomorrow,2016,IDFA,0
tt6253688,stranger in paradise,2016,IDFA,0
tt2772968,taimagura grandma,2016,IDFA,0
tt5333956,the beast is still alive,2016,IDFA,0
tt7831978,the borneo case,2016,IDFA,0
tt2064962,the invisible policeman,2011,IDFA,0
tt5943708,the challenge,2016,IDFA,0
tt6370320,"the claim, the search for stolen art from wwii",2016,IDFA,0
tt0474246,the colonial misunderstanding,2016,IDFA,0
tt6273456,the european,2016,IDFA,0
tt5519566,the first monday in may,2016,IDFA,0
tt7713244,the giant is falling,2016,IDFA,0
tt6052060,the girl down loch änzi,2016,IDFA,0
tt6254144,the good postman,2016,IDFA,0
tt4823592,the graduation,2016,IDFA,0
tt6618178,the grown-ups,2016,IDFA,0
tt5832182,the hanging,2016,IDFA,0
tt6558436,the joy of sound,2016,IDFA,0
tt2102508,the last laugh,2016,IDFA,0
tt2394029,the man from mo'wax,2016,IDFA,0
tt6497796,the offended,2016,IDFA,0
tt4364552,the old jewish cemetery,2016,IDFA,0
tt4930422,the opposition,2016,IDFA,0
tt6238198,the passing years,2016,IDFA,0
tt5128790,the pearl of africa,2016,IDFA,0
tt6235786,the road movie,2016,IDFA,0
tt5278914,the settlers,2016,IDFA,0
tt3550016,jerome jerome,2011,IDFA,0
tt0059894,the war game,2016,IDFA,0
tt6086394,time capsule,2016,IDFA,0
tt3472928,to be a miss,2016,IDFA,0
tt5224766,to stay alive - a method,2016,IDFA,0
tt5116410,tower,2016,IDFA,0
tt1861358,joschka and sir fischer,2011,IDFA,0
tt7700812,trembling mountain,2016,IDFA,0
tt5816280,turn over the stones,2016,IDFA,0
tt2359417,two years at sea,2016,IDFA,0
tt3031520,unknown brood,2016,IDFA,0
tt6178628,venus,2016,IDFA,0
tt6327770,waiting for giraffes,2016,IDFA,0
tt2069819,justice for sale,2011,IDFA,0
tt6139984,walking in the opposite direction,2016,IDFA,0
tt4835086,we are x,2016,IDFA,0
tt5278596,weiner,2016,IDFA,0
tt1794826,kano: an american and his harem,2011,IDFA,0
tt6977228,when will this wind stop,2016,IDFA,0
tt5068628,where you're meant to be,2016,IDFA,0
tt5595422,who we were,2016,IDFA,0
tt6305344,whose country?,2016,IDFA,0
tt5573960,win by fall,2016,IDFA,0
tt6919908,woman and the glacier,2016,IDFA,0
tt3812414,karen blixen - behind her mask,2011,IDFA,0
tt5625792,wrestling alligators,2016,IDFA,0
tt5983406,you have no idea how much i love you,2016,IDFA,0
tt6158604,you've been trumped too,2016,IDFA,0
tt6331386,zaatari djinn,2016,IDFA,0
tt6041330,zaineb hates the snow,2016,IDFA,0
tt6681984,… when you look away,2017,IDFA,0
tt7563926,24th street,2017,IDFA,0
tt7056470,69 minutes of 86 days,2017,IDFA,0
tt7489732,a bar on majorca,2017,IDFA,0
tt0455950,a flood in baath country,2017,IDFA,0
tt7561086,a murder in mansfield,2017,IDFA,0
tt6245590,a stranger came to town,2017,IDFA,0
tt7240516,a woman captured,2017,IDFA,0
tt7334904,a year of hope,2017,IDFA,0
tt6245040,ahmad's hair,2017,IDFA,0
tt0364930,aileen: life and death of a serial killer,2017,IDFA,0
tt7580088,aleppo's fall,2017,IDFA,0
tt7704572,ali aqa,2017,IDFA,0
tt7704614,alicia,2017,IDFA,0
tt7708788,amal,2017,IDFA,0
tt6875564,american valhalla,2017,IDFA,0
tt5345032,another news story,2017,IDFA,0
tt5792490,"antonio lopez 1970: sex, fashion & disco",2017,IDFA,0
tt8046042,apollo javakheti,2017,IDFA,0
tt8041512,as we're told,2017,IDFA,0
tt6659414,ask the sexpert,2017,IDFA,0
tt0115585,atman,2017,IDFA,0
tt7166500,awaken,2017,IDFA,0
tt7782138,back to the taj mahal hotel,2017,IDFA,0
tt7746658,before my feet touch the ground,2017,IDFA,0
tt7028250,before summer ends,2017,IDFA,0
tt8267204,betty - they say i'm different,2017,IDFA,0
tt7630164,big time,2017,IDFA,0
tt1870540,the kingdom of survival,2011,IDFA,0
tt7478304,bloodless,2017,IDFA,0
tt6556354,blue orchids,2017,IDFA,0
tt7290768,braguino,2017,IDFA,0
tt6520634,bunch of kunst,2017,IDFA,0
tt1333634,burma vj – reporting from a closed country,2017,IDFA,0
tt1766189,koran by heart,2011,IDFA,0
tt7693000,call me tony,2017,IDFA,0
tt1541659,chanaika,2017,IDFA,0
tt7241602,children of chance,2017,IDFA,0
tt6479614,city of the sun,2017,IDFA,0
tt6494358,clive davis: the soundtrack of our lives,2017,IDFA,0
tt1865425,kumaré,2011,IDFA,0
tt7801702,cold blooded: the clutter family murders,2017,IDFA,0
tt0263238,crisis: behind a presidential commitment,2017,IDFA,0
tt8066650,dark waves,2017,IDFA,0
tt6992058,dead donkeys fear no hyenas,2017,IDFA,0
tt7315798,deaf child,2017,IDFA,0
tt2096519,kyteman. now what?,2011,IDFA,0
tt6593698,death in the terminal,2017,IDFA,0
tt7523630,debut,2017,IDFA,0
tt0094590,depeche mode: 101,2017,IDFA,0
tt7020700,distant constellation,2017,IDFA,0
tt7555726,dreaming murakami,2017,IDFA,0
tt6180842,drib,2017,IDFA,0
tt2150442,lagos - notes of a city,2011,IDFA,0
tt2180351,eating animals,2017,IDFA,0
tt6587706,el mar la mar,2017,IDFA,0
tt7775988,ethiopiques - revolt of the soul,2017,IDFA,0
tt7578542,ex nihilo,2017,IDFA,0
tt7617944,fatum (room 216),2017,IDFA,0
tt1880111,a balloon for allah,2011,IDFA,0
tt1723126,last days here,2011,IDFA,0
tt6851066,filmworker,2017,IDFA,0
tt6063216,find fix finish,2017,IDFA,0
tt5314176,frame 394,2017,IDFA,0
tt5119342,freedom for the wolf,2017,IDFA,0
tt7708926,garden of life,2017,IDFA,0
tt7690522,golden dawn girls,2017,IDFA,0
tt2525320,the last days of winter,2011,IDFA,0
tt7492880,gwendolyn,2017,IDFA,0
tt5227524,habaneros,2017,IDFA,0
tt5553972,hairat,2017,IDFA,0
tt7209594,happy winter,2017,IDFA,0
tt8918746,heiress of the wind,2017,IDFA,0
tt12553236,"híbridos, the spirits of brazil",2017,IDFA,0
tt4413794,homeland: iraq year zero,2017,IDFA,0
tt9129382,homestay,2017,IDFA,0
tt0095341,hôtel terminus: the life and times of klaus barbie,2017,IDFA,0
tt9610054,how to make a pearl,2017,IDFA,0
tt6573444,human flow,2017,IDFA,0
tt6098544,i am another you,2017,IDFA,0
tt10500414,imposed piece,2017,IDFA,0
tt9049072,impulso,2017,IDFA,0
tt6138322,in praise of nothing,2017,IDFA,0
tt9077660,independent boy,2017,IDFA,0
tt4464508,insha'allah democracy,2017,IDFA,0
tt5458406,instant dreams,2017,IDFA,0
tt6794462,"intent to destroy: death, denial & depiction",2017,IDFA,0
tt1945064,letters from iran,2011,IDFA,0
tt0478160,into great silence,2017,IDFA,0
tt6237642,jesser and the sugarcane,2017,IDFA,0
tt9804142,juan perros,2017,IDFA,0
tt8237806,kalès,2017,IDFA,0
tt7753124,kendis,2017,IDFA,0
tt7848484,kids on the silk road: music in my blood,2017,IDFA,0
tt5800546,kojo,2017,IDFA,0
tt0085809,koyaanisqatsi,2017,IDFA,0
tt6751488,kumbh,2017,IDFA,0
tt6705596,la flor de la vida,2017,IDFA,0
tt5927562,lady of the harbour,2017,IDFA,0
tt6947236,land of the free,2017,IDFA,0
tt6704302,last days in shibati,2017,IDFA,0
tt2142815,life? or theatre?,2011,IDFA,0
tt6184774,let there be light,2017,IDFA,0
tt5613920,living on soul,2017,IDFA,0
tt6350148,love letters,2017,IDFA,0
tt2124188,the light in her eyes,2011,IDFA,0
tt6487050,may it last: a portrait of the avett brothers,2017,IDFA,0
tt6732626,mayskaya street,2017,IDFA,0
tt7197576,"miss maría, skirting the mountain",2017,IDFA,0
tt7516478,moldovan miracle,2017,IDFA,0
tt6220252,mr. gay syria,2017,IDFA,0
tt6153322,muhi - generally temporary,2017,IDFA,0
tt7753122,my happy complicated family,2017,IDFA,0
tt7613776,my name is nobody,2017,IDFA,0
tt7622940,naila and the uprising,2017,IDFA,0
tt2089733,little heaven,2011,IDFA,0
tt12883872,naomi's secret,2017,IDFA,0
tt5654050,nokia mobile - we were connecting people,2017,IDFA,0
tt7739454,nothing like before,2017,IDFA,0
tt7519174,of fathers and sons,2017,IDFA,1
tt2033300,living the dance,2011,IDFA,0
tt7784958,on the edge of life,2017,IDFA,0
tt6786306,one day in aleppo,2017,IDFA,0
tt6722654,orione,2017,IDFA,0
tt6107396,ouaga girls,2017,IDFA,0
tt3384936,ouarzazate movie,2017,IDFA,0
tt13023968,our skin,2017,IDFA,0
tt0119587,paris,2017,IDFA,0
tt9434718,personal truth,2017,IDFA,0
tt2083141,ballroom dancer,2011,IDFA,0
tt1956554,lone twin,2011,IDFA,0
tt8210842,piet is gone,2017,IDFA,0
tt8041618,piripkura,2017,IDFA,0
tt8815392,potato dreams,2017,IDFA,0
tt0078106,powers of ten,2017,IDFA,0
tt5842696,primas,2017,IDFA,0
tt6980792,queerama,2017,IDFA,0
tt4643034,queercore: how to punk a revolution,2017,FRAMELINE,0
tt6149818,quest,2017,FRAMELINE,0
tt1859530,love addict,2011,IDFA,0
tt8842320,"raghu rai, an unframed portrait",2017,IDFA,0
tt6628588,raised by krump,2017,IDFA,0
tt6764122,ramen heads,2017,IDFA,0
tt6756464,recruiting for jihad,2017,IDFA,0
tt7526492,rezo,2017,IDFA,0
tt4964772,risk,2017,IDFA,0
tt10701734,roosenberg,2017,IDFA,0
tt6578572,ryuichi sakamoto,2017,IDFA,0
tt8099232,sand and blood,2017,IDFA,0
tt1002543,santiago,2017,IDFA,0
tt7843836,"see you tomorrow, god willing!",2017,IDFA,0
tt7795132,silence is a falling body,2017,IDFA,0
tt7313202,silica,2017,IDFA,0
tt6964150,silvana,2017,IDFA,0
tt0474361,sisters in law,2017,IDFA,0
tt2391835,lovemeatender,2011,IDFA,0
tt5501158,so help me god,2017,IDFA,0
tt7574340,solving my mother,2017,IDFA,0
tt8496538,some might say,2017,IDFA,0
tt7741252,songs for kit,2017,IDFA,0
tt7133092,spielberg,2017,IDFA,0
tt7199700,strike a rock,2017,IDFA,0
tt7971994,stronger than a bullet,2017,IDFA,0
tt6474502,sulukule mon amour,2017,IDFA,0
tt7085762,taste of cement,2017,IDFA,0
tt7494128,the ancient woods,2017,IDFA,0
tt8050084,"the battle of algiers, a film within history",2017,IDFA,0
tt7319268,the cave,2017,IDFA,0
tt0150230,the cruise,2017,IDFA,0
tt7286916,the dawn wall,2017,IDFA,0
tt6855898,the dead nation,2017,IDFA,0
tt7497376,the deminer,2017,IDFA,0
tt7341660,the distant barking of dogs,2017,IDFA,0
tt6942252,the dread,2017,IDFA,0
tt2233240,mama illegal,2011,IDFA,0
tt0345128,the gleaners and i,2017,IDFA,0
tt7218804,the gospel according to andré,2017,IDFA,0
tt7711200,the greenaway alphabet,2017,IDFA,0
tt0071615,the holy mountain,2017,IDFA,0
tt0336693,the house is black,2017,IDFA,0
tt8059430,the interior city,2017,IDFA,0
tt7638152,the jewish underground,2017,IDFA,0
tt0067324,the land of silence and darkness,2017,IDFA,0
tt7887514,the last fight,2017,IDFA,0
tt10036886,the last honey hunter,2017,IDFA,0
tt7670458,the lonely battle of thomas reid,2017,IDFA,0
tt7292918,the long season,2017,IDFA,0
tt0080087,the lovers' wind,2017,IDFA,0
tt7889414,the man behind the microphone,2017,IDFA,0
tt0089566,the mind of clay,2017,IDFA,0
tt3461412,the mulberry house,2017,IDFA,0
tt7497890,the next guardian,2017,IDFA,0
tt7700760,the pilot's mask,2017,IDFA,0
tt7240656,the poetess,2017,IDFA,0
tt7313522,the prince and the dybbuk,2017,IDFA,0
tt6916476,the rebel surgeon,2017,IDFA,0
tt8264754,the red soul,2017,IDFA,0
tt2062989,meet the fokkens,2011,IDFA,0
tt7530450,the russian job,2017,IDFA,0
tt7290748,the stranger,2017,IDFA,0
tt7702780,the ugliest car,2017,IDFA,0
tt6923390,the wait,2017,IDFA,0
tt7086512,the white world according to daliborek,2017,IDFA,0
tt5836866,the work,2017,IDFA,0
tt6217788,the world of kim & bob,2017,IDFA,0
tt2095768,this is congo,2017,IDFA,0
tt5875666,this is everything: gigi gorgeous,2017,IDFA,0
tt4095988,time trial,2017,IDFA,0
tt0090182,tokyo-ga,2017,IDFA,0
tt6228102,tongue cutters,2017,IDFA,0
tt2234537,toto and his sisters,2017,IDFA,0
tt6333066,trophy,2017,IDFA,0
tt7765118,true love in pueblo textil,2017,IDFA,0
tt7161346,turtle rock,2017,IDFA,0
tt6442456,unheard,2017,IDFA,0
tt7633170,up down & sideways,2017,IDFA,0
tt0254753,the mighty spirit,2011,IDFA,0
tt6089092,volte,2017,IDFA,0
tt7422898,we will maintain,2017,IDFA,0
tt6627682,when god sleeps,2017,IDFA,0
tt7217588,"where do you stand now, joão pedro rodrigues?",2017,IDFA,0
tt6176928,whose streets?,2017,IDFA,0
tt2244995,migropolis,2011,IDFA,0
tt7842194,yves' promise,2017,IDFA,0
tt7935758,zhalanash - empty shore,2017,IDFA,0
tt1655446,the miners' hymns,2011,IDFA,0
tt4453168,the miracle of weebosch,2011,IDFA,0
tt2374418,montenegro,2011,IDFA,0
tt2071530,mother india,2011,IDFA,0
tt2005330,motherland or death,2011,IDFA,0
tt2056507,agnes & nancy,2011,IDFA,0
tt2106331,bayou blue,2011,IDFA,0
tt1742078,mrs carey's concert,2011,IDFA,0
tt6524054,my joan of arc,2011,IDFA,0
tt1871324,my long distance friend,2011,IDFA,0
tt1887818,my mate manchester united,2011,IDFA,0
tt2090573,my thai bride,2011,IDFA,0
tt1613023,"beats, rhymes & life: the travels of a tribe called quest",2011,IDFA,0
tt2356615,the new americans,2011,IDFA,0
tt1972796,the next life,2011,IDFA,0
tt1916670,the night watchman,2011,IDFA,0
tt1509850,no crossover: the trial of allen iverson,2011,IDFA,0
tt1744635,no look pass,2011,IDFA,0
tt3476318,nomadic,2011,IDFA,0
tt2256773,noosfera,2011,IDFA,0
tt3135334,not in my backyard,2011,IDFA,0
tt2090581,nuclear savage,2011,IDFA,0
tt0137355,o amor natural,2011,IDFA,0
tt2114445,off the grid,2011,IDFA,0
tt2170555,one fine day,2011,IDFA,0
tt2049617,one way ticket to bussum,2011,IDFA,0
tt0376293,our trip to africa,2011,IDFA,0
tt2462720,outro,2011,IDFA,0
tt1787777,page one: inside the new york times,2011,IDFA,0
tt3476330,painful painting,2011,IDFA,0
tt2332545,beer is cheaper than therapy,2011,IDFA,0
tt2127340,paparazzi,2011,IDFA,0
tt3196656,"paradiso, an amsterdam stage affair",2011,IDFA,0
tt2054801,peak,2011,IDFA,0
tt1586516,people i could have been and maybe am,2011,IDFA,0
tt2145765,phnom penh lullaby,2011,IDFA,0
tt1438492,behave,2011,IDFA,0
tt2057455,planet of snail,2011,IDFA,0
tt1743720,pom wonderful presents: the greatest movie ever sold,2011,IDFA,0
tt2094920,putin's kiss,2011,IDFA,0
tt1223411,"bert stern, original madman",2011,IDFA,0
tt1950315,radio amina,2011,IDFA,0
tt2070781,raising resistance,2011,IDFA,0
tt2308985,the rat race,2011,IDFA,0
tt2061784,red forest hotel,2011,IDFA,0
tt1733679,the redemption of general butt naked,2011,IDFA,0
tt0405271,reel paradise,2011,IDFA,0
tt2032523,robert mugabe... what happened?,2011,IDFA,0
tt2150418,the betrayal,2011,IDFA,0
tt1252639,saba,2011,IDFA,0
tt1800370,salaam dunk,2011,IDFA,0
tt1789052,sealed fate,2011,IDFA,0
tt1567736,secrets of the tribe,2011,IDFA,0
tt1863372,semper fi: always faithful,2011,IDFA,0
tt1830589,"silvio, one of us",2011,IDFA,0
tt2441172,beyond 9/11,2011,IDFA,0
tt2118726,six million and one,2011,IDFA,0
tt1733581,skateistan: four wheels and a board in kabul,2011,IDFA,0
tt1791605,smokin' fish,2011,IDFA,0
tt1908559,soul catcher,2011,IDFA,0
tt1316432,splinters,2011,IDFA,0
tt0388644,the staircase,2011,IDFA,0
tt1710260,bhopali,2011,IDFA,0
tt0334416,stevie,2011,IDFA,0
tt2109211,stories from lakka beach,2011,IDFA,0
tt1990996,the strawberry tree,2011,IDFA,0
tt2075352,the substance - albert hofmann’s lsd,2011,IDFA,0
tt1834234,sushi: the global catch,2011,IDFA,0
tt2090463,big boys gone bananas!*,2011,IDFA,0
tt2326043,then the wind changed,2011,IDFA,0
tt1859621,they call it myanmar - lifting the curtain,2011,IDFA,0
tt2814224,times like deese,2011,IDFA,0
tt0088275,the times of harvey milk,2011,IDFA,0
tt2148827,ahmed - almost 13,2011,IDFA,0
tt1548303,to be heard,2011,IDFA,0
tt0103099,tongues untied,2011,IDFA,0
tt1698010,tt3d: closer to the edge,2011,IDFA,0
tt1867496,twice as wise,2011,IDFA,0
tt1595061,unraveled,2011,IDFA,0
tt2187156,vakha and magomed,2011,IDFA,0
tt2027251,the vanishing spring light,2011,IDFA,0
tt2306473,bitter seeds,2011,IDFA,0
tt2145659,violated letters,2011,IDFA,0
tt4502232,viva paradis,2011,IDFA,0
tt7821852,war is not a game,2011,IDFA,0
tt3196668,water children,2011,IDFA,0
tt1538012,what's in a name,2011,IDFA,0
tt1908604,when the drum is beating,2011,IDFA,0
tt1820569,white elephant,2011,IDFA,0
tt1826583,a bitter taste of freedom,2011,IDFA,0
tt3614472,with fidel whatever happens,2011,IDFA,0
tt2099588,with my heart in yambo,2011,IDFA,0
tt2076393,"yoole, the sacrifice",2011,IDFA,0
tt1671547,you laugh but it's true,2011,IDFA,0
tt1414820,blaze foley: duct tape messiah,2011,IDFA,0
tt0088650,28 up,2011,IDFA,0
tt7798976,33 animals of santa claus,2011,IDFA,0
tt0430868,33,2011,IDFA,0
tt2125423,5 broken cameras,2011,IDFA,1
tt4683690,9 scenes of violence,2011,IDFA,0
tt2136691,900 days,2011,IDFA,0
tt1637612,an affair of the heart,2012,IDFA,0
tt1226276,bob and the monster,2011,IDFA,0
tt1864253,alias ruby blade: a story of love and revolution,2012,IDFA,0
tt2466858,all of me,2012,IDFA,0
tt2491998,alone in the world,2012,IDFA,0
tt2616032,amsterdam stories usa,2012,IDFA,0
tt1777551,bobby fischer against the world,2011,IDFA,0
tt3313734,are you listening!,2012,IDFA,0
tt2499822,bad boy high security cell,2012,IDFA,0
tt2276604,bahrain: the forbidden country,2012,IDFA,0
tt2395004,bajarí: gypsy barcelona,2012,IDFA,0
tt2311290,balkan melody,2012,IDFA,0
tt2064713,a band called death,2012,IDFA,0
tt2318697,the battle of the jazz guitarist,2012,IDFA,0
tt1951087,bom,2011,IDFA,0
tt0106385,belovy,2012,IDFA,0
tt1931388,beware of mr. baker,2012,IDFA,0
tt2461622,beyond wriezen,2012,IDFA,0
tt2316465,big easy express,2012,IDFA,0
tt2290151,big star: nothing can hurt me,2012,IDFA,0
tt2088704,black out,2012,IDFA,0
tt0390942,born to be blind,2011,IDFA,0
tt2141627,blush of fruit,2012,IDFA,0
tt1447948,boris ryzhy,2012,IDFA,0
tt2224083,born in the ussr: 28up,2012,IDFA,0
tt2235428,bravehearts,2012,IDFA,0
tt2786020,camera/woman,2012,IDFA,0
tt2125467,charles bradley: soul of america,2012,IDFA,0
tt2082232,china heavyweight,2012,IDFA,0
tt3233590,the cleaners,2012,IDFA,0
tt2662120,công binh - the lost fighters of vietnam,2012,IDFA,0
tt0225448,a cry from the grave,2012,IDFA,0
tt2281133,c.k.,2012,IDFA,0
tt2391069,the boxing girls of kabul,2011,IDFA,0
tt0362537,the damned and the sacred,2012,IDFA,0
tt2407504,the defector: escape from north korea,2012,IDFA,0
tt2752534,delete,2012,IDFA,0
tt2843460,denok & gareng,2012,IDFA,0
tt0312614,desi,2012,IDFA,0
tt2071449,dirty energy,2012,IDFA,0
tt1759642,boy cheerleaders,2011,IDFA,0
tt2552292,doctor bucketman,2012,IDFA,0
tt2526514,dragon girls,2012,IDFA,0
tt2752262,dreaming of the golden eagle,2012,IDFA,0
tt2219208,ebb and flow,2012,IDFA,0
tt2386922,the education of mohammad hussein,2012,IDFA,0
tt2507472,"education, education",2012,IDFA,0
tt2475154,elena,2012,IDFA,0
tt2460492,empire,2012,IDFA,0
tt1929205,brother number one,2011,IDFA,0
tt2176504,the end of time,2012,IDFA,0
tt2197913,enzo avitabile music life,2012,IDFA,0
tt1444307,episode 3 - 'enjoy poverty',2012,IDFA,0
tt2390242,even a bird needs a nest,2012,IDFA,0
tt1822381,évocateur: the morton downey jr. movie,2012,IDFA,0
tt2101352,fallen city,2012,IDFA,0
tt2501052,finding mercy,2012,IDFA,0
tt2615134,first cousin once removed,2012,IDFA,0
tt2904992,displair,2012,IDFA,0
tt2492112,emergency,2012,IDFA,0
tt2402607,heart stop beating,2012,IDFA,0
tt2904978,in your head,2012,IDFA,0
tt2402609,meet mr.toilet,2012,IDFA,0
tt2649762,mushroom man,2012,IDFA,0
tt2883890,operation free lunch,2012,IDFA,0
tt2904952,speaking with light,2012,IDFA,0
tt2157160,the invisible bicycle helmet,2012,IDFA,0
tt2905046,the music man,2012,IDFA,0
tt2382308,folie á deux - madness made of two,2012,IDFA,0
tt1948575,for i know my weakness,2012,IDFA,0
tt2285469,for you naked,2012,IDFA,0
tt2149692,forbidden voices,2012,IDFA,0
tt0375761,ford transit,2012,IDFA,0
tt1673376,free the mind,2012,IDFA,0
tt2846140,the garden of eden,2012,IDFA,0
tt2309788,the gatekeepers,2012,IDFA,1
tt2579732,the ghost of piramida,2012,IDFA,0
tt2330945,the girl from the south,2012,IDFA,0
tt0340468,bus 174,2011,IDFA,0
tt2094752,a girl like her,2012,IDFA,0
tt2525062,give us the money,2012,IDFA,0
tt2085857,"good people go to hell, saved people go to heaven",2012,IDFA,0
tt4536092,grandmother and the wolf,2012,IDFA,0
tt2372776,harry dean stanton: partly fiction,2012,IDFA,0
tt2239400,head games,2012,IDFA,0
tt2012648,the camera that changed the world,2011,IDFA,0
tt8019836,here one day,2012,IDFA,0
tt13767816,the hideout,2012,IDFA,0
tt3368516,a home far away,2012,IDFA,0
tt2125653,the house i live in,2012,IDFA,0
tt2364250,housemaids,2012,IDFA,0
tt0160388,the hunt,2012,IDFA,0
tt2392634,i am breathing,2012,IDFA,0
tt1253842,cape spin: an american power struggle,2011,IDFA,0
tt2356404,i am in space,2012,IDFA,0
tt0275415,i loved you,2012,IDFA,0
tt2133241,icebound,2012,IDFA,0
tt3550010,if we knew,2012,IDFA,0
tt1966604,the imposter,2012,IDFA,0
tt0176846,in my father's house,2012,IDFA,0
tt1533737,in the dark room,2012,IDFA,0
tt2422326,in the shadow of the sun,2012,IDFA,0
tt0296548,carlos nader,2011,IDFA,0
tt2294679,informant,2012,IDFA,0
tt1645089,inside job,2012,IDFA,0
tt2075340,"invisible men, the",2012,FRAMELINE,0
tt2571560,jan's mom,2012,IDFA,0
tt3755928,kaloo school,2012,IDFA,0
tt2048877,the ambassador,2011,IDFA,0
tt2050472,carrière: 250 meters,2011,IDFA,0
tt12003010,karsu,2012,IDFA,0
tt3684672,kill your darling,2012,IDFA,0
tt2316787,the king - jari litmanen,2012,IDFA,0
tt2525068,land rush,2012,IDFA,0
tt3436064,the last station,2012,IDFA,0
tt1512201,last train home,2012,IDFA,0
tt0146983,"the leader, his driver and the driver's wife",2012,IDFA,0
tt1961224,carte blanche,2011,IDFA,0
tt0104706,lessons of darkness,2012,IDFA,0
tt4685418,little mo,2012,IDFA,0
tt1838723,little world,2012,IDFA,0
tt1937419,london: the modern babylon,2012,IDFA,0
tt0233828,the long holiday,2012,IDFA,0
tt0104894,losses to be expected,2012,IDFA,0
tt5896414,love and rubbish,2012,IDFA,0
tt2709336,love still,2012,IDFA,0
tt2757968,lovebirds - rebel lovers in india,2012,IDFA,0
tt1957955,low & clear,2012,IDFA,0
tt2551618,the machine which makes everything disappear,2012,IDFA,0
tt0025456,man of aran,2012,IDFA,0
tt2294729,mansome,2012,IDFA,0
tt2494396,map,2012,IDFA,0
tt5433666,mastering bambi,2012,IDFA,0
tt2111478,mea maxima culpa: silence in the house of god,2012,IDFA,0
tt2373324,men at lunch,2012,IDFA,0
tt2542540,mercy mercy,2012,IDFA,0
tt2734628,miss nikki and the tiger girls,2012,IDFA,0
tt2308938,missing in the land of gods,2012,IDFA,0
tt2179140,cinema jenin,2011,IDFA,0
tt2731118,my afghanistan - life in the forbidden zone,2012,IDFA,0
tt2432910,citadel,2011,IDFA,0
tt2381951,"my godfather, his thai bride and me",2012,IDFA,0
tt2536816,no burqas behind bars,2012,IDFA,0
tt2234297,no man's zone,2012,IDFA,0
tt2343266,no place on earth,2012,IDFA,0
tt2910078,a normal life,2012,IDFA,0
tt3550008,not without you,2012,IDFA,0
tt2750090,nowhere home,2012,IDFA,0
tt2318621,one day after peace,2012,IDFA,0
tt2508188,december 25,2012,IDFA,0
tt2478010,one step ahead,2012,IDFA,0
tt2564380,the only son,2012,IDFA,0
tt2348322,open heart,2012,IDFA,1
tt1606829,the other dream team,2012,IDFA,0
tt0765849,our daily bread,2012,IDFA,0
tt2462414,outlawed in pakistan,2012,IDFA,0
tt2448866,pablo's winter,2012,IDFA,0
tt2460426,"park avenue: money, power and the american dream",2012,IDFA,0
tt1736049,a place at the table,2012,IDFA,0
tt2361218,polaris,2012,IDFA,0
tt2091391,poor consuelo conquers the world,2012,IDFA,0
tt2507488,poor us - an animated history of poverty,2012,IDFA,0
tt2538528,port nolloth: between a rock and a hard place,2012,IDFA,0
tt1742178,position among the stars,2012,IDFA,0
tt2200322,pouters,2012,IDFA,0
tt0114189,procedure 769 - the witnesses to an execution,2012,IDFA,0
tt0181288,american movie,2011,IDFA,0
tt1720073,confessions of an eco-terrorist,2011,IDFA,0
tt2125666,the queen of versailles,2012,IDFA,0
tt2379442,rafea: solar mama,2012,IDFA,0
tt2338038,rain,2012,IDFA,0
tt2594654,rawer,2012,IDFA,0
tt2318723,the record breaker,2012,IDFA,0
tt4599298,red wedding,2012,IDFA,0
tt1546795,"corumbiara: they shoot indians, don't they?",2011,IDFA,0
tt2184263,"remember me, my ghost",2012,IDFA,0
tt1773442,reportero,2012,IDFA,0
tt5914656,revolutionary memories of bahman who loved leila,2012,IDFA,0
tt2048837,the ridge,2012,IDFA,0
tt6290428,rogalik,2012,IDFA,0
tt2085910,room 237,2012,IDFA,0
tt2106719,the russian winter,2012,IDFA,0
tt3666826,sand fishers,2012,IDFA,0
tt2437284,sarah's night,2012,IDFA,0
tt0261277,the sea that thinks,2012,IDFA,0
tt2125608,searching for sugar man,2012,IDFA,1
tt0298597,seasons of the year,2012,IDFA,0
tt2366882,self-employed,2012,IDFA,0
tt3277920,the sex police,2012,IDFA,0
tt2343713,sexy baby,2012,IDFA,0
tt1543807,shadows of liberty,2012,IDFA,0
tt0108138,silverlake life,2012,IDFA,0
tt1523980,sins of my father,2012,IDFA,0
tt2250032,smash & grab - the story of the pink panthers,2012,IDFA,0
tt2281463,snake dance,2012,IDFA,0
tt2378465,sofia's last ambulance,2012,IDFA,0
tt2141935,sol lewitt,2012,IDFA,0
tt2625000,soldier on the roof,2012,IDFA,0
tt2242698,the sons of the land,2012,IDFA,0
tt1678050,cure for pain: the mark sandman story,2011,IDFA,0
tt2966298,the sound of belgium,2012,IDFA,0
tt2072236,soundbreaker,2012,IDFA,0
tt2914684,space in between,2012,IDFA,0
tt0112911,spiritual voices,2012,IDFA,0
tt2257602,the staircase 2. the last chance,2012,IDFA,0
tt0896866,standard operating procedure,2012,IDFA,0
tt2525064,stealing africa,2012,IDFA,0
tt2638368,the successor of kakiemon,2012,IDFA,0
tt2322540,"the suffering grasses: when elephants fight, it is the grass that suffers",2012,IDFA,0
tt2880026,summer with anton,2012,IDFA,0
tt0811095,svyato,2012,IDFA,0
tt2280836,sweet dreams,2012,IDFA,0
tt1018920,ten minutes older,2012,IDFA,0
tt1667875,trains of thoughts,2012,IDFA,0
tt2189508,the turner film diaries,2012,IDFA,0
tt2257626,a twist in the fabric of space,2012,IDFA,0
tt2076369,united red army,2012,IDFA,0
tt1844648,daughters of malakeh,2011,IDFA,0
tt3061574,the unplaceables,2012,IDFA,0
tt2215707,uprising: hip hop & the la riots,2012,IDFA,0
tt2243681,valentino's ghost,2012,IDFA,0
tt2211290,the van waveren tapes,2012,IDFA,0
tt1500516,videocracy,2012,IDFA,0
tt1757939,¡ vivan las antipodas!,2012,IDFA,0
tt3666854,voice of a nation: my journey through afghanistan,2012,IDFA,0
tt2164862,wagner's dream,2012,IDFA,0
tt3609820,the wave,2012,IDFA,0
tt2177843,we are legion: the story of the hacktivists,2012,IDFA,0
tt2023449,dead men talking,2011,IDFA,0
tt0498329,we live in public,2012,IDFA,0
tt1934472,we were children,2012,IDFA,0
tt3785702,weapon of war,2012,IDFA,0
tt2507468,welcome to the world,2012,IDFA,0
tt2271771,when hari got married,2012,IDFA,0
tt2142889,when heroes lie,2012,IDFA,0
tt2625960,when the boys return,2012,IDFA,0
tt2042711,where heaven meets hell,2012,IDFA,0
tt2276075,where the condors fly,2012,IDFA,0
tt1964650,desert riders,2011,IDFA,0
tt2500034,who will be a gurkha,2012,IDFA,0
tt2332684,"winter, go away!",2012,IDFA,0
tt0478331,workingman's death,2012,IDFA,0
tt2258685,the world before her,2012,IDFA,0
tt2528322,wrong time wrong place,2012,IDFA,0
tt1270707,z32,2012,IDFA,0
tt2147134,56up,2012,IDFA,0
tt2512962,9 muses of star empire,2012,IDFA,0
tt3212392,actress,2014,IDFA,0
tt3268030,advanced style,2014,IDFA,0
tt3779202,"ady gasy, the malagasy way",2014,IDFA,0
tt2593392,alive inside,2014,IDFA,0
tt4022534,all of me,2014,IDFA,0
tt5260450,always together,2014,IDFA,0
tt2053352,diana vreeland: the eye has to travel,2011,IDFA,0
tt3509908,the arms drop,2014,IDFA,0
tt4144690,around the world in 50 concerts,2014,IDFA,0
tt3654964,art and craft,2014,IDFA,0
tt3950880,at 60 km/h,2014,IDFA,0
tt3722248,austin to boston,2014,IDFA,0
tt3447810,ballet boys,2014,IDFA,0
tt1129435,the beaches of agnès,2014,IDFA,0
tt2097848,die standing up,2011,IDFA,0
tt4004646,beep,2014,IDFA,0
tt3567802,before the last curtain falls,2014,IDFA,0
tt4004194,brick in the wall,2014,IDFA,0
tt3549876,bugarach,2014,IDFA,0
tt3914482,cain's children,2014,IDFA,0
tt1826730,captivated the trials of pamela smart,2014,IDFA,0
tt3492900,the case of the three sided dream,2014,IDFA,0
tt4570854,cats in riga,2014,IDFA,0
tt7837964,cechanok,2014,IDFA,0
tt3170910,chameleon,2014,IDFA,0
tt4249274,chellina / da beast,2014,IDFA,0
tt3958900,the circus dynasty,2014,IDFA,0
tt4044364,citizenfour,2014,IDFA,1
tt0240433,crazy,2014,IDFA,0
tt3345206,damnation,2014,IDFA,0
tt4143306,democrats,2014,IDFA,0
tt0367655,dial h-i-s-t-o-r-y,2014,IDFA,0
tt4370412,diary of hunger,2014,IDFA,0
tt7958884,ebb and tide,2011,IDFA,0
tt4235588,die before blossom,2014,IDFA,0
tt4316954,the doctor leaves last,2014,IDFA,0
tt3745772,dominguinhos,2014,IDFA,0
tt3230970,domino effect,2014,IDFA,0
tt4311478,don't lose heart,2014,IDFA,0
tt2240768,the dream of shahrazad,2014,IDFA,0
tt4277250,drifter,2014,IDFA,0
tt3801730,drone,2014,IDFA,0
tt3966550,elephant's dream,2014,IDFA,0
tt2712884,emergency call - a murder mystery,2014,IDFA,0
tt3667644,escaping riga,2014,IDFA,0
tt4151824,euromaidan. rough cut,2014,IDFA,0
tt1587707,exit through the gift shop,2014,IDFA,0
tt2207477,eyes of stone,2014,IDFA,0
tt0072962,f for fake,2014,IDFA,0
tt4373630,the fencing champion,2014,IDFA,0
tt4374554,fest of duty,2014,IDFA,0
tt4374472,the final stretch,2014,IDFA,0
tt2194328,finding fela,2014,IDFA,0
tt0078090,the flat jungle,2014,IDFA,0
tt3797016,floating bodies,2014,IDFA,0
tt2023385,flying anne,2014,IDFA,0
tt3524638,focus on infinity,2014,IDFA,0
tt4103404,the forecaster,2014,IDFA,0
tt3908344,from caligari to hitler,2014,IDFA,0
tt8225164,the future is ours,2014,IDFA,0
tt4045418,georgica,2014,IDFA,0
tt4353978,ghosts from the past,2014,IDFA,0
tt0367810,"good husband, dear son",2014,IDFA,0
tt4011000,good things await,2014,IDFA,0
tt0114701,goodbye,2014,IDFA,0
tt2304915,the green prince,2014,IDFA,0
tt3089716,the ground beneath their feet,2014,IDFA,0
tt2196638,gulabi gang,2014,IDFA,0
tt4275740,haiduc,2014,IDFA,0
tt4195260,hamartía - more or less louis van gasteren,2014,IDFA,0
tt2244889,heaven adores you,2014,IDFA,0
tt3902550,hip hop-eration,2014,IDFA,0
tt0129149,hotel of the stars,2014,IDFA,0
tt1757815,how to pick berries,2014,IDFA,0
tt3690366,how to smell a rose: a visit with ricky leacock in normandy,2014,IDFA,0
tt4329054,i want to be a king,2014,IDFA,0
tt1068652,i want to see,2014,IDFA,0
tt4651770,i will not be silenced,2014,IDFA,0
tt4080706,ida's diary,2014,IDFA,0
tt4035394,"if mama ain't happy, nobody's happy",2014,IDFA,0
tt0787038,images from the corner,2014,IDFA,0
tt3962828,in the basement,2014,IDFA,0
tt3861956,in the dark,2014,IDFA,0
tt3798636,in the shadow of war,2014,IDFA,0
tt3635712,invasion,2014,IDFA,0
tt3780312,the invisible friend,2014,IDFA,0
tt4157220,iris,2014,IDFA,0
tt3660356,island 36,2014,IDFA,0
tt2475330,it has already been ended before you can see the end,2014,IDFA,0
tt4292072,johan,2014,IDFA,0
tt3597400,just eat it: a food waste story,2014,IDFA,0
tt2674040,keep on keepin' on,2014,IDFA,0
tt7203096,killer slope,2014,IDFA,0
tt1633989,dragonslayer,2011,IDFA,0
tt4067162,killswitch,2014,IDFA,0
tt0143343,kisangani diary,2014,IDFA,0
tt3402078,the lion's mouth opens,2014,IDFA,0
tt4401342,love is all: 100 years of love & courtship,2014,IDFA,0
tt2015288,drifter,2011,IDFA,0
tt3903796,malek means angel,2014,IDFA,0
tt0262606,matriculation,2014,IDFA,0
tt3538766,messi,2014,IDFA,0
tt0107558,metal and melancholy,2014,IDFA,0
tt3828116,ming of harlem - twenty one storeys in the air,2014,IDFA,0
tt3108430,misconception,2014,IDFA,0
tt4159812,moments of silence,2014,IDFA,0
tt2097844,drought,2011,IDFA,0
tt4346118,mother of the unborn,2014,IDFA,0
tt3626440,mr. dynamite: the rise of james brown,2014,IDFA,0
tt3815136,my beautiful broken brain,2014,IDFA,0
tt3629562,my friend the enemy,2014,IDFA,0
tt4154132,my life my lesson,2014,IDFA,0
tt3549508,nas: time is illmatic,2014,IDFA,0
tt6243230,naziha's spring,2014,IDFA,0
tt3797076,the new rijksmuseum - the film,2014,IDFA,0
tt4014108,the newsroom - off the record,2014,IDFA,0
tt3991384,nick and chai,2014,IDFA,0
tt3607436,no lullaby,2014,IDFA,0
tt3488350,olya's love,2014,IDFA,0
tt1836974,ecstasy of order: the tetris masters,2011,IDFA,0
tt4076818,on the bride's side,2014,IDFA,0
tt3662168,the other man - f. w. de klerk and the end of apartheid,2014,IDFA,0
tt4244406,our city,2014,IDFA,0
tt4132226,our colonial hangover,2014,IDFA,0
tt4040896,paco de lucía: a journey,2014,IDFA,0
tt0100332,paris is burning,2011,FRAMELINE,0
tt4342402,pekka,2014,IDFA,0
tt4389756,pepe mujica - lessons from the flowerbed,2014,IDFA,0
tt1946205,el gusto,2011,IDFA,0
tt3492436,pixadores,2014,IDFA,0
tt4029868,placebo,2014,IDFA,0
tt1165293,playing,2014,IDFA,0
tt4098324,plaza man,2014,IDFA,0
tt3512066,the possibilities are endless,2014,IDFA,0
tt3557464,print the legend,2014,IDFA,0
tt3798904,profession: documentarist,2014,IDFA,0
tt0067633,punishment park,2014,IDFA,0
tt4444348,the queen of silence,2014,IDFA,0
tt0089873,racetrack,2014,IDFA,0
tt4659206,raiders,2014,IDFA,0
tt1855224,the reading lesson,2014,IDFA,0
tt7528390,another life,2011,IDFA,0
tt2148945,empire of dust,2011,IDFA,0
tt3576072,regarding susan sontag,2014,FRAMELINE,0
tt2548738,rich hill,2014,IDFA,0
tt3875388,rio 50°,2014,IDFA,0
tt2451742,running from crazy,2014,IDFA,0
tt3275098,the rwandan night,2014,IDFA,0
tt4377944,saken,2014,IDFA,0
tt0114329,salaam cinema,2014,IDFA,0
tt2412748,saving mes aynak,2014,IDFA,0
tt4619600,school full of fish,2014,IDFA,0
tt3454006,seat 26d,2014,IDFA,0
tt4007378,the shore break,2014,IDFA,0
tt2827908,silenced,2014,IDFA,0
tt3752540,sleepers' beat,2014,IDFA,0
tt3242934,slingshot,2014,IDFA,0
tt2731818,sluizer speaks,2014,IDFA,0
tt3798482,solitary plains,2014,IDFA,0
tt3273284,somboon,2014,IDFA,0
tt4188338,something better to come,2014,IDFA,0
tt3486134,songs for alexis,2014,FRAMELINE,0
tt4077150,the sophisticated neanderthal interview,2014,IDFA,0
tt1805412,sound it out,2014,IDFA,0
tt4523344,stand by your president,2014,IDFA,0
tt4215340,starting point,2014,IDFA,0
tt0256408,startup.com,2014,IDFA,0
tt3893456,the state-mafia pact,2014,IDFA,0
tt4648216,stealing socialism,2014,IDFA,0
tt4365450,storm in the andes,2014,IDFA,0
tt4119980,the storm makers,2014,IDFA,0
tt0106855,fallen champ: the untold story of mike tyson,2011,IDFA,0
tt8860406,strangers with patrick watson,2014,IDFA,0
tt3774850,substanz,2014,IDFA,0
tt0108292,tanjuska and the 7 devils,2014,IDFA,0
tt3892434,that sugar film,2014,IDFA,0
tt2733234,the bridge,2014,IDFA,0
tt1787693,family portrait in black and white,2011,IDFA,0
tt2999566,this lovely shitty life,2014,IDFA,0
tt4528606,those who said no,2014,IDFA,0
tt0389448,tie xi qu: west of the tracks,2014,IDFA,0
tt1825758,the tiniest place,2014,IDFA,0
tt2174896,to be takei,2014,FRAMELINE,0
tt0436836,toots,2014,IDFA,0
tt0054388,toss me a dime,2014,IDFA,0
tt4151956,tristia - a black sea odyssey,2014,IDFA,0
tt3639906,the trouble with ray,2014,IDFA,0
tt5130504,ulrich seidl - a director at work,2014,IDFA,0
tt2966934,under the electric sky,2014,IDFA,0
tt0138677,the underground orchestra,2014,IDFA,0
tt2836454,unearthed,2014,IDFA,0
tt4667138,"uyghurs, prisoners of the absurd",2014,IDFA,0
tt0108489,videograms of a revolution,2014,IDFA,0
tt1703232,fightville,2011,IDFA,0
tt3455224,virunga,2014,IDFA,1
tt3257648,waiting for august,2014,IDFA,0
tt2444676,war of lies,2014,IDFA,0
tt4336190,warriors from the north,2014,IDFA,0
tt3798060,the water and the wall,2014,IDFA,0
tt1837004,we are half of iran's population,2014,IDFA,0
tt3455850,we are the giant,2014,IDFA,0
tt3538328,we are twisted fucking sister!,2014,IDFA,0
tt1623727,five star existence,2011,IDFA,0
tt4374482,we were rebels,2014,IDFA,0
tt4418300,a wee night in,2014,IDFA,0
tt4241680,who the fuck is jett rebel,2014,IDFA,0
tt4518416,wind on the moon,2014,IDFA,0
tt4285780,wolflady,2014,IDFA,0
tt3540604,zero point,2014,IDFA,0
tt1733436,fordson,2011,IDFA,0
tt1548865,12th & delaware,2014,IDFA,0
tt3478510,1971,2014,IDFA,0
tt0145597,"1974, une partie de campagne",2014,IDFA,0
tt3711578,35 cows and a kalashnikov,2014,IDFA,0
tt3592340,10 billion - what's on your plate?,2015,IDFA,0
tt4126312,"3½ minutes, ten bullets",2015,IDFA,0
tt5529874,a boy's dream,2015,IDFA,0
tt1765880,le cirque,2011,CLERMONT-FERRAND,0
tt1684656,dr nazi,2011,CLERMONT-FERRAND,0
tt3793222,magia,2011,CLERMONT-FERRAND,0
tt2077729,coloscopia,2011,CLERMONT-FERRAND,0
tt1846807,un mardi,2011,CLERMONT-FERRAND,0
tt1653053,red balloon,2011,CLERMONT-FERRAND,0
tt4719812,le meilleur ami de l'homme,2011,CLERMONT-FERRAND,0
tt1714698,pandore,2011,CLERMONT-FERRAND,0
tt1744610,hurlement d'un poisson,2011,CLERMONT-FERRAND,0
tt1846619,la grande muraille de qin,2011,CLERMONT-FERRAND,0
tt1661065,love patate,2011,CLERMONT-FERRAND,0
tt1620896,monsieur l'abbé,2011,CLERMONT-FERRAND,0
tt1634870,shadows of silence,2011,CLERMONT-FERRAND,0
tt2224263,jéricho,2011,CLERMONT-FERRAND,0
tt1736536,aglaée,2011,CLERMONT-FERRAND,0
tt1788399,le costume en partage,2011,CLERMONT-FERRAND,0
tt1783260,diane wellington,2011,CLERMONT-FERRAND,0
tt1692902,rubika,2011,CLERMONT-FERRAND,0
tt1765690,anne et les tremblements,2011,CLERMONT-FERRAND,0
tt1804603,manu,2011,CLERMONT-FERRAND,0
tt1667101,la dame au chien,2011,CLERMONT-FERRAND,0
tt1966625,tremblay-en-france,2011,CLERMONT-FERRAND,0
tt1764229,chair disparue,2011,CLERMONT-FERRAND,0
tt1767331,la femme du lac,2011,CLERMONT-FERRAND,0
tt1714726,sur la títe de bertha boxcar,2011,CLERMONT-FERRAND,0
tt1669707,vasco,2011,CLERMONT-FERRAND,0
tt1791620,terrains glissants,2011,CLERMONT-FERRAND,0
tt1714163,un nuevo baile,2011,CLERMONT-FERRAND,0
tt1990396,ya basta !,2011,CLERMONT-FERRAND,0
tt1802805,miss daisy cutter,2011,CLERMONT-FERRAND,0
tt1653921,petit tailleur,2011,CLERMONT-FERRAND,0
tt4835920,chroniques du pont,2011,CLERMONT-FERRAND,0
tt3707774,m'échapper de son regard,2011,CLERMONT-FERRAND,0
tt1720103,far from manhattan,2011,CLERMONT-FERRAND,0
tt1714668,la femme ‡ cordes,2011,CLERMONT-FERRAND,0
tt1805197,dans la jungle des villes,2011,CLERMONT-FERRAND,0
tt11780698,le corbeau blanc,2011,CLERMONT-FERRAND,0
tt4488822,opale plage,2011,CLERMONT-FERRAND,0
tt1946522,¿ cor et ‡ cri,2011,CLERMONT-FERRAND,0
tt1833869,le piano,2011,CLERMONT-FERRAND,0
tt2161367,franáoise,2011,CLERMONT-FERRAND,0
tt3759462,siggil,2011,CLERMONT-FERRAND,0
tt1946349,nuisible(s),2011,CLERMONT-FERRAND,0
tt2294741,moonlight lover,2011,CLERMONT-FERRAND,0
tt2089620,au bord du monde,2011,CLERMONT-FERRAND,0
tt1828293,sortie de route,2011,CLERMONT-FERRAND,0
tt1715323,chef d'oeuvre ?,2011,CLERMONT-FERRAND,0
tt1885420,tomatl : chronique de la fin d'un monde,2011,CLERMONT-FERRAND,0
tt1907704,l' accordeur,2011,CLERMONT-FERRAND,0
tt1762363,deux inconnus,2011,CLERMONT-FERRAND,0
tt2013236,il était une fois l'huile,2011,CLERMONT-FERRAND,0
tt1815764,j'aurais pu ítre une pute,2011,CLERMONT-FERRAND,0
tt1712519,enfant de yak,2011,CLERMONT-FERRAND,0
tt1776116,checkpoint,2011,CLERMONT-FERRAND,0
tt1825107,paris shanghai,2011,CLERMONT-FERRAND,0
tt3143436,un homme debout,2011,CLERMONT-FERRAND,0
tt1842396,le ciel en bataille,2012,CLERMONT-FERRAND,0
tt2127297,jean-luc persécuté,2012,CLERMONT-FERRAND,0
tt1793241,l' attaque du monstre géant suceur de cerveaux de l'espace,2012,CLERMONT-FERRAND,0
tt2036439,sous la lame de l'épée,2012,CLERMONT-FERRAND,0
tt1964667,douce,2012,CLERMONT-FERRAND,0
tt2033342,parmi nous,2012,CLERMONT-FERRAND,0
tt2182005,les conquérants,2012,CLERMONT-FERRAND,0
tt2047779,looking at the dead,2012,CLERMONT-FERRAND,0
tt2048735,egaro,2012,CLERMONT-FERRAND,0
tt2048851,ríve du 1er avril 1999,2012,CLERMONT-FERRAND,0
tt2320133,yasmine,2012,CLERMONT-FERRAND,0
tt2190339,manque de preuves,2012,CLERMONT-FERRAND,0
tt2055620,fireworks,2012,CLERMONT-FERRAND,0
tt2053416,plume,2012,CLERMONT-FERRAND,0
tt1999845,boro in the box,2012,CLERMONT-FERRAND,0
tt2048791,la détente,2012,CLERMONT-FERRAND,0
tt2319807,how fear came,2012,CLERMONT-FERRAND,0
tt2184291,tempíte dans une chambre ‡ coucher,2012,CLERMONT-FERRAND,0
tt2382927,l' ere bíte,2012,CLERMONT-FERRAND,0
tt2371329,folksongs and ballads,2012,CLERMONT-FERRAND,0
tt2382945,rosette,2012,CLERMONT-FERRAND,0
tt2372329,méditerranées,2012,CLERMONT-FERRAND,0
tt2320057,sur la route du paradis,2012,CLERMONT-FERRAND,0
tt2040413,les poisons,2012,CLERMONT-FERRAND,0
tt1986058,le songe de poliphile,2012,CLERMONT-FERRAND,0
tt2372245,diagonale du vide,2012,CLERMONT-FERRAND,0
tt2319823,dis moi non,2012,CLERMONT-FERRAND,0
tt2265437,mkhobbi fi kobba,2012,CLERMONT-FERRAND,0
tt2371291,city of silence,2012,CLERMONT-FERRAND,0
tt2231229,fuir,2012,CLERMONT-FERRAND,0
tt2273263,hors saison,2012,CLERMONT-FERRAND,0
tt2095669,jeudi 19,2012,CLERMONT-FERRAND,0
tt2066924,mon amoureux,2012,CLERMONT-FERRAND,0
tt3066062,la veuve caillou,2012,CLERMONT-FERRAND,0
tt2296769,fragments d'un voyage immobile,2012,CLERMONT-FERRAND,0
tt2226445,la derniëre caravane,2012,CLERMONT-FERRAND,0
tt2371297,corps solidaires,2012,CLERMONT-FERRAND,0
tt2245802,la promotion,2012,CLERMONT-FERRAND,0
tt2372303,les meutes,2012,CLERMONT-FERRAND,0
tt2371369,la vie parisienne,2012,CLERMONT-FERRAND,0
tt2177587,in loving memory,2012,CLERMONT-FERRAND,0
tt2372297,je ne suis personne,2012,CLERMONT-FERRAND,0
tt2275749,i'm your man,2012,CLERMONT-FERRAND,0
tt2036348,courir,2012,CLERMONT-FERRAND,0
tt2258429,la dérive,2012,CLERMONT-FERRAND,0
tt2959748,le jour a vaincu la nuit,2014,CLERMONT-FERRAND,0
tt3031684,la nuit américaine d'angélique,2014,CLERMONT-FERRAND,0
tt3622100,storia,2014,CLERMONT-FERRAND,0
tt2922078,la lampe au beurre de yak,2014,CLERMONT-FERRAND,1
tt3044380,maman,2014,CLERMONT-FERRAND,0
tt3151064,la virée ‡ paname,2014,CLERMONT-FERRAND,0
tt2932956,tout ce que tu ne peux pas laisser derriëre toi,2014,CLERMONT-FERRAND,0
tt3261038,ce qui me fait prendre le train,2014,CLERMONT-FERRAND,0
tt3437778,nuisible,2014,CLERMONT-FERRAND,0
tt2898570,le quepa sur la vilni !,2014,CLERMONT-FERRAND,0
tt3300034,les chiens,2014,CLERMONT-FERRAND,0
tt3047142,cargo cult,2014,CLERMONT-FERRAND,0
tt2965896,todo se puede,2014,CLERMONT-FERRAND,0
tt3624908,like a flower,2014,CLERMONT-FERRAND,0
tt2979646,le tableau,2014,CLERMONT-FERRAND,0
tt3622108,prehistoric cabaret,2014,CLERMONT-FERRAND,0
tt3011010,betty's blues,2014,CLERMONT-FERRAND,0
tt3101752,la femme de rio,2014,CLERMONT-FERRAND,0
tt3613466,massacan,2014,CLERMONT-FERRAND,0
tt5432444,kick off,2014,CLERMONT-FERRAND,0
tt3579030,duku spacemarines,2014,CLERMONT-FERRAND,0
tt3498434,abderrahman,2014,CLERMONT-FERRAND,0
tt3629434,mélodie pour agnës,2014,CLERMONT-FERRAND,0
tt3446884,andorre,2014,CLERMONT-FERRAND,0
tt3040812,the ringer,2014,CLERMONT-FERRAND,0
tt2968314,lettres de femmes,2014,CLERMONT-FERRAND,0
tt3246862,gli immacolati,2014,CLERMONT-FERRAND,0
tt3260538,extrasystole,2014,CLERMONT-FERRAND,0
tt3624902,enfin la fin,2014,CLERMONT-FERRAND,0
tt3463284,l' homme qui avait perdu la títe,2014,CLERMONT-FERRAND,0
tt3613092,un toit pour mes vieux os,2014,CLERMONT-FERRAND,0
tt3421460,demolition party,2014,CLERMONT-FERRAND,0
tt3548092,scars of cambodia,2014,CLERMONT-FERRAND,0
tt3431886,trucs de gosse,2014,CLERMONT-FERRAND,0
tt3437790,encore des changements,2014,CLERMONT-FERRAND,0
tt3478194,les heures blanches,2014,CLERMONT-FERRAND,0
tt3548320,lame de fond,2014,CLERMONT-FERRAND,0
tt3454120,juke-box,2014,CLERMONT-FERRAND,0
tt3467860,insolation,2014,CLERMONT-FERRAND,0
tt3255734,planëtes aprës planëtes,2014,CLERMONT-FERRAND,0
tt3318758,jiminy,2014,CLERMONT-FERRAND,0
tt3636192,hashima mon amour,2014,CLERMONT-FERRAND,0
tt3332166,braconniëre,2014,CLERMONT-FERRAND,0
tt3210854,habana,2014,CLERMONT-FERRAND,0
tt3116870,yushka,2014,CLERMONT-FERRAND,0
tt3483878,inupiluk,2014,CLERMONT-FERRAND,0
tt3343080,ennui ennui,2014,CLERMONT-FERRAND,0
tt3548282,pedro malheur,2014,CLERMONT-FERRAND,0
tt3566306,how much rain to make a rainbow ?,2014,CLERMONT-FERRAND,0
tt3624880,la météo des plages,2014,CLERMONT-FERRAND,0
tt3572618,supervenus,2014,CLERMONT-FERRAND,0
tt3103668,nectar,2014,CLERMONT-FERRAND,0
tt3548102,molii,2014,CLERMONT-FERRAND,0
tt3622102,oripeaux,2014,CLERMONT-FERRAND,0
tt3622116,vos violences,2014,CLERMONT-FERRAND,0
tt3421656,peine perdue,2014,CLERMONT-FERRAND,0
tt4437080,think big,2015,CLERMONT-FERRAND,0
tt4243054,essaie de mourir jeune,2015,CLERMONT-FERRAND,0
tt4249252,le c.o.d. et le coquelicot,2015,CLERMONT-FERRAND,0
tt3884370,hillbrow,2015,CLERMONT-FERRAND,0
tt3759620,renée r. lettres retrouvées,2015,CLERMONT-FERRAND,0
tt4498996,je repasserai dans la semaine,2015,CLERMONT-FERRAND,0
tt4347236,daphné ou la belle plante,2015,CLERMONT-FERRAND,0
tt3333202,jonathan's chest,2015,CLERMONT-FERRAND,0
tt4293748,journée d'appel,2015,CLERMONT-FERRAND,0
tt3843530,les fantùmes de l'usine,2015,CLERMONT-FERRAND,0
tt4514716,mon bras armé,2015,CLERMONT-FERRAND,0
tt7234644,la flëche delta,2015,CLERMONT-FERRAND,0
tt4214752,"mamie, vanya et la chëvre",2015,CLERMONT-FERRAND,0
tt3816766,les enfants,2015,CLERMONT-FERRAND,0
tt3775232,guy moquet,2015,CLERMONT-FERRAND,0
tt3972196,vous voulez une histoire ?,2015,CLERMONT-FERRAND,0
tt3843154,beach flags,2015,CLERMONT-FERRAND,0
tt3751330,une chambre bleue,2015,CLERMONT-FERRAND,0
tt3597494,la chair de ma chëre,2015,CLERMONT-FERRAND,0
tt3759448,man on the chair,2015,CLERMONT-FERRAND,0
tt3762616,cambodia 2099,2015,CLERMONT-FERRAND,0
tt3772642,stella maris,2015,CLERMONT-FERRAND,0
tt4012128,k-nada,2015,CLERMONT-FERRAND,0
tt4302922,people are strange,2015,CLERMONT-FERRAND,0
tt3863796,l' invention du désert,2015,CLERMONT-FERRAND,0
tt4150002,territoire,2015,CLERMONT-FERRAND,0
tt4319346,printemps,2015,CLERMONT-FERRAND,0
tt4514710,autogrill,2015,CLERMONT-FERRAND,0
tt4499014,black diamond,2015,CLERMONT-FERRAND,0
tt4517036,leftover,2015,CLERMONT-FERRAND,0
tt4270648,l' ile ‡ midi,2015,CLERMONT-FERRAND,0
tt4437240,chaud lapin,2015,CLERMONT-FERRAND,0
tt4230812,tisina mujo,2015,CLERMONT-FERRAND,0
tt4401396,burundanga,2015,CLERMONT-FERRAND,0
tt4259302,le plongeon du homard,2015,CLERMONT-FERRAND,0
tt4514706,son seul,2015,CLERMONT-FERRAND,0
tt4429644,terremere,2015,CLERMONT-FERRAND,0
tt4479726,tarim le brave contre les mille et un effets,2015,CLERMONT-FERRAND,0
tt4422282,limbo limbo travel,2015,CLERMONT-FERRAND,0
tt4291302,les invisibles,2015,CLERMONT-FERRAND,0
tt4437246,la nuit des jours,2015,CLERMONT-FERRAND,0
tt4517260,lion in helsinki,2015,CLERMONT-FERRAND,0
tt4190890,ma manman d'lo,2015,CLERMONT-FERRAND,0
tt4225216,mon héros,2015,CLERMONT-FERRAND,0
tt4340692,splintertime,2015,CLERMONT-FERRAND,0
tt3754732,sao hoa noi day gieng,2015,CLERMONT-FERRAND,0
tt4418214,le dernier des céfrans,2015,CLERMONT-FERRAND,0
tt4445296,ton coeur au hasard,2015,CLERMONT-FERRAND,0
tt4486058,sécheur,2015,CLERMONT-FERRAND,0
tt4242904,notre dame des hormones,2015,CLERMONT-FERRAND,0
tt3806928,tehran-geles,2015,CLERMONT-FERRAND,0
tt4321694,ich bin eine tata,2015,CLERMONT-FERRAND,0
tt4417784,carapace,2015,CLERMONT-FERRAND,0
tt4356178,"perrault, la fontaine, mon cul !",2015,CLERMONT-FERRAND,0
tt5860340,la danse des mots,2016,CLERMONT-FERRAND,0
tt5190294,y˘l et le serpent,2016,CLERMONT-FERRAND,0
tt4842518,samsung galaxy,2016,CLERMONT-FERRAND,0
tt4837348,livreur,2016,CLERMONT-FERRAND,0
tt4881396,des millions de larmes,2016,CLERMONT-FERRAND,0
tt4937818,the reflection of power,2016,CLERMONT-FERRAND,0
tt4940494,du plomb dans l'aile,2016,CLERMONT-FERRAND,0
tt5860372,la voie rouge,2016,CLERMONT-FERRAND,0
tt4692528,la fin du dragon,2016,CLERMONT-FERRAND,0
tt4881404,uncanny valley,2016,CLERMONT-FERRAND,0
tt4489798,free bullet,2016,CLERMONT-FERRAND,0
tt5611644,ganjouriho,2016,CLERMONT-FERRAND,0
tt5470450,une sur trois,2016,CLERMONT-FERRAND,0
tt5059762,le park,2016,CLERMONT-FERRAND,0
tt5860364,le printemps,2016,CLERMONT-FERRAND,0
tt5860352,jason krist,2016,CLERMONT-FERRAND,0
tt4843000,hotaru,2016,CLERMONT-FERRAND,0
tt4991086,e.t.e.r.n.i.t.,2016,CLERMONT-FERRAND,0
tt5511458,au loin les dinosaures,2016,CLERMONT-FERRAND,0
tt5098918,ghost cell,2016,CLERMONT-FERRAND,0
tt5467804,café froid,2016,CLERMONT-FERRAND,0
tt5254262,samedi,2016,CLERMONT-FERRAND,0
tt5520704,maótre-chien,2016,CLERMONT-FERRAND,0
tt5467892,fuck l'amour,2016,CLERMONT-FERRAND,0
tt5860828,tranche de campagne,2016,CLERMONT-FERRAND,0
tt4881632,d'ombres & d'ailes...,2016,CLERMONT-FERRAND,0
tt5142908,punk ‡ chien,2016,CLERMONT-FERRAND,0
tt5242296,des racines,2016,CLERMONT-FERRAND,0
tt5135302,wake man,2016,CLERMONT-FERRAND,0
tt5512050,victor ou la piété,2016,CLERMONT-FERRAND,0
tt5467782,le gouffre,2016,CLERMONT-FERRAND,0
tt4357686,dans les eaux profondes,2016,CLERMONT-FERRAND,0
tt5860688,le déserteur,2016,CLERMONT-FERRAND,0
tt5568592,jay parmi les hommes,2016,CLERMONT-FERRAND,0
tt5492660,1992,2016,CLERMONT-FERRAND,0
tt5862824,reisende auf einem bein,2016,CLERMONT-FERRAND,0
tt4513020,"tout, tout a continué",2016,CLERMONT-FERRAND,0
tt5194368,réveiller les morts,2016,CLERMONT-FERRAND,0
tt5421466,jukai,2016,CLERMONT-FERRAND,0
tt5493474,je ne suis pas un cygne,2016,CLERMONT-FERRAND,0
tt5220428,réplique,2016,CLERMONT-FERRAND,0
tt5254604,les amours vertes,2016,CLERMONT-FERRAND,0
tt5467726,fais le mort,2016,CLERMONT-FERRAND,0
tt4838632,"brume, cailloux et métaphysique",2016,CLERMONT-FERRAND,0
tt5353466,yaadikoone,2016,CLERMONT-FERRAND,0
tt5862832,journal afghan,2016,CLERMONT-FERRAND,0
tt5243322,sabine,2016,CLERMONT-FERRAND,0
tt5805128,blanquette,2016,CLERMONT-FERRAND,0
tt5511746,tombés du nid,2016,CLERMONT-FERRAND,0
tt5467670,ennemis intérieurs,2016,CLERMONT-FERRAND,1
tt5440916,l' ile jaune,2016,CLERMONT-FERRAND,0
tt5467740,premiëre séance,2016,CLERMONT-FERRAND,0
tt5467336,les rosiers grimpants,2016,CLERMONT-FERRAND,0
tt5860670,chalon,2016,CLERMONT-FERRAND,0
tt5144092,rhapsody,2016,CLERMONT-FERRAND,0
tt5464342,au bruit des clochettes,2016,CLERMONT-FERRAND,0
tt5669068,l' ¬ge des sirënes,2017,CLERMONT-FERRAND,0
tt5571030,la république des enchanteurs,2017,CLERMONT-FERRAND,0
tt5810084,guillaume ‡ la dérive,2017,CLERMONT-FERRAND,0
tt6089078,a la chasse,2017,CLERMONT-FERRAND,0
tt6069744,the empty,2017,CLERMONT-FERRAND,0
tt5901744,pouvez-vous boiter ?,2017,CLERMONT-FERRAND,0
tt5717660,dirty south,2017,CLERMONT-FERRAND,0
tt5715504,oh oh chéri,2017,CLERMONT-FERRAND,0
tt5590350,chasse royale,2017,CLERMONT-FERRAND,0
tt7085026,marie salope,2017,CLERMONT-FERRAND,0
tt5253436,un ciel bleu presque parfait,2017,CLERMONT-FERRAND,0
tt7075942,les corps interdits,2017,CLERMONT-FERRAND,0
tt5874448,que vive l'empereur,2017,CLERMONT-FERRAND,0
tt5892028,totems,2017,CLERMONT-FERRAND,0
tt7085006,le sens des choses,2017,CLERMONT-FERRAND,0
tt5805116,journal animé,2017,CLERMONT-FERRAND,0
tt5787426,cabane,2017,CLERMONT-FERRAND,0
tt6067172,"au loin, baltimore",2017,CLERMONT-FERRAND,0
tt6638504,je les aime tous,2017,CLERMONT-FERRAND,0
tt6302950,"et ta prostate, áa va ?",2017,CLERMONT-FERRAND,0
tt6962148,cinq nuits,2017,CLERMONT-FERRAND,0
tt5957264,le bruit du gris,2017,CLERMONT-FERRAND,0
tt7096530,en cordée,2017,CLERMONT-FERRAND,0
tt6459372,le petit,2017,CLERMONT-FERRAND,0
tt7080590,ta bouche mon paradis,2017,CLERMONT-FERRAND,0
tt6305722,des résidus analytiques.,2017,CLERMONT-FERRAND,0
tt7206056,time rodent,2017,CLERMONT-FERRAND,0
tt5950846,johnno's dead,2017,CLERMONT-FERRAND,0
tt5940232,"film, beyonder iii",2017,CLERMONT-FERRAND,0
tt6574206,herculanum,2017,CLERMONT-FERRAND,0
tt6022096,ce qui nous éloigne,2017,CLERMONT-FERRAND,0
tt6426140,garden party,2017,CLERMONT-FERRAND,1
tt7076008,alphonse s'égare,2017,CLERMONT-FERRAND,0
tt6292586,koropa,2017,CLERMONT-FERRAND,0
tt6096572,olga,2017,CLERMONT-FERRAND,0
tt5716574,et toujours nous marcherons,2017,CLERMONT-FERRAND,0
tt6482098,blind sex,2017,CLERMONT-FERRAND,0
tt6146986,féfé limbé,2017,CLERMONT-FERRAND,0
tt6646986,baby love,2017,CLERMONT-FERRAND,0
tt7075964,asphalte,2017,CLERMONT-FERRAND,0
tt5950744,aprës,2017,CLERMONT-FERRAND,0
tt7075980,lokoza,2017,CLERMONT-FERRAND,0
tt7076036,kymco,2017,CLERMONT-FERRAND,0
tt6485104,fox-terrier,2017,CLERMONT-FERRAND,0
tt7040610,sophiloscope,2017,CLERMONT-FERRAND,0
tt10199590,les misérables,2017,CLERMONT-FERRAND,1
tt6818938,rhapsody in blueberry,2017,CLERMONT-FERRAND,0
tt7632986,lupus,2017,CLERMONT-FERRAND,0
tt6708712,rase campagne,2017,CLERMONT-FERRAND,0
tt2042434,349 (for sol lewitt),2011,TIFF,0
tt10028852,a preface to red,2011,TIFF,0
tt1753865,giochi d'estate,2011,TIFF,0
tt2044009,girimunho,2011,TIFF,0
tt1806911,girl model,2011,TIFF,0
tt1912398,god bless america,2011,TIFF,0
tt1978445,good boy,2011,TIFF,0
tt1456635,goon,2011,TIFF,0
tt1670646,habibi,2011,TIFF,0
tt1865387,ha-na-an,2011,TIFF,0
tt0116488,hard core logo,2011,TIFF,0
tt1947951,a river in the woods,2011,TIFF,0
tt1625562,hard core logo ii,2011,TIFF,0
tt3572736,( null ),2014,TIFF,0
tt1649443,[rec]4 apocalypse,2014,TIFF,0
tt3346824,1001 grams,2014,TIFF,0
tt3469462,130919 • a portrait of marina abramovic,2014,TIFF,0
tt3775208,8 bullets,2014,TIFF,0
tt2891174,99 homes,2014,TIFF,0
tt3667744,a ceremony for a friend,2014,TIFF,0
tt3697626,a hard day,2014,TIFF,0
tt1967512,heart of rhyme,2011,TIFF,0
tt2639254,a little chaos,2014,TIFF,0
tt3812730,a midsummer night's dream,2014,TIFF,0
tt1883180,a pigeon sat on a branch reflecting on existence,2014,TIFF,0
tt3305316,a second chance,2014,TIFF,0
tt3596028,a single body,2014,TIFF,0
tt3838700,a single life,2014,TIFF,1
tt3760086,a spark at darkest night,2014,TIFF,0
tt3742820,a tomb with a view,2014,TIFF,0
tt1720114,heleno,2011,TIFF,0
tt3318750,adult beginners,2014,TIFF,0
tt3963372,against landscape,2014,TIFF,0
tt3543234,aire libre,2014,TIFF,0
tt3218580,alleluia,2014,TIFF,0
tt2923316,american heist,2014,TIFF,0
tt3768688,an apartment,2014,TIFF,0
tt2414040,an eye for beauty,2014,TIFF,0
tt2043878,hello! shu xian sheng,2011,TIFF,0
tt3963294,an immortal man,2014,TIFF,0
tt3947012,anna and the tower,2014,TIFF,0
tt2196488,atlantic.,2014,TIFF,0
tt2944198,backcountry,2014,TIFF,0
tt2655734,bang bang baby,2014,TIFF,0
tt3904204,beats of the antonov,2014,TIFF,0
tt0443465,before we go,2014,TIFF,0
tt1205558,hick,2011,TIFF,0
tt3125324,beyond the lights,2014,TIFF,1
tt2088003,big game,2014,TIFF,0
tt3213222,big muddy,2014,TIFF,0
tt3858776,bison,2014,TIFF,0
tt3894190,black souls,2014,TIFF,0
tt1916683,hidden driveway,2011,TIFF,0
tt3302706,boychoir,2014,TIFF,0
tt3365778,breathe,2014,TIFF,0
tt3719472,broken face,2014,TIFF,0
tt3946110,brouillard - passage #14,2014,TIFF,0
tt3463944,burnt grass,2014,TIFF,0
tt3442006,cake,2014,TIFF,0
tt4004662,canopy,2014,TIFF,0
tt3953834,cart,2014,TIFF,0
tt1900893,himizu,2011,TIFF,0
tt3823338,chainreaction,2014,TIFF,0
tt3822768,chamber drama,2014,TIFF,0
tt3741396,chop my money,2014,TIFF,0
tt3946028,coda,2014,TIFF,0
tt2043879,historias que so existem quando lembradas,2011,TIFF,0
tt3061836,cub,2014,TIFF,0
tt1661820,cut bank,2014,TIFF,0
tt2574576,cut snake,2014,TIFF,0
tt3674654,day 40,2014,TIFF,0
tt3752930,dearest,2014,TIFF,0
tt3997316,deep sleep,2014,TIFF,0
tt3711818,del ciego desert,2014,TIFF,0
tt3997338,detour de force,2014,TIFF,0
tt3800268,discipline,2014,TIFF,0
tt1614989,hodejegerne,2011,TIFF,0
tt3997238,do i sound gay?,2014,TIFF,0
tt3958034,don't breathe,2014,TIFF,0
tt3121474,don't go breaking my heart 2,2014,TIFF,0
tt3175888,dukhtar,2014,TIFF,0
tt3090634,eden,2014,TIFF,0
tt2125501,"electric boogaloo: the wild, untold story of cannon films",2014,TIFF,0
tt3754976,elephant song,2014,TIFF,0
tt3812468,entangled,2014,TIFF,0
tt3973638,episode of the sea,2014,TIFF,0
tt1964780,hope,2011,TIFF,0
tt2515030,escobar: paradise lost,2014,TIFF,0
tt3778794,everything & everything & everything,2014,TIFF,0
tt3357444,eye & mermaid,2014,TIFF,0
tt2936180,far from men,2014,TIFF,0
tt3685218,felix and meira,2014,TIFF,0
tt3893038,fires on the plain,2014,TIFF,0
tt3973432,flapping in the middle of nowhere,2014,TIFF,0
tt3997248,foreign body,2014,TIFF,0
tt2952490,frailer,2014,TIFF,0
tt3303310,from what is before,2014,TIFF,0
tt2788556,gemma bovery,2014,TIFF,0
tt2058617,gentlemen,2014,TIFF,0
tt3711912,german shepherd,2014,TIFF,0
tt3062880,"gett, the trial of viviane amsalem",2014,TIFF,0
tt3655522,girlhood,2014,TIFF,0
tt3807332,godhead,2014,TIFF,0
tt3297330,good kill,2014,TIFF,0
tt3086442,goodnight mommy,2014,TIFF,0
tt3369248,guidance,2014,TIFF,0
tt3675906,gyeongju,2014,TIFF,0
tt1435513,hysteria,2011,TIFF,0
tt3303728,haemoo,2014,TIFF,0
tt3275082,heartbeat,2014,TIFF,0
tt3687186,heaven knows what,2014,TIFF,0
tt1626146,hector and the search for happiness,2014,TIFF,0
tt3129916,high society,2014,TIFF,0
tt3732252,hill of freedom,2014,TIFF,0
tt3630326,hole,2014,TIFF,0
tt1673392,hyvä poika,2011,TIFF,0
tt3907156,horse money,2014,TIFF,0
tt3344922,hungry hearts,2014,TIFF,0
tt1837574,hyena,2014,TIFF,0
tt3671922,i am here,2014,TIFF,0
tt3800250,i am not lorena,2014,TIFF,0
tt3524428,ice cream,2014,TIFF,0
tt3703134,i'm in the corner with the bluebells,2014,TIFF,0
tt3958054,impunity,2014,TIFF,0
tt1984307,i am a good person/i am a bad person,2011,TIFF,0
tt3662830,in her place,2014,TIFF,0
tt2534660,in the crosswind,2014,TIFF,0
tt3822802,indigo,2014,TIFF,0
tt1969062,infinitely polar bear,2014,TIFF,0
tt4004658,intransit,2014,TIFF,0
tt3664864,intruders,2014,TIFF,0
tt3235888,it follows,2014,TIFF,0
tt3119360,itsi bitsi,2014,TIFF,0
tt2070698,if i can fly,2011,TIFF,0
tt3886718,justice,2014,TIFF,0
tt3876372,kabukicho love hotel,2014,TIFF,0
tt2393845,kill me three times,2014,TIFF,0
tt3755978,la salada,2014,TIFF,0
tt1872083,"i'm carolyn parker: the good, the mad, and the beautiful",2011,TIFF,0
tt3182590,la sapienza,2014,TIFF,0
tt3825638,labyrinth of lies,2014,TIFF,0
tt2825854,labyrinthus,2014,TIFF,0
tt2034031,laggies,2014,TIFF,0
tt3823698,last night,2014,TIFF,0
tt3824386,lava,2014,TIFF,0
tt3062976,learning to drive,2014,TIFF,0
tt3152602,leopardi,2014,TIFF,0
tt3971790,letters to max,2014,TIFF,0
tt1836818,i'm yours,2011,TIFF,0
tt2172554,life in a fishbowl,2014,TIFF,0
tt3053694,li'l quinquin,2014,TIFF,0
tt3825816,liompa,2014,TIFF,0
tt3907102,los hongos,2014,TIFF,0
tt3922958,love in the time of civil war,2014,TIFF,0
tt3823708,luk'luk'i : mother,2014,TIFF,0
tt1417075,in darkness,2011,TIFF,1
tt3395272,lulu,2014,TIFF,0
tt1695388,luna,2014,TIFF,0
tt3947002,lunar almanac,2014,TIFF,0
tt2334733,madame bovary,2014,TIFF,0
tt3089326,magical girl,2014,TIFF,0
tt2893490,manglehorn,2014,TIFF,0
tt3973590,mardan,2014,TIFF,0
tt2929690,"margarita, with a straw",2014,TIFF,0
tt2023367,abrir puertas y ventanas,2011,TIFF,0
tt3001638,mary kom,2014,TIFF,0
tt3146294,may allah bless france!,2014,TIFF,0
tt3946086,me and my moulton,2014,TIFF,1
tt1772915,in my mother's arms,2011,TIFF,0
tt2151739,meet me in montenegro,2014,TIFF,0
tt3797880,men who save the world,2014,TIFF,0
tt3179568,"men, women & children",2014,TIFF,0
tt3675568,merchants of doubt,2014,TIFF,0
tt3712674,midfield,2014,TIFF,0
tt3823274,migration,2014,TIFF,0
tt2667960,miss julie,2014,TIFF,0
tt3657970,modris,2014,TIFF,0
tt1972663,into the abyss,2011,TIFF,0
tt3945988,monsoon,2014,TIFF,0
tt2908856,my old lady,2014,TIFF,0
tt3823224,mynarski death plummet,2014,TIFF,0
tt3596272,national diploma,2014,TIFF,0
tt1634121,intruders,2011,TIFF,0
tt3720794,national gallery,2014,TIFF,0
tt3963184,nature of the self,2014,TIFF,0
tt3743010,newborns,2014,TIFF,0
tt3997290,night noon,2014,TIFF,0
tt2872718,nightcrawler,2014,TIFF,1
tt3489470,not my type,2014,TIFF,0
tt3973598,obra,2014,TIFF,0
tt0064490,invasión,2011,TIFF,0
tt2691734,october gale,2014,TIFF,0
tt3712660,on cement,2014,TIFF,0
tt3967412,open form - street and tribune in front of pkin,2014,TIFF,0
tt3755400,orizzonti orizzonti!,2014,TIFF,0
tt2916416,over your dead body,2014,TIFF,0
tt3967492,"panchromes i, ii, iii",2014,TIFF,0
tt3373082,papa machete,2014,TIFF,0
tt1961360,isda,2011,TIFF,0
tt3125652,pasolini,2014,TIFF,0
tt1596345,pawn sacrifice,2014,TIFF,0
tt3963338,persefone,2014,TIFF,0
tt2764784,phoenix,2014,TIFF,0
tt3701126,pineapple calamari,2014,TIFF,0
tt3755230,playing with balls,2014,TIFF,0
tt2559458,preggoland,2014,TIFF,0
tt2043888,isole,2011,TIFF,0
tt3169706,pride,2014,TIFF,0
tt3534754,provenance,2014,TIFF,0
tt3804332,red alert,2014,TIFF,0
tt3890278,red amnesia,2014,TIFF,0
tt3946990,red capriccio,2014,TIFF,0
tt3310280,red rose,2014,TIFF,0
tt4004630,relief,2014,TIFF,0
tt3480158,return to ithaca,2014,TIFF,0
tt1396523,revenge of the green dragons,2014,TIFF,0
tt2027119,issues,2011,TIFF,0
tt3970482,roger waters the wall,2014,TIFF,0
tt2752688,rosewater,2014,TIFF,0
tt3604186,running season,2014,TIFF,0
tt3645234,sahar,2014,TIFF,0
tt3399024,samba,2014,TIFF,0
tt1946269,j'aime regarder les filles,2011,TIFF,0
tt3953328,san siro,2014,TIFF,0
tt3958098,sand dollars,2014,TIFF,0
tt3958014,scarlet innocence,2014,TIFF,0
tt3755640,sea of vapors,2014,TIFF,0
tt2837296,second coming,2014,TIFF,0
tt2371158,secrets of war,2014,TIFF,0
tt3890914,senza nessuna pietà,2014,TIFF,0
tt3847428,seven boats,2014,TIFF,0
tt2219650,seymour: an introduction,2014,TIFF,0
tt3136112,shelter,2014,TIFF,0
tt1588334,"jeff, who lives at home",2011,TIFF,0
tt3417756,shrew's nest,2014,TIFF,0
tt3893550,skinner,2014,TIFF,0
tt3768668,sleeping giant,2014,TIFF,0
tt1865505,song of the sea,2014,TIFF,1
tt3904778,songs from the north,2014,TIFF,0
tt3659764,songs she wrote about people she knows,2014,TIFF,0
tt3626228,spectrum reverse spectrum,2014,TIFF,0
tt1954222,acqua,2011,TIFF,0
tt3395184,spring,2014,TIFF,0
tt2170593,st. vincent,2014,TIFF,0
tt3316960,still alice,2014,TIFF,1
tt1322313,sunshine superman,2014,TIFF,0
tt3969592,sway,2014,TIFF,0
tt1838571,juan de los muertos,2011,TIFF,0
tt3526482,tales,2014,TIFF,0
tt3904186,tales of the grim sleeper,2014,TIFF,0
tt3763494,tatuapé mahal tower,2014,TIFF,0
tt1718915,teen lust,2014,TIFF,0
tt3510820,the 50 year argument,2014,TIFF,0
tt3823668,the barnhouse,2014,TIFF,0
tt3203616,the cobbler,2014,TIFF,0
tt2935564,the connection,2014,TIFF,0
tt3973410,the crow's egg,2014,TIFF,0
tt2192016,the dark horse,2014,TIFF,0
tt3399916,the dead lands,2014,TIFF,0
tt3967444,the dragon is the frame,2014,TIFF,0
tt1600196,the drop,2014,TIFF,0
tt2570858,the duke of burgundy,2014,TIFF,0
tt3067274,the editor,2014,TIFF,0
tt3611284,the encounter,2014,TIFF,0
tt0455944,the equalizer,2014,TIFF,0
tt2967008,the face of an angel,2014,TIFF,0
tt2053380,kako sam zapalio simona bolivara,2011,TIFF,0
tt3163304,the farewell party,2014,TIFF,0
tt3745504,the figures carved into the knife by the sap of the banana trees,2014,TIFF,0
tt2376218,the forger,2014,TIFF,0
tt3480146,the gate,2014,TIFF,0
tt3696086,the golden era,2014,TIFF,0
tt2652092,the good lie,2014,TIFF,0
tt3431812,the great man,2014,TIFF,0
tt2480454,the grump,2014,TIFF,0
tt2980592,the guest,2014,TIFF,0
tt1568343,the humbling,2014,TIFF,0
tt2084970,the imitation game,2014,TIFF,1
tt3946136,the innocents,2014,TIFF,0
tt1872194,the judge,2014,TIFF,1
tt2488778,the keeping room,2014,TIFF,0
tt3204392,the kingdom of dreams and madness,2014,TIFF,0
tt2474024,the last five years,2014,TIFF,0
tt1788391,kill list,2011,TIFF,0
tt3958072,the lesson,2014,TIFF,0
tt2785032,the little death,2014,TIFF,0
tt3059214,the narrow frame of midnight,2014,TIFF,0
tt3184934,the new girlfriend,2014,TIFF,0
tt4004620,the pimp and his trophies,2014,TIFF,0
tt4028446,the policeman's house,2014,TIFF,0
tt3921454,the price we pay,2014,TIFF,0
tt1448755,killer elite,2011,TIFF,0
tt3904754,the princess of france,2014,TIFF,0
tt2911668,the reach,2014,TIFF,0
tt3833134,the reaper,2014,TIFF,0
tt2717860,the riot club,2014,TIFF,0
tt3563412,the shove,2014,TIFF,0
tt3026144,the sound and the fury,2014,TIFF,0
tt2576852,the tale of the princess kaguya,2014,TIFF,1
tt2980516,the theory of everything,2014,TIFF,1
tt1726669,killer joe,2011,TIFF,0
tt1745787,the tribe,2014,TIFF,0
tt3745766,the underground,2014,TIFF,0
tt2739306,the valley below,2014,TIFF,0
tt3424914,the vanished elephant,2014,TIFF,0
tt1567437,the voices,2014,TIFF,0
tt3946020,the wanted 18,2014,TIFF,0
tt3694418,the warren,2014,TIFF,0
tt3946058,the weatherman and the shadowboxer,2014,TIFF,0
tt3108158,the world of kanako,2014,TIFF,0
tt1650453,kiseki,2011,TIFF,0
tt3689012,the years of fierro,2014,TIFF,0
tt3170902,theeb,2014,TIFF,1
tt2967988,they have escaped,2014,TIFF,0
tt3884216,this is my land,2014,TIFF,0
tt1371150,this is where i leave you,2014,TIFF,0
tt2822742,three hearts,2014,TIFF,0
tt3004774,tigers,2014,TIFF,0
tt3505712,time out of mind,2014,TIFF,0
tt1798188,kokurikozaka kara,2011,TIFF,0
tt3877718,tokyo fiancée,2014,TIFF,0
tt2808986,tokyo tribe,2014,TIFF,0
tt2784678,top five,2014,TIFF,0
tt3273636,tour de force,2014,TIFF,0
tt3924802,trick or treaty?,2014,TIFF,0
tt3691242,tricycle thief,2014,TIFF,0
tt3483194,tu dors nicole,2014,TIFF,0
tt3099498,tusk,2014,TIFF,0
tt4004654,twelve tales told,2014,TIFF,0
tt1680305,afghan luke,2011,TIFF,0
tt1842532,kotoko,2011,TIFF,0
tt2706570,two shots fired,2014,TIFF,0
tt3967478,under a changing sky,2014,TIFF,0
tt4004636,under the atmosphere,2014,TIFF,0
tt3413772,unlucky plaza,2014,TIFF,0
tt3604316,venice,2014,TIFF,0
tt3837950,villa touma,2014,TIFF,0
tt3550512,voice over,2014,TIFF,0
tt3963304,voila l'enchainement,2014,TIFF,0
tt1821493,la brindille,2011,TIFF,0
tt2294939,waste land,2014,TIFF,0
tt3462676,we were wolves,2014,TIFF,0
tt2788716,welcome to me,2014,TIFF,0
tt3630720,wet bum,2014,TIFF,0
tt3791046,what doesn't kill you,2014,TIFF,0
tt3886528,where i am king,2014,TIFF,0
tt1791682,while we're young,2014,TIFF,0
tt2582802,whiplash,2014,TIFF,1
tt3042408,who am i - no system is safe,2014,TIFF,0
tt1605777,la femme du 5è,2011,TIFF,0
tt2305051,wild,2014,TIFF,1
tt3149038,x + y,2014,TIFF,0
tt3317820,zero recognition,2014,TIFF,0
tt5050914,(otto),2015,TIFF,0
tt3865478,11 minutes,2015,TIFF,0
tt3728746,25 april,2015,TIFF,0
tt3815424,3000 nights,2015,TIFF,0
tt1532530,la folie almayer,2011,TIFF,0
tt4930244,4 quarters,2015,TIFF,0
tt5140038,7 sheep,2015,TIFF,0
tt4911656,a copy of my mind,2015,TIFF,0
tt5807398,a distant episode,2015,TIFF,0
tt4796632,a few seconds,2015,TIFF,0
tt4935954,a flickering truth,2015,TIFF,0
tt3296980,a heavy heart,2015,TIFF,0
tt4936006,a journey of a thousand miles: peacekeepers,2015,TIFF,0
tt4338434,a month of sundays,2015,TIFF,0
tt4901962,a new year,2015,TIFF,0
tt2181282,a patch of fog,2015,TIFF,0
tt4637156,"a tale of love, madness and death",2015,TIFF,0
tt3682770,a tale of three cities,2015,TIFF,0
tt4079566,a young patriot,2015,TIFF,0
tt4158624,about ray,2015,TIFF,0
tt1949564,la ronde,2011,TIFF,0
tt0143088,adieu philippine,2015,TIFF,0
tt4914552,afternoon,2015,TIFF,0
tt4196504,al purdy was here,2015,TIFF,0
tt5804306,an old dog's diary,2015,TIFF,0
tt3368222,angry indian goddesses,2015,TIFF,0
tt2401878,anomalisa,2015,TIFF,1
tt1555084,la terre outragée,2011,TIFF,0
tt3284178,"arabian nights: volume 1, the restless one",2015,TIFF,0
tt4692234,"arabian nights: volume 2, the desolate one",2015,TIFF,0
tt4692242,"arabian nights: volume 3, the enchanted one",2015,TIFF,0
tt4400174,as i open my eyes,2015,TIFF,0
tt3757218,baba joon,2015,TIFF,0
tt4918278,bacon & god's wrath,2015,TIFF,0
tt5872292,bam,2015,TIFF,0
tt3838728,bang gang (a modern love story),2015,TIFF,0
tt4094352,barbados,2015,TIFF,0
tt4935418,baskin,2015,TIFF,0
tt4251006,beast,2015,TIFF,0
tt1365050,beasts of no nation,2015,TIFF,0
tt4170186,beeba boys,2015,TIFF,0
tt3916100,being ap,2015,TIFF,0
tt4630444,being charlie,2015,TIFF,0
tt4594746,beneath the spaceship,2015,TIFF,0
tt5046452,benjamin,2015,TIFF,0
tt6661658,beyond the horizon,2015,TIFF,0
tt5059950,bird hearts,2015,TIFF,0
tt4008758,black,2015,TIFF,0
tt1754078,las acacias,2011,TIFF,0
tt1355683,black mass,2015,TIFF,0
tt4935084,bleak street,2015,TIFF,0
tt2922590,blood of my blood,2015,TIFF,0
tt4662994,blue spring,2015,TIFF,0
tt3505682,bolshoi babylon,2015,TIFF,0
tt2133196,born to be blue,2015,TIFF,0
tt3510112,box,2015,TIFF,0
tt5009338,boxing,2015,TIFF,0
tt1869525,las piedras,2011,TIFF,0
tt2381111,brooklyn,2015,TIFF,1
tt3358070,bunny,2015,TIFF,0
tt4954564,campo grande,2015,TIFF,0
tt4644400,casualties of modernity,2015,TIFF,0
tt3526706,chevalier,2015,TIFF,0
tt3638396,closet monster,2015,TIFF,0
tt1968985,afternoon tea,2011,TIFF,0
tt2043900,last call at the oasis,2011,TIFF,0
tt4280864,clouds of autumn,2015,TIFF,0
tt4935110,collective invention,2015,TIFF,0
tt4742264,concerning the bodyguard,2015,TIFF,0
tt2818252,couple in a hole,2015,TIFF,0
tt5094928,cromo,2015,TIFF,0
tt4954580,cuckold,2015,TIFF,0
tt4137902,dark horse,2015,TIFF,0
tt4429074,dégradé,2015,TIFF,0
tt1172049,demolition,2015,TIFF,0
tt4935158,demon,2015,TIFF,0
tt3141498,der nachtmahr,2015,TIFF,0
tt4721400,from afar,2015,TIFF,0
tt3147312,desierto,2015,TIFF,0
tt4520678,deszcz (rain),2015,TIFF,0
tt4679218,dogs don't breed cats,2015,TIFF,0
tt3764122,downriver,2015,TIFF,0
tt4765248,dragstrip,2015,TIFF,0
tt5041562,dredger,2015,TIFF,0
tt4769580,el adiós,2015,TIFF,0
tt7322134,end of puberty,2015,TIFF,0
tt4247428,endorphine,2015,TIFF,0
tt5466124,engram of returning,2015,TIFF,0
tt3289728,equals,2015,TIFF,0
tt2953182,eva doesn't sleep,2015,TIFF,0
tt3777384,eva nová,2015,TIFF,0
tt1924488,le poids du vide,2011,TIFF,0
tt4291590,evolution,2015,TIFF,0
tt2057392,eye in the sky,2015,TIFF,0
tt3613648,families,2015,TIFF,0
tt5068112,faux départ,2015,TIFF,0
tt4123506,fire song,2015,TIFF,0
tt1349457,le premier homme,2011,TIFF,0
tt3352034,five nights in maine,2015,TIFF,0
tt5079162,following diana,2015,TIFF,0
tt2271563,forsaken,2015,TIFF,0
tt3451720,francofonia,2015,TIFF,0
tt1658801,freeheld,2015,TIFF,0
tt4168502,french blood,2015,TIFF,0
tt4895740,frenzy,2015,TIFF,0
tt4481364,fugue,2015,TIFF,0
tt3702720,full contact,2015,TIFF,0
tt4425152,girls lost,2015,TIFF,0
tt4314094,granny's dancing on the table,2015,TIFF,0
tt4062536,green room,2015,TIFF,0
tt4935860,guantanamo's child: omar khadr,2015,TIFF,0
tt3072482,hardcore,2015,TIFF,0
tt0074605,harlan county usa,2015,TIFF,0
tt3065132,he named me malala,2015,TIFF,0
tt4935446,heart of a dog,2015,TIFF,0
tt3305844,hellions,2015,TIFF,0
tt1642261,lena,2011,TIFF,0
tt3556944,heroes reborn,2015,TIFF,0
tt3995690,hide & seek,2015,TIFF,0
tt0462335,high-rise,2015,TIFF,0
tt3748512,hitchcock/truffaut,2015,TIFF,0
tt4210992,homesick,2015,TIFF,0
tt4819804,hong kong trilogy: preschooled preoccupied preposterous,2015,TIFF,0
tt4498800,honor thy father,2015,TIFF,0
tt4936048,horizon,2015,TIFF,0
tt4940568,hurt,2015,TIFF,0
tt4034452,hyena road,2015,TIFF,0
tt1490785,i saw the light,2015,TIFF,0
tt3640682,i smile back,2015,TIFF,0
tt4524202,imbisibol,2015,TIFF,0
tt4936064,in jackson heights,2015,TIFF,0
tt4076164,in the room,2015,TIFF,0
tt3651326,in the shadow of women,2015,TIFF,0
tt4955012,incident light,2015,TIFF,0
tt2625810,into the forest,2015,TIFF,0
tt1946303,les dimanches,2011,TIFF,0
tt4937126,it all started at the end,2015,TIFF,0
tt4805832,it's not you,2015,TIFF,0
tt4309356,ivy,2015,TIFF,0
tt4955062,jack,2015,TIFF,0
tt4288636,james white,2015,TIFF,0
tt3707114,janis: little girl blue,2015,TIFF,0
tt4760714,je suis charlie,2015,TIFF,0
tt1699185,les hommes libres,2011,TIFF,0
tt4042814,keeper,2015,TIFF,0
tt4900018,keith richards: under the influence,2015,TIFF,0
tt2474958,kill your friends,2015,TIFF,0
tt3622120,kilo two bravo,2015,TIFF,0
tt4684404,kokom,2015,TIFF,0
tt4792648,lace crater,2015,TIFF,0
tt3841424,land of mine,2015,TIFF,1
tt1602098,albert nobbs,2011,TIFF,1
tt3680410,last cab to darwin,2015,TIFF,0
tt4949428,latchkey kids,2015,TIFF,0
tt3569230,legend,2015,TIFF,0
tt3675204,len and company,2015,TIFF,0
tt4228294,les cowboys,2015,TIFF,0
tt4881276,les êtres chers,2015,TIFF,0
tt4520338,let them come,2015,TIFF,0
tt4085944,lolo,2015,TIFF,0
tt1273221,london fields,2015,TIFF,0
tt3573598,london road,2015,TIFF,0
tt1810798,l'hiver dernier,2011,TIFF,0
tt4000936,looking for grace,2015,TIFF,0
tt2188860,lost and beautiful,2015,TIFF,0
tt3480886,ma ma,2015,TIFF,0
tt4072352,magallanes,2015,TIFF,0
tt4775726,maman(s),2015,TIFF,0
tt2461520,man down,2015,TIFF,0
tt1951173,lie down and die,2011,TIFF,0
tt4930228,may we sleep soundly,2015,TIFF,0
tt4971786,meghmallar,2015,TIFF,0
tt3743068,mekko,2015,TIFF,0
tt3877674,men & chicken,2015,TIFF,0
tt4796116,mia',2015,TIFF,0
tt4940952,minotaur,2015,TIFF,0
tt4935480,miss sharon jones!,2015,TIFF,0
tt2245003,miss you already,2015,TIFF,0
tt2349144,mississippi grind,2015,TIFF,0
tt5001224,mobilize,2015,TIFF,0
tt2091935,mr. right,2015,TIFF,0
tt4701702,mr. six,2015,TIFF,0
tt4685750,much loved,2015,TIFF,0
tt4484426,murmur of the hearts,2015,TIFF,0
tt3966404,mustang,2015,TIFF,1
tt4412362,my great night,2015,TIFF,0
tt4116116,my internship in canada,2015,TIFF,0
tt1758692,like crazy,2011,TIFF,0
tt3319018,my name is emily,2015,TIFF,0
tt4937134,nasser,2015,TIFF,0
tt5896718,neither god nor santa maria,2015,TIFF,0
tt4899406,neon bull,2015,TIFF,0
tt4678978,never happened,2015,TIFF,0
tt4625074,"never steady, never still",2015,TIFF,0
tt4977590,new eyes,2015,TIFF,0
tt1374988,lipstikka,2011,TIFF,0
tt5307210,night without distance,2015,TIFF,0
tt4852638,ninth floor,2015,TIFF,0
tt4881016,no home movie,2015,TIFF,0
tt2556936,no men beyond this point,2015,TIFF,0
tt1837613,northern soul,2015,TIFF,0
tt4571340,o negative,2015,TIFF,0
tt5029258,occidente,2015,TIFF,0
tt4392726,office,2015,TIFF,0
tt1919109,little theatres: homage to the mineral of cabbage,2011,TIFF,0
tt6107382,office space modulation,2015,TIFF,0
tt4073166,one breath,2015,TIFF,0
tt1018765,our brand is crisis,2015,TIFF,0
tt4677350,overpass,2015,TIFF,0
tt1727516,livide,2011,TIFF,0
tt7868166,paradox of praxis 5,2015,TIFF,0
tt3043252,parched,2015,TIFF,0
tt4223366,parisienne,2015,TIFF,0
tt4957446,paths of the soul,2015,TIFF,0
tt4513008,peacock,2015,TIFF,0
tt4779776,people are becoming clouds,2015,TIFF,0
tt5029198,peripheria,2015,TIFF,0
tt1242521,l'ordre et la morale,2011,TIFF,0
tt1856057,phantom boy,2015,TIFF,0
tt3948882,portal to hell!!!,2015,TIFF,0
tt4319210,price of love,2015,TIFF,0
tt10334272,prima materia,2015,TIFF,0
tt4653724,quiet zone,2015,TIFF,0
tt4935282,"rabin, the last day",2015,TIFF,0
tt4396330,rate me,2015,TIFF,0
tt4667126,remaining lives,2015,TIFF,0
tt1474268,los últimos cristeros,2011,TIFF,0
tt3704050,remember,2015,TIFF,0
tt1010248,return of the atom,2015,TIFF,0
tt4768776,"right now, wrong then",2015,TIFF,0
tt4215810,river,2015,TIFF,0
tt0110998,river of grass,2015,TIFF,0
tt0054248,rocco and his brothers,2015,TIFF,0
tt5095708,rock the box,2015,TIFF,0
tt3170832,room,2015,TIFF,1
tt5227588,santa teresa and other stories,2015,TIFF,0
tt1783391,al-jabal,2011,TIFF,0
tt2071519,loutra/baths,2011,TIFF,0
tt3430416,schneider vs. bax,2015,TIFF,0
tt4987420,sector ix b,2015,TIFF,0
tt3616724,semana santa,2015,TIFF,0
tt3661298,septembers of shiraz,2015,TIFF,0
tt4492950,she stoops to conquer,2015,TIFF,0
tt3746250,sherpa,2015,TIFF,0
tt4106306,sky,2015,TIFF,0
tt1650831,love and bruises,2011,TIFF,0
tt3778086,sleeping giant,2015,TIFF,0
tt5131278,something horizontal,2015,TIFF,0
tt4826842,song of songs,2015,TIFF,0
tt4935334,southbound,2015,TIFF,0
tt3823018,sparrows,2015,TIFF,0
tt4844348,spear,2015,TIFF,0
tt3197766,spl 2 - a time for consequences,2015,TIFF,0
tt1895587,spotlight,2015,TIFF,1
tt1707392,lovely molly,2011,TIFF,0
tt3018070,stonewall,2015,TIFF,0
tt4080768,summertime,2015,TIFF,0
tt2262161,sunset song,2015,TIFF,0
tt11734280,tarlabasi,2015,TIFF,0
tt4863784,i promise you anarchy,2015,TIFF,0
tt1784515,low life,2011,TIFF,0
tt4679238,thank you for bombing,2015,TIFF,0
tt4817332,that dog,2015,TIFF,0
tt4156152,the apostate,2015,TIFF,0
tt2586118,the ardennes,2015,TIFF,0
tt4272866,the boy and the beast,2015,TIFF,0
tt4854170,the boyfriend game,2015,TIFF,0
tt4933584,the chickening,2015,TIFF,0
tt1702543,lucky,2011,TIFF,0
tt4411504,the clan,2015,TIFF,0
tt0810819,the danish girl,2015,TIFF,1
tt3922816,the daughter,2015,TIFF,0
tt4935372,the devil's candy,2015,TIFF,0
tt2910904,the dressmaker,2015,TIFF,0
tt4467154,the endless river,2015,TIFF,0
tt4900156,the event,2015,TIFF,0
tt4705224,the exquisite corpus,2015,TIFF,0
tt2097331,the family fang,2015,TIFF,0
tt1586752,machine gun preacher,2011,TIFF,0
tt5280688,the fantastic love of beeboy & flowergirl,2015,TIFF,0
tt4741354,the fear,2015,TIFF,0
tt2118624,the final girls,2015,TIFF,0
tt3826866,the girl in the photographs,2015,TIFF,0
tt4806512,the guy from work,2015,TIFF,0
tt3688612,the hard stop,2015,TIFF,0
tt4150494,the here after,2015,TIFF,0
tt4686692,the idol,2015,TIFF,0
tt3809478,the kind words,2015,TIFF,0
tt3722070,the lady in the van,2015,TIFF,0
tt4677352,the magnificent life underwater,2015,TIFF,0
tt0787524,the man who knew infinity,2015,TIFF,0
tt4957196,the man who shot hollywood,2015,TIFF,0
tt3659388,the martian,2015,TIFF,1
tt0055151,the mask (eyes of hell),2015,TIFF,0
tt4501454,the meddler,2015,TIFF,0
tt1945134,mandeep,2011,TIFF,0
tt0074891,the memory of justice,2015,TIFF,0
tt4567486,the mind's eye,2015,TIFF,0
tt3851142,the missing girl,2015,TIFF,0
tt4246894,the paradise suite,2015,TIFF,0
tt3083008,the program,2015,TIFF,0
tt1555218,marécages,2011,TIFF,0
tt4940612,the promised land,2015,TIFF,0
tt3874076,the rainbow kid,2015,TIFF,0
tt4861730,the reflektor tapes,2015,TIFF,0
tt0059776,the round-up,2015,TIFF,0
tt4961906,the signalman,2015,TIFF,0
tt4881172,the sky trembles and the earth is afraid and the two eyes are not brothers,2015,TIFF,0
tt3801372,the steps,2015,TIFF,0
tt3715122,the wait,2015,TIFF,0
tt4529128,the waiting room,2015,TIFF,0
tt3616916,the wave,2015,TIFF,0
tt4957538,the whispering star,2015,TIFF,0
tt3597510,the white knights,2015,TIFF,0
tt4263482,the witch,2015,TIFF,0
tt1374985,alois nebel,2011,TIFF,0
tt1627924,mausam,2011,TIFF,0
tt1870548,this changes everything,2015,TIFF,0
tt4161074,thru you princess,2015,TIFF,0
tt0062374,titicut follies,2015,TIFF,0
tt3754940,truman,2015,TIFF,0
tt3203606,trumbo,2015,TIFF,1
tt3859076,truth,2015,TIFF,0
tt2184335,urban hymn,2015,TIFF,0
tt4971824,very big shot,2015,TIFF,0
tt4768764,veteran,2015,TIFF,0
tt4292420,ville-marie,2015,TIFF,0
tt4858184,violet,2015,TIFF,0
tt4074652,we monsters,2015,TIFF,0
tt4794512,wedding doll,2015,TIFF,0
tt4935910,welcome to f.l.,2015,TIFF,0
tt5029226,wellington jr.,2015,TIFF,0
tt4908644,winter on fire: ukraine's fight for freedom,2015,TIFF,1
tt5254790,wolkaan,2015,TIFF,0
tt3735686,women he's undressed,2015,TIFF,0
tt4902022,world famous gopher hole museum,2015,TIFF,0
tt3675748,yakuza apocalypse,2015,TIFF,0
tt3763866,zoom,2015,TIFF,0
tt11760746,025 sunset red,2016,TIFF,0
tt5247544,150 milligrams,2016,TIFF,0
tt5824924,3-way (not calling),2016,TIFF,0
tt5561056,5 films about technology,2016,TIFF,0
tt1754202,michael,2011,TIFF,0
tt2385126,76,2016,TIFF,0
tt5305246,93 days,2016,TIFF,0
tt5882428,a brief history of princess x,2016,TIFF,0
tt0299705,a cool sound from hell,2016,TIFF,0
tt5918074,a death in the gunj,2016,TIFF,0
tt5679536,a decent woman,2016,TIFF,0
tt6046820,a funeral for lightning,2016,TIFF,0
tt3416532,a monster calls,2016,TIFF,0
tt5637726,a new home,2016,TIFF,0
tt1714866,midnight's children,2011,TIFF,0
tt3387266,a united kingdom,2016,TIFF,0
tt5952382,abacus: small enough to jail,2016,TIFF,1
tt4746484,after love,2016,TIFF,0
tt5294966,after the storm,2016,TIFF,0
tt5186236,afterimage,2016,TIFF,0
tt5937962,"all governments lie: truth, deception, and the spirit of i.f. stone",2016,TIFF,0
tt4486986,all i see is you,2016,TIFF,0
tt5952332,amanda knox,2016,TIFF,0
tt0376479,american pastoral,2016,TIFF,0
tt5919006,an aviation field,2016,TIFF,0
tt3917908,an insignificant man,2016,TIFF,0
tt5937788,anatomy of violence,2016,TIFF,0
tt5715760,and the whole sky fit in the dead cow's eye,2016,TIFF,0
tt5972390,andy goes in,2016,TIFF,0
tt5532868,ape sodom,2016,TIFF,0
tt1853614,momo e no tegami,2011,TIFF,0
tt5640450,arq,2016,TIFF,0
tt2543164,arrival,2016,TIFF,1
tt5918028,asura: the city of madness,2016,TIFF,0
tt6042860,austerlitz,2016,TIFF,0
tt5974362,ayiti mon amour,2016,TIFF,0
tt1718835,mon pire cauchemar,2011,TIFF,0
tt5630718,bargain,2016,TIFF,0
tt5477566,barry,2016,TIFF,0
tt5441356,battalion to my beat,2016,TIFF,0
tt4958426,beauties of the night,2016,TIFF,0
tt5811126,because the world never stops,2016,TIFF,0
tt5929776,before the flood,2016,TIFF,0
tt5073620,below her mouth,2016,TIFF,0
tt5863360,bezness as usual,2016,TIFF,0
tt2720826,birth of the dragon,2016,TIFF,0
tt5937964,black code,2016,TIFF,0
tt1210166,moneyball,2011,TIFF,1
tt4538072,black mirror: san junipero & nosedive,2016,TIFF,0
tt1540011,blair witch,2016,TIFF,0
tt1620935,bleed for this,2016,TIFF,0
tt5161784,blessed benefit,2016,TIFF,0
tt4568370,blind sun,2016,TIFF,0
tt5912454,blue jay,2016,TIFF,0
tt3477762,boundaries,2016,TIFF,0
tt3445580,boys in the trees,2016,TIFF,0
tt1680045,360,2011,TIFF,0
tt2011971,monsieur lazhar,2011,TIFF,1
tt3704700,brain on fire,2016,TIFF,0
tt1895315,brimstone,2016,TIFF,0
tt5974374,"brooks, meadows and lovely faces",2016,TIFF,0
tt5193784,brotherhood,2016,TIFF,0
tt4882548,burn your maps,2016,TIFF,0
tt5173032,buster's mal heart,2016,TIFF,0
tt6024768,by the time it gets dark,2016,TIFF,0
tt2989524,carrie pilby,2016,TIFF,0
tt2011138,monsters club,2011,TIFF,0
tt5294198,catfight,2016,TIFF,0
tt4468634,certain women,2016,TIFF,0
tt4283892,chasing trane: the john coltrane documentary,2016,TIFF,0
tt5794640,children of lir,2016,TIFF,0
tt4666726,christine,2016,TIFF,0
tt6012968,cilaos,2016,TIFF,0
tt3699354,citizen jane: battle for the city,2016,TIFF,0
tt1966385,city of tiny lights,2016,TIFF,0
tt4373956,clair obscur,2016,TIFF,0
tt5808602,cleo,2016,TIFF,0
tt4680182,colossal,2016,TIFF,0
tt5276548,cul-de-sac,2016,TIFF,0
tt3822762,cycles,2016,TIFF,0
tt6081572,dadyaa,2016,TIFF,0
tt4628882,daguerrotype,2016,TIFF,0
tt7118776,dark adaptation,2016,TIFF,0
tt5794646,datamine,2016,TIFF,0
tt0104057,daughters of the dust,2016,TIFF,0
tt5671290,decorado,2016,TIFF,0
tt0213905,mundo grua,2011,TIFF,0
tt1860357,deepwater horizon,2016,TIFF,1
tt4645330,denial,2016,TIFF,0
tt4730986,divines,2016,TIFF,0
tt4054654,dog eat dog,2016,TIFF,0
tt5368088,"ears, nose and throat",2016,TIFF,0
tt5599818,ember,2016,TIFF,0
tt5546278,emma,2016,TIFF,0
tt2043931,neil young journeys,2011,TIFF,0
tt5699464,fluffy,2016,TIFF,0
tt5529828,forever pure,2016,TIFF,0
tt9164726,four faces of the moon,2016,TIFF,0
tt6061172,foyer,2016,TIFF,0
tt5029608,frantz,2016,TIFF,0
tt4158096,free fire,2016,TIFF,0
tt3415734,gaza surf club,2016,TIFF,0
tt5247282,general report ii. the new abduction of europe,2016,TIFF,0
tt0316020,general report on certain matters of interest for a public screening,2016,TIFF,0
tt1954693,no words came down,2011,TIFF,0
tt5938190,giants of africa,2016,TIFF,0
tt4902216,girl unbound,2016,TIFF,0
tt5451054,godless,2016,TIFF,0
tt4813580,gods acre,2016,TIFF,0
tt5952306,godspeed,2016,TIFF,0
tt4911996,goldstone,2016,TIFF,0
tt5816020,green,2016,TIFF,0
tt2016955,nuit #1,2011,TIFF,0
tt5978754,green white green,2016,TIFF,0
tt6071534,gringo: the dangerous life of john mcafee,2016,TIFF,0
tt6152546,guilty men,2016,TIFF,0
tt5573906,há terra!,2016,TIFF,0
tt5520360,half a man,2016,TIFF,0
tt5016946,handsome devil,2016,TIFF,0
tt5147214,headshot,2016,TIFF,0
tt5096536,heal the living,2016,TIFF,0
tt1683921,nuit blanche,2011,TIFF,0
tt4613254,heartstone,2016,TIFF,0
tt5766118,heaven will wait,2016,TIFF,0
tt2489736,hello destroyer,2016,TIFF,0
tt5890038,hema hema: sing me a song while i wait,2016,TIFF,0
tt5880296,hermia & helena,2016,TIFF,0
tt4047846,home,2016,TIFF,0
tt3142468,hunting flies,2016,TIFF,0
tt5918090,i am not madame bovary,2016,TIFF,0
tt1725057,o abismo prateado,2011,TIFF,0
tt5059406,i am the pretty thing that lives in the house,2016,TIFF,0
tt4170344,i called him morgan,2016,TIFF,0
tt5896594,i had nowhere to go,2016,TIFF,0
tt13684100,"i'll remember you as you were, not as what you'll become",2016,TIFF,0
tt5776304,imitations,2016,TIFF,0
tt5645940,import,2016,TIFF,0
tt5974388,in between,2016,TIFF,0
tt1946186,of events,2011,TIFF,0
tt4411618,in dubious battle,2016,TIFF,0
tt3210796,in exile,2016,TIFF,0
tt4854126,in the blood,2016,TIFF,0
tt5033018,in the radiant city,2016,TIFF,0
tt5911766,indefinite pitch,2016,TIFF,0
tt5641282,india in a day,2016,TIFF,0
tt5259496,indivisible,2016,TIFF,0
tt5807512,inner workings,2016,TIFF,0
tt1999828,always brando,2011,TIFF,0
tt1710590,omar m'a tuer,2011,TIFF,0
tt5885886,interchange,2016,TIFF,0
tt4846318,into the inferno,2016,TIFF,0
tt0116650,irma vep,2016,TIFF,0
tt4557512,j: beyond flamenco,2016,TIFF,0
tt1619029,jackie,2016,TIFF,1
tt4938050,jean of the joneses,2016,TIFF,0
tt5691550,jeffrey,2016,TIFF,0
tt5932894,jesus,2016,TIFF,0
tt1630562,onder ons,2011,TIFF,0
tt4771160,joe cinque's consolation,2016,TIFF,0
tt5978766,just not married,2016,TIFF,0
tt5001772,justin timberlake + the tennessee kids,2016,TIFF,0
tt5952526,karl marx city,2016,TIFF,0
tt6039442,kati kati,2016,TIFF,0
tt4547938,katie says goodbye,2016,TIFF,0
tt6069442,kékszakállú,2016,TIFF,0
tt5918104,king of the dancehall,2016,TIFF,0
tt2072188,optra field vii-ix,2011,TIFF,0
tt3783958,la la land,2016,TIFF,1
tt4291600,lady macbeth,2016,TIFF,0
tt5219770,land of the gods,2016,TIFF,0
tt5761038,late night drama,2016,TIFF,0
tt5712152,layla m.,2016,TIFF,0
tt4778988,lbj,2016,TIFF,0
tt5813194,le ciel flamand,2016,TIFF,0
tt3741834,lion,2016,TIFF,1
tt4636254,little wing,2016,TIFF,0
tt2072185,ora,2011,TIFF,0
tt8747658,luna e santur,2016,TIFF,0
tt6041030,mad world,2016,TIFF,0
tt5427450,mali blues,2016,TIFF,0
tt4034228,manchester by the sea,2016,TIFF,1
tt5705058,"marie curie, the courage of knowledge",2016,TIFF,0
tt4539140,marija,2016,TIFF,0
tt5808852,mariner,2016,TIFF,0
tt4936176,mascots,2016,TIFF,0
tt5160928,mean dreams,2016,TIFF,0
tt1712192,message from the king,2016,TIFF,0
tt5606268,mimosas,2016,TIFF,0
tt5943690,mister universo,2016,TIFF,0
tt4975722,moonlight,2016,TIFF,1
tt1797469,page eight,2011,TIFF,0
tt5935072,mostly sunny,2016,TIFF,0
tt3823636,mr. sugar daddy,2016,TIFF,0
tt5553108,mutants,2016,TIFF,0
tt2321405,my life as a courgette,2016,TIFF,1
tt5326364,nelly,2016,TIFF,0
tt4698584,neruda,2016,TIFF,0
tt2589076,never ever,2016,TIFF,0
tt6035760,night dancing,2016,TIFF,0
tt2028530,paradise lost 3: purgatory,2011,TIFF,1
tt5978570,nirvanna the band the show,2016,TIFF,0
tt5771640,noces,2016,TIFF,0
tt4795546,nocturama,2016,TIFF,0
tt4550098,nocturnal animals,2016,TIFF,1
tt4191702,norman: the moderate rise and tragic fall of a new york fixer,2016,TIFF,0
tt5997756,nutag - homeland,2016,TIFF,0
tt4240302,off frame aka revolution until victory,2016,TIFF,0
tt5648102,oh what a wonderful feeling,2016,TIFF,0
tt1233334,pariah,2011,TIFF,0
tt5955112,okafor's law,2016,TIFF,0
tt5112438,oko ashewo,2016,TIFF,0
tt5474522,old stone,2016,TIFF,0
tt6154900,on the origin of fear,2016,TIFF,0
tt5578722,once again,2016,TIFF,0
tt0076855,"one sings, the other doesn't",2016,TIFF,0
tt4746516,orphan,2016,TIFF,0
tt0457430,pan's labyrinth,2016,TIFF,0
tt5964350,paraya,2016,TIFF,0
tt1945150,patch town,2011,TIFF,0
tt4429194,paris can wait,2016,TIFF,0
tt5449214,park,2016,TIFF,0
tt5787384,past life,2016,TIFF,0
tt4680196,planetarium,2016,TIFF,0
tt5130424,prank,2016,TIFF,0
tt5154288,prevenge,2016,TIFF,0
tt1919005,pathways,2011,TIFF,0
tt4637598,pyromaniac,2016,TIFF,0
tt4341582,queen of katwe,2016,TIFF,0
tt4384088,rage,2016,TIFF,0
tt4033926,rats,2016,TIFF,0
tt4954522,raw,2016,TIFF,0
tt5690914,red apples,2016,TIFF,0
tt8319196,red of the yew tree,2016,TIFF,0
tt5784734,rodnye (close relations),2016,TIFF,0
tt5716052,romantik,2016,TIFF,0
tt7896526,rudzienko,2016,TIFF,0
tt2043775,american colour,2011,TIFF,0
tt1956594,paul williams still alive,2011,TIFF,0
tt5309954,sadako vs. kayako,2016,TIFF,0
tt5901212,safari,2016,TIFF,0
tt4441150,salt and fire,2016,TIFF,0
tt5762804,samedi cinema,2016,TIFF,0
tt5845020,sandy beach,2016,TIFF,0
tt5974422,santa & andres,2016,TIFF,0
tt6027438,second to none,2016,TIFF,0
tt1649780,"peace, love & misunderstanding",2011,TIFF,0
tt5142274,shahzad,2016,TIFF,0
tt3470600,sing,2016,TIFF,0
tt5139562,small fry,2016,TIFF,0
tt3774114,snowden,2016,TIFF,0
tt0091983,something wild,2016,TIFF,0
tt1417592,pearl jam twenty,2011,TIFF,0
tt5974624,soul on a string,2016,TIFF,0
tt2387692,souvenir,2016,TIFF,0
tt5765000,standby,2016,TIFF,0
tt5205210,strange weather,2016,TIFF,0
tt6114826,summer camp island,2016,TIFF,0
tt4746506,sweet dreams,2016,TIFF,0
tt5255874,tamara and the ladybug,2016,TIFF,0
tt4914580,the age of shadows,2016,TIFF,0
tt4335804,the animal's wife,2016,TIFF,0
tt5811182,the arbitration,2016,TIFF,0
tt3289956,the autopsy of jane doe,2016,TIFF,0
tt4334266,the bad batch,2016,TIFF,0
tt8869484,the bait,2016,TIFF,0
tt0058946,the battle of algiers,2016,TIFF,0
tt4715652,the beautiful days of aranjuez,2016,TIFF,0
tt2035599,"pink ribbons, inc.",2011,TIFF,0
tt1082807,the belko experiment,2016,TIFF,0
tt4196450,the birth of a nation,2016,TIFF,0
tt1610525,the bleeder,2016,TIFF,0
tt5952468,the b-side: elsa dorfman's portrait photography,2016,TIFF,0
tt5224746,the day my father became a bush,2016,TIFF,0
tt5025550,the dreamed path,2016,TIFF,0
tt1376717,play,2011,TIFF,0
tt5282006,the duelist,2016,TIFF,0
tt3882074,the eagle huntress,2016,TIFF,0
tt1878870,the edge of seventeen,2016,TIFF,0
tt5934644,the empty box,2016,TIFF,0
tt4721124,the exception,2016,TIFF,0
tt4950192,the fixer,2016,TIFF,0
tt4771896,the fury of a patient man,2016,TIFF,0
tt4135076,the giant,2016,TIFF,0
tt4547056,the girl with all the gifts,2016,TIFF,0
tt4016934,the handmaiden,2016,TIFF,0
tt1718924,the headhunter's calling,2016,TIFF,0
tt5732566,the hedonists,2016,TIFF,0
tt0090907,the horse thief,2016,TIFF,0
tt6041312,the human surge,2016,TIFF,0
tt5952266,the ivory game,2016,TIFF,0
tt4826674,the journey,2016,TIFF,0
tt3292080,the journey is the destination,2016,TIFF,0
tt6025528,the last leatherman of the vale of cashmere,2016,TIFF,0
tt5158522,the levelling,2016,TIFF,0
tt1740018,pompeya,2011,TIFF,0
tt4733640,the limehouse golem,2016,TIFF,0
tt4837062,the long excuse,2016,TIFF,0
tt2404435,the magnificent seven,2016,TIFF,0
tt5996202,the net,2016,TIFF,0
tt4433890,the oath,2016,TIFF,0
tt4929038,the ornithologist,2016,TIFF,0
tt3641024,the pine tree villa,2016,TIFF,0
tt4776998,the promise,2016,TIFF,0
tt1774531,porfirio,2011,TIFF,0
tt5820812,the rehearsal,2016,TIFF,0
tt5974402,the road to mandalay,2016,TIFF,0
tt5825584,the road to webequie,2016,TIFF,0
tt5914350,the rolling stones olé olé olé! : a trip across latin america,2016,TIFF,0
tt3344694,the secret scripture,2016,TIFF,0
tt5952364,the sixth beatle,2016,TIFF,0
tt5938234,the skyjacker's tale,2016,TIFF,0
tt7243446,the smoke,2016,TIFF,0
tt2043962,portret v sumer kakh,2011,TIFF,0
tt5938238,the stairs,2016,TIFF,0
tt5718136,the taste of vietnam,2016,TIFF,0
tt5037288,the terry kath experience,2016,TIFF,0
tt5265960,the untamed,2016,TIFF,0
tt5719108,the war show,2016,TIFF,0
tt5978822,the wedding party,2016,TIFF,0
tt5974454,the wedding ring,2016,TIFF,0
tt6073176,the white helmets,2016,TIFF,1
tt1742023,americano,2011,TIFF,0
tt1663321,poulet aux prunes,2011,TIFF,0
tt5843990,the woman who left,2016,TIFF,0
tt5974460,the women's balcony,2016,TIFF,0
tt1661275,their finest,2016,TIFF,0
tt4991512,tramps,2016,TIFF,0
tt5519972,transition,2016,TIFF,0
tt1582244,presumé capable,2011,TIFF,0
tt5706986,trespass,2016,TIFF,0
tt3305308,trespass against us,2016,TIFF,0
tt5669222,tshiuetin,2016,TIFF,0
tt5978462,tuko macho,2016,TIFF,0
tt7798194,twisted,2016,TIFF,0
tt4412528,two lovers and a bear,2016,TIFF,0
tt2315582,una,2016,TIFF,0
tt4538016,unless,2016,TIFF,0
tt7913060,venus delta,2016,TIFF,0
tt1945228,voyage of time: life's journey,2016,TIFF,0
tt6024606,voyage of time: the imax experience,2016,TIFF,0
tt5195412,wakefield,2016,TIFF,0
tt5952516,"water and sugar: carlo di palma, the colours of life",2016,TIFF,0
tt5937934,we can't make the same mistake twice,2016,TIFF,0
tt1640548,rampart,2011,TIFF,0
tt5955476,whispering breeze,2016,TIFF,0
tt3638644,white sun,2016,TIFF,0
tt5553102,wild skin,2016,TIFF,0
tt4181270,window horses (the poetic persian epiphany of rosie ming),2016,TIFF,0
tt4708346,without name,2016,TIFF,0
tt4936122,wùlu,2016,TIFF,0
tt5100046,x500,2016,TIFF,0
tt5585414,your mother and i,2016,TIFF,0
tt2004332,random,2011,TIFF,0
tt5907916,yourself and yours,2016,TIFF,0
tt5662990,zacma: blindness,2016,TIFF,0
tt5133392,zoology,2016,TIFF,0
tt7285742,(100ft),2017,TIFF,0
tt7133384,3/4,2017,TIFF,0
tt4459156,55 steps,2017,TIFF,0
tt6802896,a ciambra,2015,CLERMONT-FERRAND,0
tt2050604,ren shan ren hai,2011,TIFF,0
tt7297958,a fish out of water,2017,TIFF,0
tt7177156,a season in france,2017,TIFF,0
tt6386168,a sort of family,2017,TIFF,0
tt6488386,airport,2017,TIFF,0
tt7297954,alanis,2017,TIFF,0
tt1034007,alias grace,2017,TIFF,0
tt1886656,resonance,2011,TIFF,0
tt7230148,all you can eat buddha,2017,TIFF,0
tt6131010,an imagined conversation: kanye west & stephen hawking,2017,TIFF,0
tt7205208,angels wear white,2017,TIFF,0
tt4729896,apostasy,2017,TIFF,0
tt6952604,arrhythmia,2017,TIFF,0
tt7259986,ava,2017,TIFF,0
tt7210122,azmaish: a journey through the subcontinent,2017,TIFF,0
tt4622512,battle of the sexes,2017,TIFF,0
tt5628302,beast,2017,TIFF,0
tt7293174,below-above,2017,TIFF,0
tt6100122,beyond words,2017,TIFF,0
tt6059672,bickford park,2017,TIFF,0
tt6822956,bird,2017,TIFF,0
tt6493644,birds without names,2017,TIFF,0
tt5843716,black cop,2017,TIFF,0
tt6098208,black kite,2017,TIFF,0
tt1646123,rizhao chongqing,2011,TIFF,0
tt7207674,blue christmas,2017,TIFF,0
tt5883570,bodied,2017,TIFF,0
tt7083868,bonboné,2017,TIFF,0
tt7210348,boom for real the late teenage years of jean-michel basquiat,2017,TIFF,0
tt5727282,borg/mcenroe,2017,TIFF,0
tt5884230,brad's status,2017,TIFF,0
tt5657856,brawl in cell block 99,2017,TIFF,0
tt1553659,breath,2017,TIFF,0
tt5716464,breathe,2017,TIFF,0
tt7286068,brown and clear,2017,TIFF,0
tt7225942,caniba,2017,TIFF,0
tt5618692,cardinals,2017,TIFF,0
tt6922038,catastrophe,2017,TIFF,0
tt5804946,catch the wind,2017,TIFF,0
tt5699154,c'est la vie!,2017,TIFF,0
tt5270948,chappaquiddick,2017,TIFF,0
tt6537272,charles,2017,TIFF,0
tt1781767,amy george,2011,TIFF,0
tt1590970,roméo onze,2011,TIFF,0
tt2353887,cocaine prison,2017,TIFF,0
tt5708028,cocote,2017,TIFF,0
tt7286086,configuration in black and white,2017,TIFF,0
tt6805006,crème de menthe,2017,TIFF,0
tt6002232,custody,2017,TIFF,0
tt7297956,dark is the night,2017,TIFF,0
tt5700176,dark river,2017,TIFF,0
tt2043979,róza,2011,TIFF,0
tt4555426,darkest hour,2017,TIFF,1
tt2610248,disappearance,2017,TIFF,0
tt7164066,disappearance,2017,TIFF,0
tt7038154,dislocation blues,2017,TIFF,0
tt6108178,disobedience,2017,TIFF,0
tt6796436,division movement to vungtau,2017,TIFF,0
tt5030452,don't talk to irene,2017,TIFF,0
tt6138228,downrange,2017,TIFF,0
tt1389072,downsizing,2017,TIFF,0
tt9014678,sack barrow,2011,TIFF,0
tt6576482,dragonfly eyes,2017,TIFF,0
tt6652404,drop by drop,2017,TIFF,0
tt5013056,dunkirk,2017,TIFF,1
tt6498644,eric clapton: life in 12 bars,2017,TIFF,0
tt5698320,euphoria,2017,TIFF,0
tt6505968,euthanizer,2017,TIFF,0
tt6855444,everlasting mom,2017,TIFF,0
tt6209282,ex libris - the new york public library,2017,TIFF,0
tt4702752,eye on juliet,2017,TIFF,0
tt5598102,visages villages,2017,CANNES,1
tt2007993,sai te ke ba lai,2011,TIFF,0
tt6772602,fifteen,2017,TIFF,0
tt5711148,film stars don't die in liverpool,2017,TIFF,0
tt6053438,first reformed,2017,TIFF,1
tt4882376,first they killed my father,2017,TIFF,0
tt2396489,five fingers for marseilles,2017,TIFF,0
tt6662050,five minutes,2017,TIFF,0
tt7281188,flores,2017,TIFF,0
tt2954096,sailboat,2011,TIFF,0
tt7777096,fluid frontiers,2017,TIFF,0
tt7288818,for nonna anna,2017,TIFF,0
tt6896536,foxtrot,2017,TIFF,0
tt7291268,gaga: five foot two,2017,TIFF,0
tt3687938,good favour,2017,TIFF,0
tt3288544,good luck,2017,TIFF,0
tt6903636,grace jones: bloodlight and bami,2017,TIFF,0
tt7013192,grandmother,2017,TIFF,0
tt1441952,salmon fishing in the yemen,2011,TIFF,0
tt6952952,great choice,2017,TIFF,0
tt5455410,gutland,2017,TIFF,0
tt4432006,hannah,2017,TIFF,0
tt7239132,heart of a mountain,2017,TIFF,0
tt7284066,high fantasy,2017,TIFF,0
tt6530104,"hochelaga, terre des âmes",2017,TIFF,0
tt6856360,homer_b,2017,TIFF,0
tt5478478,hostiles,2017,TIFF,0
tt0770802,samsara,2011,TIFF,0
tt4602342,human traces,2017,TIFF,0
tt6213284,i am not a witch,2017,TIFF,0
tt6322912,i didn't shoot jesse james,2017,TIFF,0
tt4547194,i kill giants,2017,TIFF,0
tt7264080,"i love you, daddy",2017,TIFF,0
tt5580036,"i, tonya",2017,TIFF,1
tt5504810,if you saw his heart,2017,TIFF,0
tt5672286,indian horse,2017,TIFF,0
tt0093239,i've heard the mermaids singing,2017,TIFF,0
tt7207238,jane,2017,TIFF,0
tt6340264,"jeannette, the childhood of joan of arc",2017,TIFF,0
tt7214762,"jim & andy: the great beyond - the story of jim carrey & andy kaufman with a very special presentationsecial, contractually obligated mention of tony clifton",2017,TIFF,0
tt6953844,"jodilerks dela cruz, employee of the month",2017,TIFF,0
tt3780500,journey's end,2017,TIFF,0
tt7272242,killing jesus,2017,TIFF,0
tt5843850,kings,2017,TIFF,0
tt5225428,kissing candice,2017,TIFF,0
tt1625155,sangue do meu sangue,2011,TIFF,0
tt1880399,kodachrome,2017,TIFF,0
tt7289450,la libertad,2017,TIFF,0
tt4925292,lady bird,2017,TIFF,1
tt6855276,latched,2017,TIFF,0
tt7162408,le fort des fous,2017,TIFF,0
tt5340300,lean on pete,2017,TIFF,0
tt6157626,legend of the demon cat,2017,TIFF,0
tt6243140,les affamés,2017,TIFF,0
tt5827212,let the corpses tan,2017,TIFF,0
tt5891122,life and nothing more,2017,TIFF,0
tt2115385,sans titre,2011,TIFF,0
tt6078066,lira's forest,2017,TIFF,0
tt6604174,living proof,2017,TIFF,0
tt7040678,long distance relationship,2017,TIFF,0
tt7043176,long time running,2017,TIFF,0
tt5545984,longing,2017,TIFF,0
tt6281148,looking for oum kulthum,2017,TIFF,0
tt7115920,"lots of kids, a monkey and a castle",2017,TIFF,0
tt7206654,love means zero,2017,TIFF,0
tt4682788,loving pablo,2017,TIFF,0
tt1521197,anonymous,2011,TIFF,1
tt1965264,sarah palin - you betcha!,2011,TIFF,0
tt7082196,lower heaven,2017,TIFF,0
tt6186442,luk'luk'i,2017,TIFF,0
tt5584756,mademoiselle paradis,2017,TIFF,0
tt7204218,magic moments,2017,TIFF,0
tt6805366,makala,2017,TIFF,0
tt4537986,manhunt,2017,TIFF,0
tt5175450,mark felt - the man who brought down the white house,2017,TIFF,0
tt5923026,marlina the murderer in four acts,2017,TIFF,0
tt6622272,marlon,2017,TIFF,0
tt2066175,sea series #10,2011,TIFF,0
tt5886440,marrowbone,2017,TIFF,0
tt5814530,mary goes round,2017,TIFF,0
tt3906082,mary shelley,2017,TIFF,0
tt6400316,meditation park,2017,TIFF,0
tt4494230,messi and maud,2017,TIFF,0
tt5822148,miami,2017,TIFF,0
tt7144278,midnight confession,2017,TIFF,0
tt7026784,milk,2017,TIFF,0
tt6682904,miracle,2017,TIFF,0
tt1723811,shame,2011,TIFF,0
tt6085744,möbius,2017,TIFF,0
tt4209788,molly's game,2017,TIFF,1
tt5462326,mom and dad,2017,TIFF,0
tt7214814,mon amour mon ami,2017,TIFF,0
tt5261190,montana,2017,TIFF,0
tt6597824,mother,2017,TIFF,1
tt5109784,mother!,2017,TIFF,0
tt5958060,motorrad,2017,TIFF,0
tt7591560,mr. yellow sweatshirt,2017,TIFF,0
tt7155262,mrs. fang,2017,TIFF,0
tt2028550,siglo ng pagluluwal,2011,TIFF,0
tt2396589,mudbound,2017,TIFF,1
tt5978724,my days of mercy,2017,TIFF,0
tt5492260,"never steady, never still",2017,TIFF,0
tt6067428,nina,2017,TIFF,0
tt0067504,north of superior,2017,TIFF,0
tt4513316,novitiate,2017,TIFF,0
tt6741568,number one,2017,TIFF,0
tt7611684,nuuca,2017,TIFF,0
tt7224496,oblivion verses,2017,TIFF,0
tt1816642,sisters&brothers,2011,TIFF,0
tt7099360,of sheep and men,2017,TIFF,0
tt6343058,oh lucy!,2015,CLERMONT-FERRAND,0
tt6978268,omertà,2017,TIFF,0
tt1667321,on chesil beach,2017,TIFF,0
tt7328254,on my way out: the secret life of nani and popi,2017,TIFF,0
tt7214842,one of us,2017,TIFF,0
tt7293144,onward lossless follows,2017,TIFF,0
tt7239076,our people will be healed,2017,TIFF,0
tt7260048,outside in,2017,TIFF,0
tt6940696,pahuna: the little visitors,2017,TIFF,0
tt7239134,palmerston blvd.,2017,TIFF,0
tt5093026,papillon,2017,TIFF,0
tt7219368,phantasiesätze,2017,TIFF,0
tt7293150,pixillation,2017,TIFF,0
tt7011436,plonger,2017,TIFF,0
tt5913968,porcupine lake,2017,TIFF,0
tt6136920,pre-drink,2017,TIFF,0
tt6966688,preparation,2017,TIFF,0
tt5072336,princesita,2017,TIFF,0
tt6133130,professor marston & the wonder women,2017,TIFF,0
tt6111996,prototype,2017,TIFF,0
tt3364264,public schooled,2017,TIFF,0
tt5119116,pyewacket,2017,TIFF,0
tt2586120,racer and the jailbird,2017,TIFF,0
tt5952238,rainbow - a private affair,2017,TIFF,0
tt5752524,ravens,2017,TIFF,0
tt1836918,slow action,2011,TIFF,0
tt7216256,razzia,2017,TIFF,0
tt6738136,revenge,2017,TIFF,0
tt6950724,roadside attraction,2017,TIFF,0
tt6000478,"roman j. israel, esq.",2017,TIFF,1
tt7293156,rose gold,2017,TIFF,0
tt6991116,rupture,2017,TIFF,0
tt6596796,samui song,2017,TIFF,0
tt1783780,smuggler,2011,TIFF,0
tt7066502,scaffold,2017,TIFF,0
tt6253214,scaffolding,2017,TIFF,0
tt2773246,scotty and the secret history of hollywood,2017,TIFF,0
tt6131208,sergio & sergei,2017,TIFF,0
tt7805786,shadow nettes,2017,TIFF,0
tt6953076,sheikh jackson,2017,TIFF,0
tt6907522,shinaab,2017,TIFF,0
tt7297960,shuttle life,2017,TIFF,0
tt7414956,sighted eyes/feeling heart,2017,TIFF,0
tt6621204,signature,2017,TIFF,0
tt1680114,snowtown,2011,TIFF,0
tt5853464,silas,2017,TIFF,0
tt7262052,soldiers. story from ferentari,2017,TIFF,0
tt7239128,some cities,2017,TIFF,0
tt8304906,"stay, i don't want to be alone",2017,TIFF,0
tt7042920,still water runs deep,2017,TIFF,0
tt7054194,strangely ordinary this devotion,2017,TIFF,0
tt3881784,stronger,2017,TIFF,0
tt3563262,submergence,2017,TIFF,0
tt1601227,sønner av norge,2011,TIFF,0
tt0491175,suburbicon,2017,TIFF,0
tt7336410,suleiman mountain,2017,TIFF,0
tt7215262,super size me 2: holy chicken!,2017,TIFF,0
tt6958212,sweet country,2017,TIFF,0
tt7133648,a skin so soft,2017,TIFF,0
tt7433624,the argument (with annotations),2017,TIFF,0
tt5851904,the big bad fox & other tales,2017,TIFF,0
tt7180544,the brawler,2017,TIFF,0
tt3901826,the breadwinner,2017,TIFF,1
tt6531506,the burden,2017,TIFF,0
tt1980249,"sorry, rabbi",2011,TIFF,0
tt3719948,the butterfly tree,2017,TIFF,0
tt6763252,the captain,2017,TIFF,0
tt7284952,the carter effect,2017,TIFF,0
tt6040662,the children act,2017,TIFF,0
tt7215388,the china hustle,2017,TIFF,0
tt6999112,the conformist,2017,TIFF,0
tt6044156,the crescent,2017,TIFF,0
tt3463106,the cured,2017,TIFF,0
tt2140507,the current war,2017,TIFF,0
tt1839610,spirit of the bluebird,2011,TIFF,0
tt4686844,the death of stalin,2017,TIFF,0
tt7036616,"the death, dad & son",2017,TIFF,0
tt3521126,the disaster artist,2017,TIFF,1
tt5868906,the drop in,2017,TIFF,0
tt6069126,the escape,2017,TIFF,0
tt7215444,the final year,2017,TIFF,0
tt5649144,the florida project,2017,TIFF,1
tt6598514,the future ahead,2017,TIFF,0
tt1756750,starbuck,2011,TIFF,0
tt5945724,the garden,2017,TIFF,0
tt3846642,the girlfriend experience season 2,2017,TIFF,0
tt7010412,the great buddha+,2017,TIFF,0
tt6213362,the guardians,2017,TIFF,0
tt7219324,the house by the sea,2017,TIFF,0
tt6354784,the hungry,2017,TIFF,0
tt7048622,the insult,2017,TIFF,1
tt6213758,the journey,2017,TIFF,0
tt6246092,the judge,2017,TIFF,0
tt1609492,superclásico,2011,TIFF,0
tt4240910,the legend of the ugly king,2017,TIFF,0
tt3741632,the leisure seeker,2017,TIFF,0
tt6034550,the little girl who was too fond of matches,2017,TIFF,0
tt4399952,the lodgers,2017,TIFF,0
tt5451244,the motive,2017,TIFF,0
tt2226597,the mountain between us,2017,TIFF,0
tt4540384,the nothing factory,2017,TIFF,0
tt6247314,the number,2017,TIFF,0
tt7218812,the other side of everything,2017,TIFF,0
tt2011261,surveillant,2011,TIFF,0
tt7297962,the poet and the boy,2017,TIFF,0
tt6819172,the president's visit,2017,TIFF,0
tt6194540,the price of success,2017,TIFF,0
tt6217608,the rider,2017,TIFF,0
tt5638642,the ritual,2017,TIFF,0
tt7229730,the royal hibiscus hotel,2017,TIFF,0
tt7215548,the seen and unseen,2017,TIFF,0
tt5580390,the shape of water,2017,TIFF,1
tt1462014,surviving progress,2011,TIFF,0
tt5764816,the swan,2017,TIFF,0
tt7970452,the tesla world light,2017,TIFF,0
tt6410564,the third murder,2017,TIFF,0
tt7218818,the treehouse,2017,TIFF,0
tt1987680,the upside,2017,TIFF,0
tt7293166,the watchmen,2017,TIFF,0
tt3750872,the wife,2017,TIFF,1
tt6304046,thelma,2017,TIFF,0
tt7696328,there is a house here,2017,TIFF,0
tt1825974,swooni,2011,TIFF,0
tt9233208,threads,2017,TIFF,0
tt5027774,"three billboards outside ebbing, missouri",2017,TIFF,1
tt5706370,three christs,2017,TIFF,0
tt5485522,three peaks,2017,TIFF,0
tt7293162,ticino,2017,TIFF,0
tt7297964,tigre,2017,TIFF,0
tt6824012,together alone,2017,TIFF,0
tt4121610,"tulipani, love, honour and a bicycle",2017,TIFF,0
tt5259978,under pressure,2017,TIFF,0
tt2023717,tabula rasa,2011,TIFF,0
tt6223806,under the tree,2017,TIFF,0
tt2338454,unicorn store,2017,TIFF,0
tt6796742,valley of shadows,2017,TIFF,0
tt7026370,vampire clay,2017,TIFF,0
tt5862312,veronica,2017,TIFF,0
tt5816682,victoria & abdul,2017,TIFF,1
tt7297966,village rockstars,2017,TIFF,0
tt5355020,waiting for hassana,2017,TIFF,0
tt6695212,wajib,2017,TIFF,0
tt2044012,tahrir 2011,2011,TIFF,0
tt7093470,waru,2017,TIFF,0
tt7293168,"wasteland no.1 - ardent, verdant",2017,TIFF,0
tt6293388,we forgot to break up,2017,TIFF,0
tt5938550,we love moses,2017,TIFF,0
tt7213936,what will people say,2017,TIFF,0
tt6680312,who we are now,2017,TIFF,0
tt6335544,wicked girl,2017,TIFF,0
tt5323760,winter brothers,2017,TIFF,0
tt1999833,ars colonia,2011,TIFF,0
tt1675192,take shelter,2011,TIFF,0
tt5436228,woman walks ahead,2017,TIFF,0
tt7293170,yeti,2017,TIFF,0
tt5194504,you disappear,2017,TIFF,0
tt6654316,youth,2017,TIFF,0
tt3409848,zama,2017,TIFF,0
tt1592281,take this waltz,2011,TIFF,0
tt2044013,tanathur,2011,TIFF,0
tt2008006,tao jie,2011,TIFF,0
tt1715873,ten year,2011,TIFF,0
tt1641410,terraferma,2011,TIFF,0
tt1687901,the awakening,2011,TIFF,0
tt2044019,the boy who was a king,2011,TIFF,0
tt1774415,the cardboard village,2011,TIFF,0
tt1680679,atmen,2011,TIFF,0
tt1756799,the day,2011,TIFF,0
tt1033575,the descendants,2011,TIFF,1
tt2049553,the devil's due,2011,TIFF,0
tt2044030,the education of auma obama,2011,TIFF,0
tt1931563,the encounter,2011,TIFF,0
tt1600207,the eye of the storm,2011,TIFF,0
tt1537314,the flying machine,2011,TIFF,0
tt1703148,the hunter,2011,TIFF,0
tt1124035,the ides of march,2011,TIFF,1
tt1772947,the invader,2011,TIFF,0
tt1990352,the island president,2011,TIFF,0
tt1802197,the lady,2011,TIFF,0
tt2015508,the last dogs of winter,2011,TIFF,0
tt2044040,the last gladiators,2011,TIFF,0
tt1695405,the loneliest planet,2011,TIFF,0
tt2006276,the love we make,2011,TIFF,0
tt1407065,the moth diaries,2011,TIFF,0
tt1783392,the odds,2011,TIFF,0
tt1313139,the oranges,2011,TIFF,0
tt1767272,388 arletta avenue,2011,TIFF,0
tt2043781,ayadin khachina,2011,TIFF,0
tt1455825,the other side of sleep,2011,TIFF,0
tt1931579,the paris quintet in practice makes perfect,2011,TIFF,0
tt2044046,the patron saints,2011,TIFF,0
tt1946463,the pedestrian jar,2011,TIFF,0
tt1899353,the raid,2011,TIFF,0
tt1948190,the red virgin,2011,TIFF,0
tt1956669,the river used to be a man,2011,TIFF,0
tt1864549,the tall man,2011,TIFF,0
tt1941459,azhagarsamyin kutharai,2011,TIFF,0
tt2278930,the yodeling farmer,2011,TIFF,0
tt1198199,think of me,2011,TIFF,0
tt1886730,throat song,2011,TIFF,0
tt2044064,tierra de los padres,2011,TIFF,0
tt1674784,trespass,2011,TIFF,0
tt1836987,trishna,2011,TIFF,0
tt1852155,trotteur,2011,TIFF,0
tt2033952,barrymore,2011,TIFF,0
tt1756851,twixt,2011,TIFF,0
tt1204340,tyrannosaur,2011,TIFF,0
tt1632728,ufo in her eyes,2011,TIFF,0
tt1618447,un amour de jeunesse,2011,TIFF,0
tt1740053,un été brûlant,2011,TIFF,0
tt1987018,un heureux évenement,2011,TIFF,0
tt1860355,undefeated,2011,TIFF,1
tt1922775,une nuit avec toi,2011,TIFF,0
tt2027265,une vie meilleure,2011,TIFF,0
tt1783798,union square,2011,TIFF,0
tt2011352,up in cottage country,2011,TIFF,0
tt1701976,urbanized,2011,TIFF,0
tt1741283,vaquero,2011,TIFF,0
tt1929443,vent solaire,2011,TIFF,0
tt1634136,violet & daisy,2011,TIFF,0
tt1536048,w.e.,2011,TIFF,1
tt1711530,waning,2011,TIFF,0
tt1756864,we ate the children last,2011,TIFF,0
tt1908462,behold the lamb,2011,TIFF,0
tt2137820,whiteonwhite:algorithmicnoir,2011,TIFF,0
tt1327628,whore's glory,2011,TIFF,0
tt1551641,winnie,2011,TIFF,0
tt2044077,wo kou de zong ji,2011,TIFF,0
tt1181614,wuthering heights,2011,TIFF,0
tt2053482,ya zabydy etot den,2011,TIFF,0
tt1742336,your sister's sister,2011,TIFF,0
tt1853739,you're next,2011,TIFF,0
tt2221004,100 musicians,2012,TIFF,0
tt2700046,21 chitrakoot,2012,TIFF,0
tt1830503,billy bishop goes to war,2011,TIFF,0
tt2333598,7 cajas,2012,TIFF,0
tt2318158,9.79*,2012,TIFF,0
tt2180277,90 minutter,2012,TIFF,0
tt1226240,a late quartet,2012,TIFF,0
tt1979172,a liar's autobiography - the untrue story of monty python's graham chapman,2012,TIFF,0
tt1843840,a última vez que vi macau,2012,TIFF,0
tt2379362,aaru mbédd,2012,TIFF,0
tt4532130,aci ni micta cikateriten,2012,TIFF,0
tt1780762,aftershock,2012,TIFF,0
tt2107648,ahí va el diablo,2012,TIFF,0
tt2515126,american masters: inventing david geffen,2012,TIFF,0
tt2164496,american sisyphus,2012,TIFF,0
tt1781769,anna karenina,2012,TIFF,1
tt2046076,black mirror at the national gallery,2011,TIFF,0
tt1846472,après mai,2012,TIFF,0
tt1024648,argo,2012,TIFF,1
tt1930546,arthur newman,2012,TIFF,0
tt2201986,asian gangs,2012,TIFF,0
tt1937449,at any price,2012,TIFF,0
tt2085002,ata sova do,2012,TIFF,0
tt2186564,august and after,2012,TIFF,0
tt2098628,augustine,2012,TIFF,0
tt1787663,boker tov adon fidelman,2011,TIFF,0
tt1724962,autoreiji biyondo,2012,TIFF,0
tt2261247,"autrement, la molussie",2012,TIFF,0
tt2204694,avec jeff à moto,2012,TIFF,0
tt2220642,bad 25,2012,TIFF,0
tt2401595,bardo light,2012,TIFF,0
tt2184227,bella addormentata,2012,TIFF,0
tt2292676,beom-joe so-nyeon,2012,TIFF,0
tt1833844,berberian sound studio,2012,TIFF,0
tt2190203,big in vietnam,2012,TIFF,0
tt2040291,black tv,2012,TIFF,0
tt2077721,blackbird,2012,TIFF,0
tt1854513,blancanieves,2012,TIFF,0
tt2046077,bouquets 11-20,2011,TIFF,0
tt2287661,blondie,2012,TIFF,0
tt2195886,broken heart syndrome,2012,TIFF,0
tt2124757,burning star,2012,TIFF,0
tt1531901,byzantium,2012,TIFF,0
tt1977739,call girl,2012,TIFF,0
tt2194870,camion,2012,TIFF,0
tt2149190,camp 14 - total control zone,2012,TIFF,0
tt2322112,canoejacked,2012,TIFF,0
tt1736552,breakaway,2011,TIFF,0
tt1293751,casting by,2012,TIFF,0
tt2259360,caught in the web,2012,TIFF,0
tt1371111,cloud atlas,2012,TIFF,0
tt2379718,comme si nous attrapions un cobra,2012,TIFF,0
tt2379424,comrade kim goes flying,2012,TIFF,0
tt6406198,concrete parlay,2012,TIFF,0
tt2369628,crackin' down hard,2012,TIFF,0
tt1748224,brooklyn brothers beat the best,2011,TIFF,0
tt2342088,crimes of mike recket,2012,TIFF,0
tt1964624,dans la maison,2012,TIFF,0
tt3440526,de la mutabilité de toute chose et de la possibilité d'en changer certaines,2012,TIFF,0
tt2323264,de ontmaagding van eva van end,2012,TIFF,0
tt2091880,dead europe,2012,TIFF,0
tt2250360,dear scavengers,2012,TIFF,0
tt1854236,den skaldede frisør,2012,TIFF,0
tt1718765,detroit unleaded,2012,TIFF,0
tt2379436,dias de pesca,2012,TIFF,0
tt2208272,die feinen unterschiede,2012,TIFF,0
tt1433811,disconnect,2012,TIFF,0
tt1764275,djúpid,2012,TIFF,0
tt2193782,do not disturb,2012,TIFF,0
tt1343727,dredd,2012,TIFF,0
tt2041321,bunohan,2011,TIFF,0
tt1891788,e' stato il figlio,2012,TIFF,0
tt2379450,eagles,2012,TIFF,0
tt2103264,emperor,2012,TIFF,0
tt1855199,end of watch,2012,TIFF,0
tt2181931,english vinglish,2012,TIFF,0
tt1663661,"era uma vez eu, verônica",2012,TIFF,0
tt1816518,ernest & celestine,2012,TIFF,1
tt1570559,burning man,2011,TIFF,0
tt1037223,everyday,2012,TIFF,0
tt2155304,faillir,2012,TIFF,0
tt2111310,far from afghanistan,2012,TIFF,0
tt1974254,far out isn't far enough: the tomi ungerer story,2012,TIFF,0
tt1850419,fasle kargadan,2012,TIFF,0
tt2379356,fen shi ren,2012,TIFF,0
tt2152392,fidaï,2012,TIFF,0
tt2379490,"fight like children, die like soldiers",2012,TIFF,0
tt2046090,fin,2012,TIFF,0
tt2954776,first comes love,2012,TIFF,0
tt1772270,foxfire: confessions of a girl gang,2012,TIFF,0
tt2350432,free angela & all political prisoners,2012,TIFF,0
tt2166800,frost,2012,TIFF,0
tt2139903,fugainai boku wa sora wo mita,2012,TIFF,0
tt2300438,"gaosu tamen, wo cheng baihe qu le",2012,TIFF,0
tt1550312,café de flore,2011,TIFF,0
tt2006802,gebo et l'ombre,2012,TIFF,0
tt2115295,ginger and rosa,2012,TIFF,0
tt2191332,gozetleme kulesi,2012,TIFF,0
tt1836808,great expectations,2012,TIFF,0
tt1823125,greetings from tim buckley,2012,TIFF,0
tt2170280,h'mong sisters,2012,TIFF,0
tt1674773,hannah arendt,2012,TIFF,0
tt1865393,hellbenders,2012,TIFF,0
tt2121286,home again,2012,TIFF,0
tt2043805,caprichosos de san telmo,2011,TIFF,0
tt0837562,hotel transylvania,2012,TIFF,0
tt2189360,how to be deadly,2012,TIFF,0
tt1276962,how to make money selling drugs,2012,TIFF,0
tt1477855,hyde park on hudson,2012,TIFF,0
tt2125526,i am micro,2012,TIFF,0
tt2133239,i declare war,2012,TIFF,0
tt2180016,iceberg slim: portrait of a pimp,2012,TIFF,0
tt1906396,igor vemasa ha'argurim,2012,TIFF,0
tt1239429,carré blanc,2011,TIFF,0
tt1846492,imagine,2012,TIFF,0
tt1844203,inescapable,2012,TIFF,0
tt1726888,infancia clandestina,2012,TIFF,0
tt2379480,ini avan,2012,TIFF,0
tt1757769,insensibles,2012,TIFF,0
tt2308773,ishaqzaade,2012,TIFF,0
tt2108546,jackie,2012,TIFF,0
tt1306980,50/50,2011,TIFF,0
tt1922569,chatrak,2011,TIFF,0
tt2379438,janeane from des moines,2012,TIFF,0
tt2250304,joda,2012,TIFF,0
tt2379374,joe ouakam,2012,TIFF,0
tt1783732,john dies at the end,2012,TIFF,0
tt1927067,jump,2012,TIFF,0
tt2093153,kad svane dan,2012,TIFF,0
tt2078599,kagidorobou no method,2012,TIFF,0
tt2036347,chevelle,2011,TIFF,0
tt2216240,kapringen,2012,TIFF,0
tt2283017,kibou no kuni,2012,TIFF,0
tt2379332,kinshasa kids,2012,TIFF,0
tt1900908,klip,2012,TIFF,0
tt1613750,kon-tiki,2012,TIFF,1
tt2193676,krivina,2012,TIFF,0
tt2379542,kurmavatara,2012,TIFF,0
tt2221824,l'aubade,2012,TIFF,0
tt1980935,cigán,2011,TIFF,0
tt2047699,combustion,2011,TIFF,0
tt1655413,lemale et ha'chalal,2012,TIFF,0
tt1605782,comic-con: episode iv - a fan's hope,2011,TIFF,0
tt0061913,lón sa spéir,2012,TIFF,0
tt2319002,making chinatown,2012,TIFF,0
tt2047703,coorow-latham road,2011,TIFF,0
tt2155343,mariner 9,2012,TIFF,0
tt0054073,mekong hotel,2012,TIFF,0
tt1814665,countdown,2011,TIFF,0
tt2043814,crazy horse,2011,TIFF,0
tt1961250,cuchera,2011,TIFF,0
tt1924273,quandro i corpi si toccano,2012,TIFF,0
tt2042437,99 clerkenwell road,2011,TIFF,0
tt1720905,cut,2011,TIFF,0
tt1667307,damsels in distress,2011,TIFF,0
tt1931533,seven psychopaths,2012,TIFF,0
tt1966396,dark girls,2011,TIFF,0
tt1690455,dark horse,2011,TIFF,0
tt0041931,student,2012,TIFF,0
tt1638353,tai chi 0,2012,TIFF,0
tt1384927,death of a superhero,2011,TIFF,0
tt1700844,deep blue sea,2011,TIFF,0
tt2049428,deragliamenti,2011,TIFF,0
tt1714617,deste lado da ressurreição,2011,TIFF,0
tt1667190,die farbe des ozeans,2011,TIFF,0
tt1571222,a dangerous method,2011,TIFF,0
tt1706596,dirch,2011,TIFF,0
tt2043832,doppelgänger paul,2011,TIFF,0
tt1872124,wo hai you hua yao shuo,2012,TIFF,0
tt2379344,zabana!,2012,TIFF,0
tt1954395,doubles with slight pepper,2011,TIFF,0
tt1718776,dreileben,2011,TIFF,0
tt1371585,duo min jin,2011,TIFF,0
tt1709654,edwin boyd: citizen gangster,2011,TIFF,0
tt2050505,edwin parker,2011,TIFF,0
tt2051812,a film portrait on reconstructing 12 possibilities that preceded the disappearance of zoe dean drum,2011,TIFF,0
tt2024396,el año del tigre,2011,TIFF,0
tt1954414,el circuito de roman,2011,TIFF,0
tt1865357,el estudiante,2011,TIFF,0
tt1841584,el gato desparece,2011,TIFF,0
tt1695831,eldfjall,2011,TIFF,0
tt2038261,empire,2011,TIFF,0
tt1680133,extraterrestre,2011,TIFF,0
tt0961097,a monster in paris,2011,TIFF,0
tt1437357,faust,2011,TIFF,0
tt2008513,first position,2011,TIFF,0
tt1720616,friends with kids,2011,TIFF,0
tt2007385,from the sky down,2011,TIFF,0
tt2033997,gelecek uzun surer,2011,TIFF,0
tt0459748,"generation ""?""",2011,TIFF,0
tt1982113,gerhard richter painting,2011,TIFF,0
tt5437928,Colette,2018,TIFF,0
tt5929754,Wildlife,2018,TIFF,0
tt6662736,What They Had,2018,TIFF,0
tt6952960,The Kindergarten Teacher,2018,TIFF,0
tt6205872,Assassination Nation,2018,TIFF,0
tt7689906,Monsters and Men,2018,TIFF,0
tt6704880,Girls of the Sun,2018,TIFF,0
tt4964788,Everybody Knows,2018,TIFF,0
tt6543652,Cold War,2018,TIFF,1
tt8269552,3 Faces,2018,TIFF,0
tt8075192,Shoplifters,2018,TIFF,1
tt6768578,Dogman,2018,TIFF,0
tt6864046,Shadow,2018,TIFF,0
tt6679794,Outlaw King,2018,TIFF,0
tt6483364,Teen Spirit,2018,TIFF,0
tt5795282,This Changes Everything,2018,TIFF,0
tt7280898,22-Jul,2018,TIFF,0
tt5989218,Life Itself,2018,TIFF,0
tt1517451,A Star Is Born,2018,TIFF,1
tt6388074,Viper Club,2018,TIFF,0
tt1213641,First Man,2018,TIFF,1
tt5117428,Wild Rose,2018,TIFF,0
tt4042818,The Death & Life of John F. Donovan,2018,TIFF,0
tt4951982,The Command,2018,TIFF,0
tt7137380,Destroyer,2018,TIFF,0
tt5859882,Vita & Virginia,2018,TIFF,0
tt8726098,Too Late to Die Young,2018,TIFF,0
tt6155172,Roma,2018,TIFF,1
tt5960374,Vox Lux,2018,TIFF,0
tt7282468,Burning,2018,TIFF,0
tt7945440,The Lie,2018,TIFF,0
tt6966692,Green Book,2018,TIFF,1
tt4537896,White Boy Rick,2018,TIFF,0
tt5613484,Mid90s,2018,TIFF,0
tt8247470,Rosie,2018,TIFF,0
tt7008872,Boy Erased,2018,TIFF,0
tt4614612,Peterloo,2018,TIFF,0
tt5460522,JT LeRoy,2018,TIFF,0
tt6297258,Maya,2018,TIFF,0
tt6485928,The Land of Steady Habits,2018,TIFF,0
tt8781414,Freaks,2018,TIFF,0
tt4971344,The Sisters Brothers,2018,TIFF,0
tt8632862,Fahrenheit 11/9,2018,TIFF,0
tt5057140,Hold the Dark,2018,TIFF,0
tt3829266,The Predator,2018,TIFF,0
tt4218572,Widows,2018,TIFF,0
tt7112154,Asako I & II,2018,TIFF,0
tt5501104,Border,2018,TIFF,1
tt2837574,The Old Man & the Gun,2018,TIFF,0
tt1226837,Beautiful Boy,2018,TIFF,0
tt6874254,Out of Blue,2018,TIFF,0
tt7074886,The Front Runner,2018,TIFF,0
tt5855772,Sunset,2018,TIFF,0
tt8267604,Capernaum,2018,TIFF,1
tt7464188,In Fabric,2018,TIFF,0
tt4595882,Can You Ever Forgive Me?,2018,TIFF,1
tt7125860,If Beale Street Could Talk,2018,TIFF,1
tt2368254,A Private War,2018,TIFF,0
tt1502407,Halloween,2018,TIFF,0
tt5580266,The Hate U Give,2018,TIFF,0
tt8286894,Rafiki,2018,TIFF,0
tt8449092,The Fireflies Are Gone,2018,TIFF,0
tt6386748,Birds of Passage,2018,TIFF,0
tt7298400,Ash Is Purest White,2018,TIFF,0
tt7318102,Angelo,2018,TIFF,0
tt7545524,Ben Is Back,2018,TIFF,0
tt7775622,Free Solo,2018,TIFF,1
tt2639336,Greta,2018,TIFF,0
tt7241926,Tell It to the Bees,2018,TIFF,0
tt8228538,Papi Chulo,2018,TIFF,0
tt6043142,Skin,2018,TIFF,0
tt5592796,Driven,2018,TIFF,0
tt7069496,Firecrackers,2018,TIFF,0
tt1235187,Where Hands Touch,2018,TIFF,0
tt6902696,Gloria Bell,2018,TIFF,0
tt5461944,Hotel Mumbai,2018,TIFF,0
tt5311542,Never Look Away,2018,TIFF,1
tt5149490,Gwen,2018,TIFF,0
tt4465572,American Woman,2018,TIFF,0
tt1127881,Farming,2018,TIFF,0
tt7942742,Her Smell,2018,TIFF,0
tt4827558,High Life,2018,TIFF,0
tt6866224,The Hummingbird Project,2018,TIFF,0
tt8811382,Meeting Gorbachev,2018,TIFF,0
tt7615302,Red Joan,2018,TIFF,0
tt7692966,The Third Wife,2018,TIFF,0
tt7645780,The Wedding Guest,2018,TIFF,0
tt8426594,The Wind,2018,TIFF,0
tt8819192,Women Make Film: A New Road Movie Through Cinema,2018,TIFF,0
tt6365796,The Grizzlies,2018,TIFF,0
tt3208026,Black '47,2018,TIFF,0
tt3294746,The Public,2018,TIFF,0
tt8689644,Hearts and Bones,2019,TIFF,0
tt5905336,Stories from the Chestnut Woods,2019,TIFF,0
tt10883740,Africa,2019,TIFF,0
tt10260042,Antigone,2019,TIFF,0
tt9143636,Guest of Honour,2019,TIFF,0
tt10334456,Once Were Brothers,2019,TIFF,0
tt9386648,View title page for Tammy's Always Dying,2019,TIFF,0
tt8461156,View title page for The Last Porno Show,2019,TIFF,0
tt8892632,View title page for Black Conflux,2019,TIFF,0
tt3689484,View title page for Castle in the Ground,2019,TIFF,0
tt5919756,View title page for Disappearance at Clifton Hill,2019,TIFF,0
tt10655608,View title page for David Foster: Off the Record,2019,TIFF,0
tt9057620,View title page for Easy Land,2019,TIFF,0
tt4292432,View title page for Kuessipan,2019,TIFF,0
tt9169036,View title page for White Lie,2019,TIFF,0
tt8230872,View title page for The Body Remembers When the World Broke Open,2019,TIFF,0
tt1657517,View title page for The Song of Names,2019,TIFF,0
tt10874006,"View title page for Anne at 13,000 Ft.",2019,TIFF,0
tt10864040,View title page for There's Something in the Water,2019,TIFF,0
tt10441486,View title page for And the Birds Rained Down,2019,TIFF,0
tt10793310,View title page for Coppers,2019,TIFF,0
tt7969836,View title page for The Twentieth Century,2019,TIFF,0
tt10475900,View title page for Murmur,2019,TIFF,0
tt8359842,View title page for It Must Be Heaven,2019,TIFF,0
tt9109492,View title page for American Woman,2019,TIFF,0
tt10758534,View title page for One Day in the Life of Noah Piugattuk,2019,TIFF,0
tt6489562,View title page for Sweetness in the Belly,2019,TIFF,0
tt8584722,View title page for The Rest of Us,2019,TIFF,0
tt10728282,View title page for This Is Not a Movie,2019,TIFF,0
tt10716712,View title page for Raf,2019,TIFF,0
tt10079636,View title page for This Ink Runs Deep,2019,TIFF,0
tt10963308,View title page for Rebel,2019,TIFF,0
tt7725384,View title page for 1982,2019,TIFF,0
tt4516162,View title page for Martin Eden,2019,TIFF,0
tt10298454,View title page for The Moneychanger,2019,TIFF,0
tt6290584,View title page for My Zoe,2019,TIFF,0
tt7374926,View title page for Proxima,2019,TIFF,0
tt9067182,View title page for Rocks,2019,TIFF,0
tt5363618,View title page for Sound of Metal,2019,TIFF,1
tt9822706,View title page for Wet Season,2019,TIFF,0
tt9451096,View title page for Workforce,2019,TIFF,0
tt10899680,View title page for The Sleepwalkers,2019,TIFF,0
tt10519554,View title page for Delphine,2019,TIFF,0
tt10471716,View title page for I Am in the World as Free and Slender as a Deer on a Plain,2019,TIFF,0
tt8755868,View title page for Please Speak Continuously and Describe Your Experiences as They Come to You,2019,TIFF,0
tt10217024,View title page for Oracle,2019,TIFF,0
tt10418008,View title page for It's Nothing,2019,TIFF,0
tt9675138,View title page for Measure,2019,TIFF,0
tt10519238,View title page for Volcano,2019,TIFF,0
tt10777188,View title page for Now Is the Time,2019,TIFF,0
tt10368274,View title page for I'll End Up in Jail,2019,TIFF,0
tt10329270,View title page for The Depths,2019,TIFF,0
tt10893130,View title page for Hot Flash,2019,TIFF,0
tt11454944,View title page for The Physics of Sorrow,2019,TIFF,0
tt10882960,View title page for 2008,2019,TIFF,0
tt10413396,View title page for No Crying at the Dinner Table,2019,TIFF,0
tt10586744,View title page for Life Support,2019,TIFF,0
tt10367274,View title page for Jarvik,2019,TIFF,0
tt10623508,View title page for All Cats Are Grey in the Dark,2019,TIFF,0
tt9842732,View title page for Anna,2019,TIFF,0
tt10219160,View title page for She Runs,2019,TIFF,0
tt10651850,View title page for Nimic,2019,TIFF,0
tt10839386,View title page for Daddio,2019,TIFF,0
tt10219324,View title page for All Inclusive,2019,TIFF,0
tt10765482,View title page for Ani,2019,TIFF,0
tt10431376,View title page for Darling,2019,TIFF,0
tt10151858,View title page for Lucia in Limbo,2019,TIFF,0
tt10687124,View title page for Hello Ahma,2019,TIFF,0
tt10864666,View title page for Route-3,2019,TIFF,0
tt10055160,View title page for Thirsty,2019,TIFF,0
tt10341088,View title page for Are You Hungry?,2019,TIFF,0
tt10224888,View title page for And Then the Bear,2019,TIFF,0
tt9135282,View title page for Reminiscences of the Green Revolution,2019,TIFF,0
tt10325740,View title page for Toomas Beneath the Valley of the Wild Wolves,2019,TIFF,0
tt11341446,View title page for Something to Remember,2019,TIFF,0
tt10304042,View title page for Exam,2019,TIFF,0
tt9482860,View title page for The Raft,2019,TIFF,0
tt10923028,View title page for Barakat,2019,TIFF,0
tt10923060,View title page for Bare Trees in the Mist,2019,TIFF,0
tt10576452,View title page for Sadla,2019,TIFF,0
tt10913328,View title page for A Fool God,2019,TIFF,0
tt10307058,View title page for Why Slugs Have No Legs,2019,TIFF,0
tt10224960,View title page for The Nap,2019,TIFF,0
tt10923134,View title page for Daughter,2019,TIFF,1
tt8081060,View title page for Paperboy,2019,TIFF,0
tt10603466,View title page for A Febre,2019,TIFF,0
tt6463320,View title page for Zana,2019,TIFF,0
tt4193072,View title page for How to Build a Girl,2019,TIFF,0
tt7178226,View title page for The Cave,2019,TIFF,1
tt10773380,View title page for I Am Not Alone,2019,TIFF,0
tt10883124,View title page for Dads,2019,TIFF,0
tt8228288,View title page for The Platform,2019,TIFF,0
tt6803046,View title page for The Vast of Night,2019,TIFF,0
tt7394674,View title page for Blood Quantum,2019,TIFF,0
tt2584384,View title page for Jojo Rabbit,2019,TIFF,1
tt7653254,View title page for Marriage Story,2019,TIFF,1
tt6751668,View title page for Parasite,2019,TIFF,1
tt9581076,"View title page for So Long, My Son",2019,TIFF,0
tt8147262,View title page for Made in Bangladesh,2019,TIFF,0
tt9076466,View title page for Flowers of the Field,2019,TIFF,0
tt5073642,Color Out of Space,2019,TIFF,0
tt9770150,Nomadland,2020,TIFF,1
tt10612922,One Night in Miami...,2020,TIFF,1
tt11735544,Beans,2020,TIFF,0
tt12800946,180 Degree Rule,2020,TIFF,0
tt8891904,Inconvenient Indian,2020,TIFF,0
tt11161474,Pieces of a Woman,2020,TIFF,1
tt11317142,Shiva Baby,2020,TIFF,0
tt11187454,Trickster,2020,TIFF,0
tt8132778,Night of the Kings,2020,TIFF,0
tt9143112,Falling,2020,TIFF,0
tt12786834,No Ordinary Man,2020,TIFF,0
tt12801798,Fauna,2020,TIFF,0
tt12575636,The New Corporation: The Unfortunately Necessary Sequel,2020,TIFF,0
tt12801814,Violation,2020,TIFF,0
tt12779696,Akilla's Escape,2020,TIFF,0
tt11692148,Gaza mon amour,2020,TIFF,0
tt8310474,Bruised,2020,TIFF,0
tt10795574,A Suitable Boy,2020,TIFF,0
tt12575606,"Benjamin, Benny, Ben",2020,TIFF,0
tt12816868,Point and Line to Plane,2020,TIFF,0
tt12330544,Succor,2020,TIFF,0
tt12974790,4 North A,2020,TIFF,0
tt12974802,As Spring Comes (Comme la neige au printemps),2020,TIFF,0
tt12971692,The Archivists,2020,TIFF,0
tt12971578,Aniksha,2020,TIFF,0
tt9561918,Sing Me a Lullaby,2020,TIFF,0
tt12974900,RKLSS,2020,TIFF,0
tt12974812,Black Bodies,2020,TIFF,0
tt12660466,Scars,2020,TIFF,0
tt12974252,Found Me,2020,TIFF,0
tt12974856,Dustin,2020,TIFF,0
tt12744422,History of Civilization,2020,TIFF,0
tt8448860,Stephanie,2020,TIFF,0
tt12723524,In Sudden Darkness,2020,TIFF,0
tt11638406,Mountain Cat,2020,TIFF,0
tt12974890,Pilar,2020,TIFF,0
tt12974868,Das Spiel,2020,TIFF,0
tt12974886,"Navozande, the Musician",2020,TIFF,0
tt12974908,S√´r Bi (Les tissus blancs),2020,TIFF,0
tt12974818,David,2020,TIFF,0
tt12626334,Marlon Brando,2020,TIFF,0
tt9146020,Tie,2020,TIFF,0
tt12974878,Loose Fish,2020,TIFF,0
tt12853610,Our Hearts Beat Like War,2020,TIFF,0
tt12974894,The Price of Cheap Rent,2020,TIFF,0
tt12974850,Drought,2020,TIFF,0
tt11698640,O Black Hole!,2020,TIFF,0
tt8890058,Angelfish,2020,TIFF,0
tt12444572,Beginning,2020,TIFF,0
tt9691136,Shadow in the Cloud,2020,TIFF,0
tt10676042,Downstream to Kinshasa,2020,TIFF,0
tt11423784,The Disciple,2020,TIFF,0
tt12789558,Belfast,2021,TIFF,1
tt10293406,The Power of the Dog,2021,TIFF,1
tt9098872,The Rescue,2021,TIFF,0
tt7178990,Comala,2021,TIFF,0
tt10944760,Titane,2021,TIFF,0
tt9860858,"Costa Brava, Lebanon",2021,TIFF,0
tt13834788,Yuni,2021,TIFF,0
tt10951972,Arthur Rambo,2021,TIFF,0
tt11051898,Drunken Birds,2021,TIFF,0
tt10062338,Earwig,2021,TIFF,0
tt11897340,Huda's Salon,2021,TIFF,0
tt13622884,Good Madam,2021,TIFF,0
tt13656980,Montana Story,2021,TIFF,0
tt15211080,Silent Land,2021,TIFF,0
tt14528962,Trumpets in the Sky,2021,TIFF,0
tt15392132,Nuisance Bear,2021,TIFF,0
tt13833710,The Shaman's Apprentice,2021,TIFF,0
tt15220980,Together,2021,TIFF,0
tt15397748,Boobs,2021,TIFF,0
tt15244314,Dust Bath,2021,TIFF,0
tt15398466,Meneath: The Hidden Island of Ethics,2021,TIFF,0
tt15345668,Bhai,2021,TIFF,0
tt15340244,Defund,2021,TIFF,0
tt15207664,Ousmane,2021,TIFF,0
tt15398686,Zero,2021,TIFF,0
tt14081930,Fanmi,2021,TIFF,0
tt15246156,Little Bird,2021,TIFF,0
tt15011242,The Syed Family Xmas Eve Game Night,2021,TIFF,0
tt15398680,Saturday Night,2021,TIFF,0
tt14865594,Twelve Hours,2021,TIFF,0
tt14717664,Displaced,2021,TIFF,0
tt14135824,Motorcyclist's Happiness Won't Fit Into His Suit,2021,TIFF,0
tt14899008,Soft Animals,2021,TIFF,0
tt14812800,Sycorax,2021,TIFF,0
tt14836958,I Gotta Look Good for the Apocalypse,2021,TIFF,0
tt14894894,Hanging On,2021,TIFF,0
tt14972316,"Love, Dad",2021,TIFF,0
tt15398792,The Future Isn't What It Used To Be,2021,TIFF,0
tt13071528,A Few Miles South,2021,TIFF,0
tt15398110,Masquerade,2021,TIFF,0
tt15398290,I Would Never,2021,TIFF,0
tt15215502,Charlotte,2021,TIFF,0
tt15398848,White Devil,2021,TIFF,0
tt15398742,Some Still Search,2021,TIFF,0
tt11090806,You and Me Before and After,2021,TIFF,0
tt15073242,Beity,2021,TIFF,0
tt13986830,Successful Thawing of Mr. Moro,2021,TIFF,0
tt15239576,Shark,2021,TIFF,0
tt15397592,Astel,2021,TIFF,0
tt11426664,Anatolian Leopard,2021,TIFF,0
tt9568230,Night Raiders,2021,TIFF,0
tt9310606,The Odd-Job Men,2021,TIFF,0
tt9056484,The Other Tom,2021,TIFF,0
tt6170406,Dionne Warwick: Don't Make Me Over,2021,TIFF,0
tt12890988,Scarborough,2021,TIFF,0
tt4440842,The Gravedigger's Wife,2021,TIFF,0
tt14091768,Ste. Anne,2021,TIFF,0
tt14812784,A Night of Knowing Nothing,2021,TIFF,0
tt14225832,Reflection,2021,TIFF,0
tt12490110,Domingo,2021,TIFF,0
tt8147656,Cool Abdoul,2021,TIFF,0
tt13045832,The Eagle's Nest,2021,TIFF,0
tt14208870,The Fabelmans,2022,TIFF,1
tt13669038,Women Talking,2022,TIFF,1
tt11564570,Glass Onion,2022,TIFF,1
tt15144270,Black Ice,2022,TIFF,0
tt21998498,Maya and the Wave,2022,TIFF,0
tt19816018,752 Is Not a Number,2022,TIFF,0
tt21820452,The Grab,2022,TIFF,0
tt17076046,Weird: The Al Yankovic Story,2022,TIFF,0
tt18925334,Pearl,2022,TIFF,0
tt11703244,The Blackening,2022,TIFF,0
tt21651560,V/H/S/99,2022,TIFF,0
tt16226770,Same Old,2022,TIFF,0
tt21047794,Sweet As,2022,TIFF,0
tt13456340,Riceboy Sleeps,2022,TIFF,0
tt12374656,Emily,2022,TIFF,0
tt18990128,The Gravity,2022,TIFF,0
tt10928202,Hawa,2022,TIFF,0
tt21440780,How to Blow Up a Pipeline,2022,TIFF,0
tt13920920,Subtraction,2022,TIFF,0
tt12390508,Thunder,2022,TIFF,0
tt21440560,Viking,2022,TIFF,0
tt21637282,Charcoal,2022,TIFF,0
tt21638044,Tora's Husband,2022,TIFF,0
tt21862252,She Always Wins,2022,TIFF,0
tt21797282,AirHostess-737,2022,TIFF,0
tt21247140,Simo,2022,TIFF,0
tt20240228,The Flying Sailor,2022,TIFF,1
tt17275592,Lay Me by the Shore,2022,TIFF,0
tt21631716,Canary,2022,TIFF,0
tt21424578,√Ä la vie √† l'amor,2022,TIFF,0
tt18231784,No Ghost in the Morgue,2022,TIFF,0
tt16117166,Scaring Women at Night,2022,TIFF,0
tt13142278,Pleasure Garden,2022,TIFF,0
tt21853554,Municipal Relaxation Module,2022,TIFF,0
tt21920446,Snow in September,2022,TIFF,0
tt20112734,Backflip,2022,TIFF,0
tt11542496,O Homem do Lixo,2022,TIFF,0
tt19781688,Ice Merchants,2022,TIFF,1
tt11854700,I'm on Fire,2022,TIFF,0
tt14998762,Gary Screams for You,2022,TIFF,0
tt20215392,Le pupille,2022,TIFF,1
tt19844654,Hai Bian Sheng Qi Yi Zuo Xuan Ya,2022,TIFF,0
tt19396182,The Pass,2022,TIFF,0
tt19781766,Las criaturas que se derriten bajo el sol,2022,TIFF,0
tt21350418,Liturgy of Anti-Tank Obstacles,2022,TIFF,0
tt20223392,Beben,2022,TIFF,0
tt21924626,Todo Incluido,2022,TIFF,0
tt22005940,Rest Stop,2022,TIFF,0
tt21879724,Baba,2022,TIFF,0
tt22005990,Anastasia,2022,TIFF,0
tt22006118,Against Reality,2022,TIFF,0
tt22005922,Nanitic,2022,TIFF,0
tt11575358,A Gaza Weekend,2022,TIFF,0
tt6875952,Carmen,2022,TIFF,0
tt20516932,The Umbrella Men,2022,TIFF,0
tt21413834,Something You Said Last Night,2022,TIFF,0
tt16377714,Leonor Will Never Die,2022,TIFF,0
tt21818816,While We Watched,2022,TIFF,0
tt21688772,To Kill a Tiger,2022,TIFF,1
tt17520962,Without Her,2022,TIFF,0
tt13139228,My Policeman,2022,TIFF,0
tt23561236,American Fiction,2023,TIFF,1
tt14849194,The Holdovers,2023,TIFF,1
tt6587046,The Boy and the Heron,2023,TIFF,1
tt12277540,Mr. Dressup: The Magic of Make-Believe,2023,TIFF,0
tt21806358,Summer Qamp,2023,TIFF,0
tt28448182,Mountain Queen: The Summits of Lhakpa Sherpa,2023,TIFF,0
tt27531514,In the Rearview,2023,TIFF,0
tt28581313,God Is a Woman,2023,TIFF,0
tt7130916,Dicks: The Musical,2023,TIFF,0
tt28259207,Kill,2023,TIFF,0
tt21267296,Hell of a Summer,2023,TIFF,0
tt11678912,Working Class Goes to Hell,2023,TIFF,0
tt28554013,Naga,2023,TIFF,0
tt28534120,Achilles,2023,TIFF,0
tt15495540,Without Air,2023,TIFF,0
tt27715185,Solo,2023,TIFF,0
tt26248528,A Match,2023,TIFF,0
tt26542557,Dear Jassi,2023,TIFF,0
tt21942866,Dream Scenario,2023,TIFF,0
tt28568332,Great Absence,2023,TIFF,0
tt18233134,I Told You So,2023,TIFF,0
tt6632018,The King Tide,2023,TIFF,0
tt28542205,Not a Word,2023,TIFF,0
tt13866710,Sisterhood,2023,TIFF,0
tt21909836,Shame on Dry Land,2023,TIFF,0
tt26006816,Spirit of Ecstasy,2023,TIFF,0
tt21920634,The Rye Horn,2023,TIFF,0
tt28624863,Motherland,2023,TIFF,0
tt28320453,Meteor,2023,TIFF,0
tt27051815,Gaby les collines,2023,TIFF,0
tt26818913,Les Patins,2023,TIFF,0
tt27159536,Bloom,2023,TIFF,0
tt28667868,Redlights,2023,TIFF,0
tt28207603,Aftercare,2023,TIFF,0
tt28285666,Faire un enfant,2023,TIFF,0
tt28670290,Mothers and Monsters,2023,TIFF,0
tt28670305,Express,2023,TIFF,0
tt28670320,Lake Baikal,2023,TIFF,0
tt28670486,Aphasie,2023,TIFF,0
tt28298460,I Used to Live There,2023,TIFF,0
tt27304412,This Is Not About Swimming,2023,TIFF,0
tt28670609,"Xie Xie, Ollie",2023,TIFF,0
tt28670680,6 Minutes Per Kilometer,2023,TIFF,0
tt28670721,Modern Goose,2023,TIFF,0
tt28669515,All the Days of May,2023,TIFF,0
tt27683631,Electra,2023,TIFF,0
tt13021784,27,2023,TIFF,0
tt27770907,La Perra,2023,TIFF,0
tt27658383,Intrusion,2023,TIFF,0
tt24656910,Sh√© (Snake),2023,TIFF,0
tt28365411,Been There,2023,TIFF,0
tt28669414,"Titanic, noskhe monaseb baraye khanevadehaye irani",2023,TIFF,0
tt28670640,The Heart,2023,TIFF,0
tt28669319,This is TMI,2023,TIFF,0
tt28101297,Nun or Never!,2023,TIFF,0
tt28293679,The Passing,2023,TIFF,0
tt28667608,1001 noc,2023,TIFF,0
tt28670268,Alberto and the Beast,2023,TIFF,0
tt27803294,"Mboa Matanda, le tournoi des rois",2023,TIFF,0
tt27689988,Nada de todo esto,2023,TIFF,0
tt28667599,Primetime Mother,2023,TIFF,0
tt28294769,Dammi,2023,TIFF,0
tt28669570,Bird,2023,TIFF,0
tt28670255,Human Resources,2023,TIFF,0
tt23742932,Woaca,2023,TIFF,0
tt28500137,P√°ssaro Mem√≥ria,2023,TIFF,0
tt28670453,Sawo Matang,2023,TIFF,0
tt28326526,"O g√ºn bu g√ºnd√ºr, u√ßuyorum",2023,TIFF,0
tt28670766,Sheephead,2023,TIFF,0
tt23642420,Seagrass,2023,TIFF,0
tt18688552,Kanaval,2023,TIFF,0
tt28639049,We Grown Now,2023,TIFF,0
tt28679280,What We See,2023,TIFF,0
tt26594993,Amelia's Children,2023,TIFF,0
tt12908150,The Life of Chuck,2024,TIFF,0
tt20221436,Emilia P√©rez,2024,TIFF,1
tt28607951,Anora,2024,TIFF,1
tt22023622,To a Land Unknown,2024,TIFF,0
tt18691614,Anywhere Anytime,2024,TIFF,0
tt31350080,April,2024,TIFF,0
tt32890130,Under the Volcano,2024,TIFF,0
tt19783734,U Are the Universe,2024,TIFF,0
tt33312360,The Tragically Hip: No Dress Rehearsal,2024,TIFF,0
tt30321133,Will & Harper,2024,TIFF,0
tt33084872,Your Tomorrow,2024,TIFF,0
tt17044840,Tata,2024,TIFF,0
tt17526714,The Substance,2024,TIFF,1
tt17079606,Dead Talents Society,2024,TIFF,0
tt30505698,Friendship,2024,TIFF,0
tt33035860,Les courageux,2024,TIFF,0
tt33035283,Ink Wash,2024,TIFF,0
tt32424927,Village Keeper,2024,TIFF,0
tt29634258,Shepherds,2024,TIFF,0
tt33292146,Katabasis,2024,TIFF,0
tt14093994,The Last of the Sea Women,2024,TIFF,0
tt22208340,In the Fire of War,2024,TIFF,0
tt32238611,Bound in Heaven,2024,TIFF,0
tt31464877,Saba,2024,TIFF,0
tt33317291,Quota,2024,TIFF,0
tt33087322,Are You Scared to Be Yourself Because You Think That You Might Fail?,2024,TIFF,0
tt33099535,Before They Joined Us,2024,TIFF,0
tt33086973,Fantas,2024,TIFF,0
tt29520774,The Best,2024,TIFF,0
tt32601294,Maybe Elephants,2024,TIFF,0
tt32205767,Perfectly a Strangeness,2024,TIFF,1
tt33015167,Who Loves the Sun,2024,TIFF,0
tt32444952,One Day This Kid,2024,TIFF,0
tt12429712,On a Sunday at Eleven,2024,TIFF,0
tt33317303,The Wolf,2024,TIFF,0
tt32144500,Alazar,2024,TIFF,0
tt33317127,Inkwo for When the Starving Return,2024,TIFF,0
tt33317081,Welima'q,2024,TIFF,0
tt30495767,Julian and the Wind,2024,TIFF,0
tt32480506,Mercenaire,2024,TIFF,0
tt33096238,Solemates,2024,TIFF,0
tt33317061,D√§ck 5B,2024,TIFF,0
tt30751010,Silent Panorama,2024,TIFF,0
tt32205774,Amarela,2024,TIFF,0
tt29869027,A√Øda Non Plus,2024,TIFF,0
tt33091593,The Beguiling,2024,TIFF,0
tt32810843,The Cost of Hugging,2024,TIFF,0
tt32365707,O,2024,TIFF,0
tt32342056,Percebes,2024,TIFF,0
tt32144480,Sauna Day,2024,TIFF,0
tt33131401,Never Have I Ever,2024,TIFF,0
tt32205738,Rrug√´s,2024,TIFF,0
tt32923607,"Wrecked a Bunch of Cars, Had a Good Time",2024,TIFF,0
tt32875105,The Yellow,2024,TIFF,0
tt32897626,1 hijo & 1 padre,2024,TIFF,0
tt32560209,La Voix des Sir√®nes,2024,TIFF,0
tt28632018,Stomach Bug,2024,TIFF,0
tt20519854,The Man Who Could Not Remain Silent,2024,TIFF,1
tt33202250,Vox Humana,2024,TIFF,0
tt33202234,Loser Baby,2024,TIFF,0
tt32989921,Marion,2024,TIFF,0
tt30207757,Potenciais √† Deriva,2024,TIFF,0
tt14778372,Mother Mother,2024,TIFF,0
tt27434692,Brothers of Babylon,2024,TIFF,0
tt31691389,Universal Language,2024,TIFF,0
tt27142003,Polvo ser√°n,2024,TIFF,0
tt29271889,Daughter's Daughter,2024,TIFF,0
tt26676914,Daniela Forever,2024,TIFF,0
tt7972570,Mr. K,2024,TIFF,0
tt27170114,Paying for It,2024,TIFF,0
tt27717667,Pedro P√°ramo,2024,TIFF,0
tt21905244,Triumph,2024,TIFF,0
tt30519830,Winter in Sokcho,2024,TIFF,0
tt33034110,Viktor,2024,TIFF,0
tt30768181,The Wolves Always Come at Night,2024,TIFF,0
tt7264528,You Are Not Alone,2024,TIFF,0
tt14905854,Hamnet,2025,TIFF,1
tt1312221,Frankenstein,2025,TIFF,1
tt14364480,Wake Up Dead Man,2025,TIFF,0
tt33350479,The Road Between Us: The Ultimate Rescue,2025,TIFF,0
tt35003538,EPiC: Elvis Presley in Concert,2025,TIFF,0
tt31726535,"You Had to Be There: How the Toronto Godspell Ignited the Comedy Revolution, Spread Love & Overalls, and Created a Community That Changed the World (in a Canadian Kind of Way)",2025,TIFF,0
tt35522483,Nirvanna the Band the Show the Movie,2025,TIFF,0
tt37287335,Obsession,2025,TIFF,0
tt33311069,The Furious,2025,TIFF,0
tt13597298,Julian,2025,TIFF,0
tt37674996,As We Breathe,2025,TIFF,0
tt35375401,Oce nas,2025,TIFF,0
tt35449355,Wrong Husband,2025,TIFF,0
tt23787976,In a Tamasic World,2025,TIFF,0
tt36390021,In Search of the Sky,2025,TIFF,0
tt36724191,Agapito,2025,TIFF,0
tt37844412,A Soft Touch,2025,TIFF,0
tt36592131,Une Fugue,2025,TIFF,0
tt36956820,The Girl Who Cried Pearls,2025,TIFF,1
tt37844385,More Than Happy,2025,TIFF,0
tt37507660,Once in a Body,2025,TIFF,0
tt37673263,Praying Mantis,2025,TIFF,0
tt37844425,UM,2025,TIFF,0
tt36724193,Fille de l'eau,2025,TIFF,0
tt37505195,Ce Qu'on Laisse Derri√®re,2025,TIFF,0
tt32516461,Ambush,2025,TIFF,0
tt37835851,Bots,2025,TIFF,0
tt37843939,Demons,2025,TIFF,0
tt33307473,Dish Pit,2025,TIFF,0
tt37842648,Healer,2025,TIFF,0
tt37843479,I Fear Blue Skies,2025,TIFF,0
tt37842711,Jazz Infernal,2025,TIFF,0
tt34615501,Karupy,2025,TIFF,0
tt37835848,Marriaginalia,2025,TIFF,0
tt37844416,Klee,2025,TIFF,0
tt37599545,Niimi,2025,TIFF,0
tt37844437,Poster Boy,2025,TIFF,0
tt32740047,Pink Light,2025,TIFF,0
tt37843082,Ram√≥n Who Speaks to Ghosts,2025,TIFF,0
tt36022809,Sea Star,2025,TIFF,0
tt37834734,Year of the Dragon,2025,TIFF,0
tt36671959,Talk Me,2025,TIFF,0
tt37798645,All the Empty Rooms,2025,TIFF,1
tt36724188,Ali,2025,TIFF,0
tt36693324,Arguments in Favor of Love,2025,TIFF,0
tt37843932,Asparagus Bear,2025,TIFF,0
tt36582083,Death of the Fish,2025,TIFF,0
tt37513534,The Contestant,2025,TIFF,0
tt32986823,DISC,2025,TIFF,0
tt31834881,Dust to Dreams,2025,TIFF,0
tt37842647,Divers,2025,TIFF,0
tt37844247,Fiction Contract,2025,TIFF,0
tt35598137,Earworm,2025,TIFF,0
tt36724190,I'm Glad You're Dead Now,2025,TIFF,0
tt34798924,The Non-Actor,2025,TIFF,0
tt37843166,Permanent Guest,2025,TIFF,0
tt37843742,"Not Scared, Just Sad",2025,TIFF,0
tt37844421,Quietness,2025,TIFF,0
tt36590525,Ripe,2025,TIFF,0
tt37502882,Une Fen√™tre Plein Sud,2025,TIFF,0
tt37842632,A Small Fiction of My Mother in Beijing,2025,TIFF,0
tt34365258,Thanks to Meet You!,2025,TIFF,0
tt37844422,The Veil,2025,TIFF,0
tt32126595,Forastera,2025,TIFF,0
tt37816113,There Are No Words,2025,TIFF,0
tt1527793,No Other Choice,2025,TIFF,0
tt27714581,Sentimental Value,2025,TIFF,1
tt26733325,Homebound,2025,TIFF,0
tt32252801,Blue Heron,2025,TIFF,0
tt37661902,To the Victory!,2025,TIFF,0
tt37661864,Between Dreams and Hope,2025,TIFF,0
tt36543744,Bouchra,2025,TIFF,0
tt29283995,Hen,2025,TIFF,0
tt35519445,Nino,2025,TIFF,0
tt32352280,At the Place of Ghosts,2025,TIFF,0
tt32985279,Steve,2025,TIFF,0
tt35746682,The Currents,2025,TIFF,0
tt37661885,The World of Love,2025,TIFF,0
tt30235784,Winter of the Crow,2025,TIFF,0
tt37343128,100 Sunset,2025,TIFF,0
tt7555774,At War,2018,CANNES,0
tt5749596,The Image Book,2018,CANNES,0
tt7534054,Sorry Angel,2018,CANNES,0
tt7349662,BlacKkKlansman,2018,CANNES,1
tt5691670,Under the Silver Lake,2018,CANNES,0
tt6752992,Happy as Lazzaro,2018,CANNES,0
tt7342838,Leto,2018,CANNES,0
tt6846432,Yomeddine,2018,CANNES,0
tt6426028,Knife + Heart,2018,CANNES,0
tt8305116,Ayka,2018,CANNES,0
tt6628102,The Wild Pear Tree,2018,CANNES,0
tt8296620,On the Border,2018,CANNES,0
tt8254556,Girl,2018,CANNES,0
tt4920450,Chris the Swiss,2018,CANNES,0
tt6820256,Arctic,2018,CANNES,0
tt7485508,Carmen & Lola,2018,CANNES,0
tt7888070,Treat Me Like Fire,2018,CANNES,0
tt8274146,One Day,2018,CANNES,0
tt7163824,The Load,2018,CANNES,0
tt8296592,Sofia,2018,CANNES,0
tt6992946,My Favorite Fabric,2018,CANNES,0
tt8307082,Sauvage/Wild,2018,CANNES,0
tt8144850,The Harvesters,2018,CANNES,0
tt7502234,Little Tickles,2018,CANNES,0
tt8459250,Sh√©h√©razade,2018,CANNES,0
tt8517672,El verano del l√©on el√©ctrico,2018,CANNES,0
tt7816592,Palm Trees and Power Lines,2018,CANNES,0
tt8293908,I Am My Own Mother,2018,CANNES,0
tt7945638,Like A Good Kid,2018,CANNES,0
tt8273350,End of Season,2018,CANNES,0
tt8358616,Inanimate,2018,CANNES,0
tt7724020,Los tiempos de H√©ctor,2018,CANNES,0
tt7233846,Dots,2018,CANNES,0
tt6917314,Io sono Tempesta,2018,CANNES,0
tt8376498,Cos√¨ in terra,2018,CANNES,0
tt8547964,Cinco minutos afuera,2018,CANNES,0
tt8517728,Calendar,2018,CANNES,0
tt8185182,Long Day's Journey Into Night,2018,CANNES,0
tt7779590,Euphoria,2018,CANNES,0
tt8282042,Donbass,2018,CANNES,0
tt7204348,El Angel,2018,CANNES,0
tt7534096,Angel Face,2018,CANNES,0
tt8423962,The Dead and the Others,2018,CANNES,0
tt8269378,The Gentle Indifference of the World,2018,CANNES,0
tt6268812,In My Room,2018,CANNES,0
tt6923462,Manto,2018,CANNES,0
tt8311792,"Murder Me, Monster",2018,CANNES,0
tt7279188,Woman at War,2018,CANNES,0
tt8435416,Un jour de mariage,2018,CANNES,0
tt8362948,Hector Malot: The Last Day of the Year,2018,CANNES,0
tt8287236,Tiikeri,2018,CANNES,0
tt8316166,"Amor, Avenidas Novas",2018,CANNES,0
tt8234958,Sch√§cher,2018,CANNES,0
tt8512468,Ya normalniy,2018,CANNES,0
tt8435402,La persistente,2018,CANNES,0
tt8140128,Mo-Bum-Shi-Min,2018,CANNES,0
tt8419668,Pauline asservie,2018,CANNES,0
tt7133528,Lucia's Grace,2018,CANNES,0
tt8359848,Climax,2018,CANNES,0
tt8005982,Guns Found Here,2018,CANNES,0
tt7718802,Man of the Hour,2018,CANNES,0
tt8296622,All These Creatures,2018,CANNES,0
tt7352856,Caroline,2018,CANNES,0
tt7233782,Tariki,2018,CANNES,0
tt8296612,Judgement,2018,CANNES,0
tt8296610,Gabriel,2018,CANNES,0
tt8296616,Impossible Figures and Other Stories III,2018,CANNES,0
tt8296618,Duality,2018,CANNES,0
tt8260656,Skip Day,2018,CANNES,0
tt8515188,Our Song to War,2018,CANNES,0
tt8253972,Le sujet,2018,CANNES,0
tt7925798,This Magnificent Cake!,2018,CANNES,0
tt8321590,The Orphan,2018,CANNES,0
tt8395524,The Fight,2018,CANNES,0
tt8515140,Basses,2018,CANNES,0
tt8362894,The Night of the Plastic Bags,2018,CANNES,0
tt8496414,The Song,2018,CANNES,0
tt8159562,"Cassandro, The Exotico!",2018,CANNES,0
tt8299896,Love Blooms,2018,CANNES,0
tt5740866,Whitney,2018,CANNES,0
tt6522668,Diamantino,2019,CANNES,0
tt7142506,Sir,2019,CANNES,0
tt8397524,Samouni Road,2019,CANNES,0
tt6915100,Pope Francis: A Man of His Word,2019,CANNES,0
tt8296608,Dead Souls,2019,CANNES,0
tt3146022,Be Natural: The Untold Story of Alice Guy-Blach√©,2019,CANNES,0
tt7689958,Jane Fonda in Five Acts,2019,CANNES,0
tt8371772,The Eyes of Orson Welles,2019,CANNES,0
tt6210160,Searching for Ingmar Bergman,2019,CANNES,0
tt6109168,Bergman: A Year in a Life,2019,CANNES,0
tt8296606,To the Four Winds,2019,CANNES,0
tt7543794,La travers√©e,2019,CANNES,0
tt8296602,The State Against Mandela and the Others,2019,CANNES,0
tt2967856,Another Day of Life,2019,CANNES,0
tt7534068,The Trouble with You,2019,CANNES,0
tt7628080,The Pluto Moment,2019,CANNES,0
tt7051048,Fugue,2019,CANNES,0
tt7385124,Srbenka,2019,CANNES,0
tt7131622,Once Upon a Time... in Hollywood,2019,CANNES,1
tt8253606,"Mektoub, My Love: Intermezzo",2019,CANNES,0
tt7921248,The Whistlers,2019,CANNES,0
tt8291806,Pain and Glory,2019,CANNES,1
tt8695030,The Dead Don't Die,2019,CANNES,0
tt7736478,The Traitor,2019,CANNES,0
tt9647768,The Wild Goose Lake,2019,CANNES,0
tt8359822,Young Ahmed,2019,CANNES,0
tt8359840,Oh Mercy!,2019,CANNES,0
tt8767908,Matthias & Maxime,2019,CANNES,0
tt9204204,Little Joe,2019,CANNES,0
tt8359816,Sorry We Missed You,2019,CANNES,0
tt5827916,A Hidden Life,2019,CANNES,0
tt2762506,Bacurau,2019,CANNES,0
tt8019694,Frankie,2019,CANNES,0
tt8613070,Portrait of a Lady on Fire,2019,CANNES,0
tt9173264,Sibyl,2019,CANNES,0
tt10199586,Atlantics,2019,CANNES,0
tt10224954,Monster God,2019,CANNES,0
tt9206516,Our Mothers,2019,CANNES,0
tt7007696,Share,2019,CANNES,0
tt10008784,Bull,2019,CANNES,0
tt8637440,The Climb,2019,CANNES,0
tt10077998,The Unknown Saint,2019,CANNES,0
tt9615278,Abou Leila,2019,CANNES,0
tt10219146,Dwelling in the Fuchun Mountains,2019,CANNES,0
tt9041212,Heroes Don't Die,2019,CANNES,0
tt10155342,A Brother's Love,2019,CANNES,0
tt3856408,Making Waves: The Art of Cinematic Sound,2019,CANNES,0
tt7587282,Port Authority,2019,CANNES,0
tt10222752,"Sick, Sick, Sick",2019,CANNES,0
tt1824932,Song Without a Name,2019,CANNES,0
tt10228204,The Bare Necessity,2019,CANNES,0
tt10199668,Summer of Changsha,2019,CANNES,0
tt10223546,You Deserve a Lover,2019,CANNES,0
tt9806192,I Lost My Body,2019,CANNES,1
tt10219406,Land of Ashes,2019,CANNES,0
tt9431740,Homeward,2019,CANNES,0
tt10244754,Lillian,2019,CANNES,0
tt8302982,Particles,2019,CANNES,0
tt8336716,Mano a mano,2019,CANNES,0
tt8530868,Hieu,2019,CANNES,0
tt10341630,Ambience,2019,CANNES,0
tt10341888,The Little Soul,2019,CANNES,0
tt10288968,Jeremiah,2019,CANNES,0
tt10290566,Pura Vida,2019,CANNES,0
tt10291640,Adam,2019,CANNES,0
tt8692814,Rift,2019,CANNES,0
tt10307380,Solar Plexus,2019,CANNES,0
tt9016106,Rosso: La vera storia falsa del pescatore Clemente,2019,CANNES,0
tt8340038,As Up to Now,2019,CANNES,0
tt10094226,Favourites,2019,CANNES,0
tt9620820,Roadkill,2019,CANNES,0
tt10125414,Bamboe,2019,CANNES,0
tt10291020,Complex Subject,2019,CANNES,0
tt10341642,One Hundred and Twenty-Eight Thousand,2019,CANNES,0
tt10341968,Alien,2019,CANNES,0
tt6390668,Invisible Life,2019,CANNES,0
tt7534102,The Swallows of Kabul,2019,CANNES,0
tt10115562,On a Magical Night,2019,CANNES,0
tt9522080,Papicha,2019,CANNES,0
tt10199640,Beanpole,2019,CANNES,0
tt8212958,Fire Will Come,2019,CANNES,0
tt10199664,Adam,2019,CANNES,0
tt10199670,Libert√©,2019,CANNES,0
tt9404442,Nina Wu,2019,CANNES,0
tt8669356,Joan of Arc,2019,CANNES,0
tt6284064,The Bears' Famous Invasion of Sicily,2019,CANNES,0
tt10287616,Once in Trubchevsk,2019,CANNES,0
tt9253666,No Ill Will,2019,CANNES,0
tt10219498,Party Day,2019,CANNES,0
tt10280050,The Last Trip to the Seaside,2019,CANNES,0
tt10390454,The Trap,2019,CANNES,0
tt10300628,The Manila Lover,2019,CANNES,0
tt10415710,Journey Through a Body,2019,CANNES,0
tt10368272,Tuesday from 8 to 6,2019,CANNES,0
tt10415722,Kolektyviniai sodai,2019,CANNES,0
tt10225288,To Live to Sing,2019,CANNES,0
tt8903840,Alice and the Mayor,2019,CANNES,0
tt7984734,The Lighthouse,2019,CANNES,1
tt10214916,The Distance Between Us and the Sky,2019,CANNES,0
tt10223044,White Echo,2019,CANNES,0
tt10224698,The Van,2019,CANNES,0
tt9381920,Who Talks,2019,CANNES,0
tt10224774,Le grand saut,2019,CANNES,0
tt10224890,Butterflies,2019,CANNES,0
tt10402938,"Stay Awake, Be Ready",2019,CANNES,0
tt10270138,That Which Is to Come Is Just a Promise,2019,CANNES,0
tt10241482,Ghost Pleasure,2019,CANNES,0
tt10300872,Je te tiens,2019,CANNES,0
tt10415670,Grand Bouquet,2019,CANNES,0
tt10384326,The Marvelous Misadventures of the Stone Lady,2019,CANNES,0
tt10384208,Olla,2019,CANNES,0
tt10396328,Piece of Meat,2019,CANNES,0
tt10415676,Movements,2019,CANNES,0
tt2066051,Rocketman,2019,CANNES,1
tt8963708,And Then We Danced,2019,CANNES,0
tt9056192,Zombi Child,2019,CANNES,0
tt10366272,Indianara,2019,CANNES,0
tt9403508,5B,2019,CANNES,0
tt10272534,Lux √Üterna,2019,CANNES,0
tt10228180,Tlamess,2019,CANNES,0
tt8368406,Vivarium,2019,CANNES,0
tt9617456,For Sama,2019,CANNES,1
tt9567718,The Cordillera of Dreams,2019,CANNES,0
tt5433114,Diego Maradona,2019,CANNES,0
tt10208192,Let It Be Law,2019,CANNES,0
tt9114472,Ice on Fire,2019,CANNES,0
tt10299146,Forman vs. Forman,2019,CANNES,0
tt10299138,La passione di Anna Magnani,2019,CANNES,0
tt10299144,Cinecitt√† - I mestieri del cinema Bernardo Bertolucci: No End Travelling,2019,CANNES,0
tt9801736,"A White, White Day",2019,CANNES,0
tt11320234,Agap√©,2020,CANNES,0
tt11232334,Taipei Suicide Story,2020,CANNES,0
tt12241006,Menarca,2020,CANNES,0
tt12594020,I Am Afraid to Forget Your Face,2020,CANNES,0
tt10834312,Camille Contactless,2020,CANNES,0
tt10346180,Blue Fear,2020,CANNES,0
tt12561066,Motorway 65,2020,CANNES,0
tt12589818,The Lamb of God,2020,CANNES,0
tt12629626,Son of Sodom,2020,CANNES,0
tt10204976,Sudden Light,2020,CANNES,0
tt10692788,After Love,2020,CANNES,0
tt6217926,Annette,2021,CANNES,0
tt8205028,The Story of My Wife,2021,CANNES,0
tt6823148,Benedetta,2021,CANNES,0
tt6910282,Bergman Island,2021,CANNES,0
tt14039582,Drive My Car,2021,CANNES,1
tt2304637,Flag Day,2021,CANNES,0
tt12494638,Ahed's Knee,2021,CANNES,0
tt14773800,Casablanca Beats,2021,CANNES,0
tt10262648,Compartment Number 6,2021,CANNES,0
tt10370710,The Worst Person in the World,2021,CANNES,1
tt13321730,The Divide,2021,CANNES,0
tt11611486,The Restless,2021,CANNES,0
tt12708658,"Paris, 13th District",2021,CANNES,0
tt13846546,Lingui,2021,CANNES,0
tt8399288,Memoria,2021,CANNES,0
tt13694628,Nitram,2021,CANNES,0
tt9714030,France,2021,CANNES,0
tt10380900,Petrov's Flu,2021,CANNES,0
tt13453006,Red Rocket,2021,CANNES,0
tt8847712,The French Dispatch,2021,CANNES,0
tt9110904,Three Floors,2021,CANNES,0
tt12847812,Everything Went Fine,2021,CANNES,0
tt11777738,A Hero,2021,CANNES,0
tt14354724,August Sky,2021,CANNES,0
tt8434110,Murina,2021,CANNES,0
tt11783988,Moneyboys,2021,CANNES,0
tt14775496,Freda,2021,CANNES,0
tt9812474,Lamb,2021,CANNES,0
tt13582752,My Brothers and I,2021,CANNES,0
tt13827606,La civil,2021,CANNES,0
tt14773880,Streetwise,2021,CANNES,0
tt11087960,Playground,2021,CANNES,0
tt14821328,"Mi iubita, mon amour",2021,CANNES,0
tt7661518,The Heroics,2021,CANNES,0
tt8519380,Are You Lonesome Tonight?,2021,CANNES,0
tt12637442,Clara Sola,2021,CANNES,0
tt11338144,A Brighter Tomorrow,2021,CANNES,0
tt14812782,Hit the Road,2021,CANNES,0
tt14068864,Magnetic Beats,2021,CANNES,0
tt11379572,The Hill Where Lionesses Roar,2021,CANNES,0
tt14812788,The Sea Ahead,2021,CANNES,0
tt13142240,Ana√Øs in Love,2021,CANNES,0
tt13667548,Robust,2021,CANNES,0
tt13328732,A Radiant Girl,2021,CANNES,0
tt10965850,"Bruno Reidal, Confessions of a Murderer",2021,CANNES,0
tt10589738,Libertad,2021,CANNES,0
tt13830148,The Tale of King Crab,2021,CANNES,0
tt13145186,Olga,2021,CANNES,0
tt13926310,Small Body,2021,CANNES,0
tt9737568,Amparo,2021,CANNES,0
tt14805128,Feathers,2021,CANNES,0
tt13482806,Zero Fucks Given,2021,CANNES,0
tt11873472,Neptune Frost,2021,CANNES,0
tt15018628,The Salamander Child,2021,CANNES,0
tt15017380,Cicada,2021,CANNES,0
tt14923382,Love Stories on the Move,2021,CANNES,0
tt14963616,Cantareira,2021,CANNES,0
tt13492552,Other Half,2021,CANNES,0
tt14866040,Beasts Among Us,2021,CANNES,0
tt14866014,Billy Boy,2021,CANNES,0
tt14933622,Bill and Joe Go Duck Hunting,2021,CANNES,0
tt14949170,Red Shoes,2021,CANNES,0
tt14949156,The Cat from the Deep Sea,2021,CANNES,0
tt14871520,Saint Android,2021,CANNES,0
tt14972460,King Max,2021,CANNES,0
tt15012818,Night Visit,2021,CANNES,0
tt14953072,Frida,2021,CANNES,0
tt15017360,Free Men,2021,CANNES,0
tt14949978,Fonica M-120,2021,CANNES,0
tt15022992,The Fall of the Swift,2021,CANNES,0
tt14775666,Unclenching the Fists,2021,CANNES,0
tt11121664,Blue Bayou,2021,CANNES,0
tt14323258,Delo,2021,CANNES,0
tt13006574,Good Mother,2021,CANNES,0
tt10366574,Prayers for the Stolen,2021,CANNES,0
tt13649034,Commitment Hasan,2021,CANNES,0
tt8633464,After Yang,2021,CANNES,0
tt14775586,Let It Be Morning,2021,CANNES,0
tt14775748,Rehana,2021,CANNES,0
tt14775784,Great Freedom,2021,CANNES,0
tt4028464,The Innocents,2021,CANNES,0
tt11873754,Women Do Cry,2021,CANNES,0
tt9844938,"Onoda: 10,000 Nights in the Jungle",2021,CANNES,0
tt14266422,Soy libre,2021,CANNES,0
tt14690342,"Brutalia, ergasimes meres",2021,CANNES,0
tt14812814,Lili Alone,2021,CANNES,0
tt14812820,√úber Wasser,2021,CANNES,0
tt14812818,Noir-soleil,2021,CANNES,0
tt14701024,Safe,2021,CANNES,0
tt13582590,Soldat noir,2021,CANNES,0
tt14808928,Intercom 15,2021,CANNES,0
tt14812826,If It Ain't Broke,2021,CANNES,0
tt14754368,An Invitation,2021,CANNES,0
tt14710586,Inherent,2021,CANNES,0
tt14324296,A Chiara,2021,CANNES,0
tt14812810,Train Again,2021,CANNES,0
tt14812822,The Parents' Room,2021,CANNES,0
tt14812812,When Night Meets Dawn,2021,CANNES,0
tt14812792,Anxious Body,2021,CANNES,0
tt14812796,The Sidereal Space,2021,CANNES,0
tt9464038,The Windshield Wiper,2021,CANNES,1
tt14812804,The Vandal,2021,CANNES,0
tt14812798,Simone Is Gone,2021,CANNES,0
tt14994868,All the Crows in the World,2021,CANNES,0
tt14469014,North Pole,2021,CANNES,0
tt13238686,Through the Haze,2021,CANNES,0
tt14879826,Orthodontics,2021,CANNES,0
tt14639404,The Right Words,2021,CANNES,0
tt14875862,Sideral,2021,CANNES,0
tt14905322,In the Soil,2021,CANNES,0
tt14994890,Absence,2021,CANNES,0
tt14812786,Returning to Reims (Fragments),2021,CANNES,0
tt12322986,Softie,2021,CANNES,0
tt15023040,Venus by Water,2021,CANNES,0
tt15023058,Ghost Song,2021,CANNES,0
tt6992978,The Souvenir: Part II,2021,CANNES,0
tt11173544,JFK Revisited: Through the Looking Glass,2021,CANNES,0
tt11548822,Cow,2021,CANNES,0
tt7230750,The Velvet Underground,2021,CANNES,0
tt9850492,Babi Yar. Context,2021,CANNES,0
tt14081460,Futura,2021,CANNES,0
tt14851374,Jane by Charlotte,2021,CANNES,0
tt12544762,Marx Can Wait,2021,CANNES,0
tt14731254,Val,2021,CANNES,0
tt14775800,Black Notebooks: Ronit,2021,CANNES,0
tt14775484,H6,2021,CANNES,0
tt14773990,The Year of the Everlasting Storm,2021,CANNES,0
tt10370886,The Storms of Jeremy Thomas,2021,CANNES,0
tt12998510,Satoshi Kon: The Illusionist,2021,CANNES,0
tt8122738,Flickering Ghosts of Loves Gone By,2021,CANNES,0
tt14809334,Bu√±uel: A Surrealist Filmmaker,2021,CANNES,0
tt11937680,The Velvet Queen,2021,CANNES,0
tt14927320,Invisible demons: tuhon merkit,2021,CANNES,0
tt14921614,I'm So Sorry,2021,CANNES,0
tt10150684,Bigger Than Us,2021,CANNES,0
tt11348980,Animal,2021,CANNES,0
tt14999458,The Story of Film: A New Generation,2021,CANNES,0
tt14821376,New Worlds: The Cradle of Civilization,2021,CANNES,0
tt14983798,Oscar Micheaux: The Superhero of Black Filmmaking,2021,CANNES,0
tt15001002,Above Water,2021,CANNES,0
tt15000932,All About Yves Montand,2021,CANNES,0
tt11559472,Ali & Ava,2021,CANNES,0
tt10732462,Europa,2021,CANNES,0
tt10088984,Between Two Worlds,2021,CANNES,0
tt13736078,Ripples of Life,2021,CANNES,0
tt14812780,The Employer and the Employee,2021,CANNES,0
tt6920356,The Souvenir,2021,CANNES,0
tt14050808,√éntregalde,2021,CANNES,0
tt14064662,The Braves,2021,CANNES,0
tt13846494,Medusa,2021,CANNES,0
tt14812778,The Tsugua Diaries,2021,CANNES,0
tt9348908,Our Men,2021,CANNES,0
tt15194556,Under the pillow,2021,CANNES,0
tt7322224,Triangle of Sadness,2022,CANNES,1
tt18550140,Holy Spider,2022,CANNES,0
tt14976386,Forever Young,2022,CANNES,0
tt14549466,Crimes of the Future,2022,CANNES,0
tt18317064,Tori and Lokita,2022,CANNES,0
tt10354106,Stars at Noon,2022,CANNES,0
tt14622802,Brother and Sister,2022,CANNES,0
tt9660502,Close,2022,CANNES,1
tt10343028,Armageddon Time,2022,CANNES,0
tt13056052,Broker,2022,CANNES,0
tt14034614,Nostalgia,2022,CANNES,0
tt18550182,R.M.N.,2022,CANNES,0
tt12477480,Decision to Leave,2022,CANNES,0
tt13923216,Showing Up,2022,CANNES,0
tt15452062,Cairo Conspiracy,2022,CANNES,0
tt17538510,Tchaikovsky's Wife,2022,CANNES,0
tt19653180,Leila's Brothers,2022,CANNES,0
tt19652910,EO,2022,CANNES,1
tt14641542,The Eight Mountains,2022,CANNES,0
tt17014214,Mother and Son,2022,CANNES,0
tt13702796,Pacifiction,2022,CANNES,0
tt16227002,War Pony,2022,CANNES,0
tt19719904,Plan 75,2022,CANNES,0
tt19719862,The Worst Ones,2022,CANNES,0
tt14867294,Butterfly Vision,2022,CANNES,0
tt19719976,Joyland,2022,CANNES,0
tt19770238,Aftersun,2022,CANNES,1
tt14981626,Alma Viva,2022,CANNES,0
tt19768016,Love According to Dalva,2022,CANNES,0
tt19768056,The Pack,2022,CANNES,0
tt13925988,The Woodcutter Story,2022,CANNES,0
tt19768694,Nos c√©r√©monies,2022,CANNES,0
tt19768760,Imagine,2022,CANNES,0
tt12121582,When You Finish Saving the World,2022,CANNES,0
tt14913250,Everybody Loves Jeanne,2022,CANNES,0
tt8174412,Funny Pages,2022,CANNES,0
tt16764906,The Vagabonds,2022,CANNES,0
tt19758012,Chile '76,2022,CANNES,0
tt14300504,The Water,2022,CANNES,0
tt11448830,Falcon Lake,2022,CANNES,0
tt9455468,Pamfir,2022,CANNES,0
tt18397006,Al-Sadd,2022,CANNES,0
tt19711858,A Male,2022,CANNES,0
tt18285792,Marcel!,2022,CANNES,0
tt10290244,Little Nicholas - Happy as Can Be,2022,CANNES,0
tt19719940,Rodeo,2022,CANNES,0
tt6931658,Hunt,2022,CANNES,0
tt19815650,Il barbiere complottista,2022,CANNES,0
tt19844794,Di Er,2022,CANNES,0
tt19844752,Les humains sont cons quand ils s'empilent,2022,CANNES,0
tt16262788,Glorious Revolution,2022,CANNES,0
tt19811286,Chlieb n√°s kazdodenn√Ω,2022,CANNES,0
tt16350184,MumLife,2022,CANNES,0
tt19844738,Tout ceci vous reviendra,2022,CANNES,0
tt19844764,Sheherut,2022,CANNES,0
tt19844770,Nauha,2022,CANNES,0
tt19844786,We Are Not There Tomorrow,2022,CANNES,0
tt19844808,Feng Zheng,2022,CANNES,0
tt19844842,Mistida,2022,CANNES,0
tt15434988,100% Fl√•et K√¶rlighed,2022,CANNES,0
tt19814970,Hajsz√°lreped√©s,2022,CANNES,0
tt19512794,Spring Roll Dream,2022,CANNES,0
tt11052678,The Silent Twins,2022,CANNES,0
tt12253164,Metronom,2022,CANNES,0
tt18816518,Sick of Myself,2022,CANNES,0
tt19623228,Godland,2022,CANNES,0
tt11992694,Corsage,2022,CANNES,0
tt11897478,The Stranger,2022,CANNES,0
tt14859416,Burning Days,2022,CANNES,0
tt19719836,Return to Seoul,2022,CANNES,0
tt14275050,More Than Ever,2022,CANNES,0
tt19785426,Mediterranean Fever,2022,CANNES,0
tt17679584,The Blue Caftan,2022,CANNES,0
tt9317274,Harka,2022,CANNES,0
tt19719864,Domingo y la niebla,2022,CANNES,0
tt14860210,Father & Soldier,2022,CANNES,0
tt16909478,The Mountain,2022,CANNES,0
tt19781742,Ston throno tou Xerxi,2022,CANNES,0
tt13482828,One Fine Morning,2022,CANNES,0
tt20223306,Staging Death,2022,CANNES,0
tt19889104,"Maria Schneider, 1983",2022,CANNES,0
tt19845700,"Happy New Year, Jim",2022,CANNES,0
tt15713008,Jitterbug,2022,CANNES,0
tt19932882,Aribada,2022,CANNES,0
tt19931202,As Time Passes,2022,CANNES,0
tt20223436,Des jeunes filles enterrent leur vie,2022,CANNES,0
tt20223332,The Spiral,2022,CANNES,0
tt10311018,Brother's Keeper,2022,CANNES,0
tt19844612,Tsutsue,2022,CANNES,0
tt19844632,A Short Story,2022,CANNES,0
tt19844646,Lori,2022,CANNES,0
tt18937168,Uogos,2022,CANNES,0
tt19844694,Le feu au lac,2022,CANNES,0
tt19844708,Persona,2022,CANNES,0
tt19844712,Luz Nocturna,2022,CANNES,0
tt13649314,Irma Vep,2022,CANNES,0
tt14831708,Diary of a Fleeting Affair,2022,CANNES,0
tt16310962,Dodo,2022,CANNES,0
tt9883832,Moonage Daydream,2022,CANNES,0
tt19841846,Riposte f√©ministe,2022,CANNES,0
tt13391708,The Five Devils,2022,CANNES,0
tt8923444,Continental Drift (South),2022,CANNES,0
tt11460816,Will-o'-the-Wisp,2022,CANNES,0
tt19781792,Dang wo wang xiang ni de shi hou,2022,CANNES,0
tt19768940,Swan in the Center,2022,CANNES,0
tt19768100,Hideous,2022,CANNES,0
tt16377862,All That Breathes,2022,CANNES,1
tt11764342,Jerry Lee Lewis: Trouble in Mind,2022,CANNES,0
tt19725896,The Natural History of Destruction,2022,CANNES,0
tt19797494,My Imaginary Country,2022,CANNES,0
tt19758084,The Super 8 Years,2022,CANNES,0
tt19783948,The Fabric of the Human Body,2022,CANNES,0
tt19885538,"G√©rard Philipe, le dernier hiver du Cid",2022,CANNES,0
tt19885590,Hommage d'une fille √† son p√®re,2022,CANNES,0
tt19885474,"Jane Campion, la femme cin√©ma",2022,CANNES,0
tt19885624,Official Film of the Olympic Games Tokyo 2020 Side A,2022,CANNES,0
tt14018794,L'ombre de Goya par Jean-Claude Carri√®re,2022,CANNES,0
tt19885580,"Patrick Dewaere, mon h√©ros",2022,CANNES,0
tt20212630,Salam,2022,CANNES,0
tt19885446,"Romy, femme libre",2022,CANNES,0
tt20221546,Mariupolis 2,2022,CANNES,0
tt20249458,Christophe d√©finitivement,2022,CANNES,0
tt20222582,For the Sake of Peace,2022,CANNES,0
tt20223278,The Potemkinists,2022,CANNES,0
tt15732372,The Green Perfume,2022,CANNES,0
tt19783912,Ashkal: The Tunisian Investigation,2022,CANNES,0
tt10375396,God's Creatures,2022,CANNES,0
tt19785552,Les Harkis,2022,CANNES,0
tt13841850,Men,2022,CANNES,0
tt14212090,Scarlet,2022,CANNES,0
tt15329224,Revoir Paris,2022,CANNES,0
tt11698800,Enys Men,2022,CANNES,0
tt15307126,Under the Fig Trees,2022,CANNES,0
tt19770402,Cuerdas,2022,CANNES,0
tt19769362,Nisam je stigao voljeti,2022,CANNES,0
tt19769204,It's Nice in Here,2022,CANNES,0
tt19769012,Raie Manta,2022,CANNES,0
tt19781694,Canker,2022,CANNES,0
tt10855054,Glimpse,2022,CANNES,0
tt15739722,"Madame Pirate, Becoming a Legend",2022,CANNES,0
tt17009710,Anatomy of a Fall,2023,CANNES,1
tt18235146,Club Zero,2023,CANNES,0
tt7160372,The Zone of Interest,2023,CANNES,1
tt21027780,Fallen Leaves,2023,CANNES,0
tt27502426,Four Daughters,2023,CANNES,1
tt14230388,Asteroid City,2023,CANNES,0
tt23736044,Monster,2023,CANNES,0
tt16731908,A Brighter Tomorrow,2023,CANNES,0
tt14550346,Last Summer,2023,CANNES,0
tt13231544,About Dry Grasses,2023,CANNES,0
tt14561712,La Chimera,2023,CANNES,0
tt19760052,The Taste of Things,2023,CANNES,0
tt14137416,Kidnapped: The Abduction of Edgardo Mortara,2023,CANNES,0
tt13651794,May December,2023,CANNES,1
tt8469104,Youth (Spring),2023,CANNES,0
tt19883634,The Old Oak,2023,CANNES,0
tt26256406,Banel & Adama,2023,CANNES,0
tt27503384,Perfect Days,2023,CANNES,1
tt15000156,Firebrand,2023,CANNES,0
tt22463404,Homecoming,2023,CANNES,0
tt9663896,Asphalt City,2023,CANNES,0
tt10399622,Inside the Yellow Cocoon Shell,2023,CANNES,0
tt22890246,How to Have Sex,2023,CANNES,0
tt14330672,Goodbye Julia,2023,CANNES,0
tt10370812,The Settlers,2023,CANNES,0
tt21086802,Omen,2023,CANNES,0
tt21605226,If Only I Could Hibernate,2023,CANNES,0
tt27502351,Hopeless,2023,CANNES,0
tt14748950,All to Play For,2023,CANNES,0
tt25750836,Hounds,2023,CANNES,0
tt7575046,Riddle of Fire,2023,CANNES,0
tt27470830,In Flames,2023,CANNES,0
tt27540911,A Song Sung Blue,2023,CANNES,0
tt27722061,The Feeling That the Time for Doing Something Has Passed,2023,CANNES,0
tt27732307,Grace,2023,CANNES,0
tt27502506,The King of Algiers,2023,CANNES,0
tt25406412,Inshallah a Boy,2023,CANNES,0
tt21992864,It's Raining in the House,2023,CANNES,0
tt23790924,Vincent Must Die,2023,CANNES,0
tt27531109,The Rapture,2023,CANNES,0
tt8209702,Sleep,2023,CANNES,0
tt10037498,Power Alley,2023,CANNES,0
tt27604407,Norwegian Offspring,2023,CANNES,0
tt27710613,Hole,2023,CANNES,0
tt27683614,Ayyur,2023,CANNES,0
tt27604269,Killing Boris Johnson,2023,CANNES,0
tt27664265,Uhrmenschen,2023,CANNES,0
tt27448903,A Bright Sunny Day,2023,CANNES,0
tt27624809,The Call of the Brook,2023,CANNES,0
tt27485183,Imogene,2023,CANNES,0
tt27683671,Trenc d'alba,2023,CANNES,0
tt27683871,Nehemich,2023,CANNES,0
tt27684790,The Lee Families,2023,CANNES,0
tt27698010,La voix des autres,2023,CANNES,0
tt27698046,Solos,2023,CANNES,0
tt27607430,Osm√Ω den,2023,CANNES,0
tt27710632,Daroone poust,2023,CANNES,0
tt16606592,The Animal Kingdom,2023,CANNES,0
tt18558306,The Delinquents,2023,CANNES,0
tt15307068,The Mother of All Lies,2023,CANNES,0
tt22487338,The Nature of Love,2023,CANNES,0
tt27502245,The Buriti Flower,2023,CANNES,0
tt17052842,The Breaking Ice,2023,CANNES,0
tt26342863,Rosalie,2023,CANNES,0
tt18180926,The New Boy,2023,CANNES,0
tt27502360,Terrestrial Verses,2023,CANNES,0
tt27590147,Only the River Flows,2023,CANNES,0
tt24797140,Salem,2023,CANNES,0
tt27706804,A Prince,2023,CANNES,0
tt27728178,The Red Sea Makes Me Wanna Cry,2023,CANNES,0
tt27756953,"La maison br√ªle, autant se r√©chauffer",2023,CANNES,0
tt27664169,Il compleanno di Enrico,2023,CANNES,0
tt27547624,Talking to the River,2023,CANNES,0
tt27897697,Oyu,2023,CANNES,0
tt27770035,Mast-del,2023,CANNES,0
tt27795342,Margarethe 89,2023,CANNES,0
tt27543446,Lemon Tree,2023,CANNES,0
tt27540821,I Saw the Face of the Devil,2023,CANNES,0
tt27803887,Dans la t√™te un orage,2023,CANNES,0
tt27546190,The Sweet East,2023,CANNES,0
tt27819782,Mambar Pierrette,2023,CANNES,0
tt27752060,L√©gua,2023,CANNES,0
tt16160622,The Goldman Case,2023,CANNES,0
tt15732890,The Book of Solutions,2023,CANNES,0
tt26744610,L'autre Laurens,2023,CANNES,0
tt27541074,In Our Day,2023,CANNES,0
tt27789218,Deserts,2023,CANNES,0
tt21869176,Creatura,2023,CANNES,0
tt16090596,She Is Conann,2023,CANNES,0
tt27737950,Blackbird Blackbird Blackberry,2023,CANNES,0
tt11112532,Agra,2023,CANNES,0
tt27549515,Bol√©ro,2023,CANNES,0
tt27549360,I Promise You Paradise,2023,CANNES,0
tt27611321,As It Was,2023,CANNES,0
tt27612246,Basri & Salma in a Never-Ending Comedy,2023,CANNES,0
tt25436674,Tits,2023,CANNES,0
tt20356046,Aunque es de noche,2023,CANNES,0
tt27648555,Poof,2023,CANNES,0
tt27658326,Wild Summon,2023,CANNES,0
tt27683608,Le sexe de ma m√®re,2023,CANNES,0
tt14954666,The Idol,2023,CANNES,0
tt16969006,Along Came Love,2023,CANNES,0
tt27502365,Kubi,2023,CANNES,0
tt13055264,Strange Way of Life,2023,CANNES,0
tt27767715,Stranger,2023,CANNES,0
tt9573150,Occupied City,2023,CANNES,0
tt27502250,Anselm,2023,CANNES,0
tt27502265,Man in Black,2023,CANNES,0
tt26714897,Little Girl Blue,2023,CANNES,0
tt27599265,Bread & Roses,2023,CANNES,0
tt27502227,Pictures of Ghosts,2023,CANNES,0
tt27729122,Room 999,2023,CANNES,0
tt27766499,Catching Fire: The Story of Anita Pallenberg,2023,CANNES,0
tt27766523,Viva Varda!,2023,CANNES,0
tt27766587,Nelson Pereira dos Santos - Vida de Cinema,2023,CANNES,0
tt27766616,"La saga Rassam-Berri, le cin√©ma dans les veines",2023,CANNES,0
tt27766646,Godard par Godard,2023,CANNES,0
tt27688036,Liv Ullmann: A Road Less Travelled,2023,CANNES,0
tt10803634,Tiger Stripes,2023,CANNES,0
tt6430442,Lost Country,2023,CANNES,0
tt27549278,Krokodyl,2023,CANNES,0
tt27549437,Via Dolorosa,2023,CANNES,0
tt15908902,The Real Truth about the Fight,2023,CANNES,0
tt27385597,La saison pourpre,2023,CANNES,0
tt27531839,Corpos Cintilantes,2023,CANNES,0
tt18160708,Contadores,2023,CANNES,0
tt27550420,Walking with Her Into the Night,2023,CANNES,0
tt27559217,Arkh√©,2023,CANNES,0
tt26699529,Marguerite's Theorem,2023,CANNES,0
tt10128846,Megalopolis,2024,CANNES,0
tt8368368,The Apprentice,2024,CANNES,1
tt28608358,Motel Destino,2024,CANNES,0
tt28277817,Bird,2024,CANNES,0
tt20212786,The Shrouds,2024,CANNES,0
tt27180099,Grand Tour,2024,CANNES,0
tt32086069,Marcello Mio,2024,CANNES,0
tt27958252,Caught by the Tides,2024,CANNES,0
tt32086077,All We Imagine as Light,2024,CANNES,0
tt22408160,Kinds of Kindness,2024,CANNES,0
tt27490099,Beating Hearts,2024,CANNES,0
tt28319139,Wild Diamond,2024,CANNES,0
tt29994753,"Oh, Canada",2024,CANNES,0
tt2963262,Limonov: The Ballad of Eddie,2024,CANNES,0
tt23853982,Parthenope,2024,CANNES,0
tt10236164,The Girl with the Needle,2024,CANNES,1
tt10462154,The Most Precious of Cargoes,2024,CANNES,0
tt32178949,The Seed of the Sacred Fig,2024,CANNES,1
tt32186523,Three Kilometres to the End of the World,2024,CANNES,0
tt32205780,Mau por um momento,2024,CANNES,0
tt26745321,Armand,2024,CANNES,0
tt32086032,The Kingdom,2024,CANNES,0
tt27198573,Dog on Trial,2024,CANNES,0
tt32046117,The Village Next to Paradise,2024,CANNES,0
tt29315015,September Says,2024,CANNES,0
tt32119317,Block Pass,2024,CANNES,0
tt32119297,Blue Sun Palace,2024,CANNES,0
tt27804164,Julie Keeps Quiet,2024,CANNES,0
tt32058418,Locust,2024,CANNES,0
tt32119337,Simon of the Mountain,2024,CANNES,0
tt30135174,Ghost Trail,2024,CANNES,0
tt28349668,Queens of Drama,2024,CANNES,0
tt28633405,Gazer,2024,CANNES,0
tt30319516,Good One,2024,CANNES,0
tt11101808,Mongrel,2024,CANNES,0
tt28332337,Eephus,2024,CANNES,0
tt32086034,Holy Cow,2024,CANNES,0
tt9376490,Norah,2024,CANNES,0
tt26656556,Niki,2024,CANNES,0
tt32060445,Sister Midnight,2024,CANNES,0
tt28493138,Sunflowers Were the First Ones to Know...,2024,CANNES,0
tt28520484,To haos pou afise piso tis,2024,CANNES,0
tt32205836,Out the Window Through the Wall,2024,CANNES,0
tt31548153,Bunnyhood,2024,CANNES,0
tt32205793,Banished Love,2024,CANNES,0
tt32195911,Praeis,2024,CANNES,0
tt32205784,Crow Man,2024,CANNES,0
tt32205822,The Deer's Tooth,2024,CANNES,0
tt32205809,Echoes,2024,CANNES,0
tt32196842,Elevaci√≥n,2024,CANNES,0
tt32205828,Forest of Echos,2024,CANNES,0
tt32205816,In spirito,2024,CANNES,0
tt32205848,It's Not Time for Pop,2024,CANNES,0
tt32205813,Terminal,2024,CANNES,0
tt32205843,Three,2024,CANNES,0
tt32205812,Mauvais coton,2024,CANNES,0
tt32205823,Plevel,2024,CANNES,0
tt32205833,Withered Blossoms,2024,CANNES,0
tt28131427,Black Dog,2024,CANNES,0
tt15437986,The Shameless,2024,CANNES,0
tt32086046,Souleymane's Story,2024,CANNES,0
tt29296048,The Damned,2024,CANNES,0
tt32083311,On Becoming a Guinea Fowl,2024,CANNES,0
tt22694908,My Sunshine,2024,CANNES,0
tt30444418,Santosh,2024,CANNES,0
tt32086052,Viet and Nam,2024,CANNES,0
tt4772188,Flow,2024,CANNES,1
tt27476906,When the Light Breaks,2024,CANNES,0
tt32146361,Absent,2024,CANNES,0
tt32128317,The Other Way Around,2024,CANNES,0
tt32205749,Across the Waters,2024,CANNES,0
tt32205725,Les belles cicatrices,2024,CANNES,0
tt32205710,Ootid√©,2024,CANNES,0
tt32205717,Sanki Yoxsan,2024,CANNES,0
tt21070926,Tea,2024,CANNES,0
tt32205704,Volcelest,2024,CANNES,0
tt27721737,The Balconettes,2024,CANNES,0
tt32085997,Misericordia,2024,CANNES,0
tt30426575,"To Live, to Die, to Live Again",2024,CANNES,0
tt32119268,Baby,2024,CANNES,0
tt27907969,Across the Sea,2024,CANNES,0
tt32128915,Eat the Night,2024,CANNES,0
tt25030744,Most People Die on Sundays,2024,CANNES,0
tt31551124,The Belle from Gaza,2024,CANNES,0
tt32146402,Southern Brides,2024,CANNES,0
tt32146277,My Senses Are All I Have to Offer,2024,CANNES,0
tt32129489,Immaculata,2024,CANNES,0
tt27760132,Ernest Cole: Lost and Found,2024,CANNES,0
tt20517306,The Brink of Dreams,2024,CANNES,0
tt32085975,Elementary,2024,CANNES,0
tt32186444,Lula,2024,CANNES,0
tt31437303,Nasty,2024,CANNES,0
tt32128962,The Falling Sky,2024,CANNES,0
tt8510508,Elizabeth Taylor: The Lost Tapes,2024,CANNES,0
tt19308034,Jim Henson: Idea Man,2024,CANNES,0
tt32220426,"Jacques Rozier, d'une vague √† l'autre",2024,CANNES,0
tt32220439,Il √©tait une fois Michel Legrand,2024,CANNES,0
tt32220413,Walking in the Movies,2024,CANNES,0
tt32220386,Faye,2024,CANNES,0
tt32186579,An Unfinished Film,2024,CANNES,0
tt30416258,Filmlovers!,2024,CANNES,0
tt32128938,Savanna and the Mountain,2024,CANNES,0
tt32220428,"Fran√ßois Truffaut, le sc√©nario de ma vie",2024,CANNES,0
tt32220367,"Jacques Demy, le rose et le noir",2024,CANNES,0
tt32357083,Olympiques! La France des Jeux,2024,CANNES,0
tt32096614,The Invasion,2024,CANNES,0
tt32408421,Hayao Miyazaki and the Heron,2024,CANNES,0
tt30797042,This Life of Mine,2024,CANNES,0
tt30431204,When the Land Runs Away,2024,CANNES,0
tt32129630,The Moving Garden,2024,CANNES,0
tt32128968,The Hyperboreans,2024,CANNES,0
tt28036831,Ghost Cat Anzu,2024,CANNES,0
tt27907999,East of Noon,2024,CANNES,0
tt32128870,Desert of Namibia,2024,CANNES,0
tt32128666,In His Own Image,2024,CANNES,0
tt30851085,Visiting Hours,2024,CANNES,0
tt25052668,Christmas Eve in Miller's Point,2024,CANNES,0
tt30824664,Plastic Guns,2024,CANNES,0
tt32146350,Montsouris Park,2024,CANNES,0
tt32146395,Dancing in the Corner,2024,CANNES,0
tt32146261,A Menina e o Pote,2024,CANNES,0
tt32146375,Radikals,2024,CANNES,0
tt32146344,She Stays,2024,CANNES,0
tt28944835,Colored,2024,CANNES,0
tt32205506,En amour,2024,CANNES,0
tt28506298,Human Violins - Prelude,2024,CANNES,0
tt21391146,Maya: Birth of a Superhero,2024,CANNES,0
tt31105714,The Roaming,2024,CANNES,0
tt32201322,Telos I,2024,CANNES,0
tt30192616,Traversing the Mist,2024,CANNES,0
tt32459280,A Girl Unknown,2024,CANNES,0
tt36491653,It Was Just an Accident,2025,CANNES,1
tt29002950,Resurrection,2025,CANNES,0
tt31176520,Eddington,2025,CANNES,0
tt30840798,The Phoenician Scheme,2025,CANNES,0
tt32909489,Young Mothers,2025,CANNES,0
tt32275943,Alpha,2025,CANNES,0
tt30220107,Renoir,2025,CANNES,0
tt15799524,The History of Sound,2025,CANNES,0
tt28326501,The Little Sister,2025,CANNES,0
tt32298285,SirƒÅt,2025,CANNES,1
tt31688586,Nouvelle Vague,2025,CANNES,0
tt35521200,Two Prosecutors,2025,CANNES,0
tt34768402,Fuori,2025,CANNES,0
tt27847051,The Secret Agent,2025,CANNES,1
tt34794183,Case 137,2025,CANNES,0
tt33455099,The Mastermind,2025,CANNES,0
tt30781967,Eagles of the Republic,2025,CANNES,0
tt28690468,Sound of Falling,2025,CANNES,0
tt32538648,Romer√≠a,2025,CANNES,0
tt9362736,Die My Love,2025,CANNES,0
tt36631507,Woman and Child,2025,CANNES,0
tt36580119,The President's Cake,2025,CANNES,0
tt8667404,The Chronology of Water,2025,CANNES,0
tt35453969,Leave One Day,2025,CANNES,0
tt35695538,My Father's Shadow,2025,CANNES,0
tt30268321,Eleanor the Great,2025,CANNES,0
tt35715953,Urchin,2025,CANNES,0
tt27907966,Aisha Can't Fly Away,2025,CANNES,0
tt29271671,Caravan,2025,CANNES,0
tt22237964,The Mysterious Gaze of the Flamingo,2025,CANNES,0
tt32792934,The Plague,2025,CANNES,0
tt32321317,Pillion,2025,CANNES,0
tt29313285,Little Am√©lie or the Character of Rain,2025,CANNES,1
tt33322174,The Wonderers,2025,CANNES,0
tt36643684,Mama,2025,CANNES,0
tt14883538,Arco,2025,CANNES,1
tt22530226,A Useful Ghost,2025,CANNES,0
tt32472708,Sleepless City,2025,CANNES,0
tt36543850,Reedland,2025,CANNES,0
tt34762801,Love Letters,2025,CANNES,0
tt31287262,The Girl in the Snow,2025,CANNES,0
tt34000545,Lucky Lu,2025,CANNES,0
tt36164712,The Girls We Want,2025,CANNES,0
tt36579933,Brand New Landscape,2025,CANNES,0
tt33368478,Girl on Edge,2025,CANNES,0
tt32284798,Dandelion's Odyssey,2025,CANNES,0
tt32843349,"Sorry, Baby",2025,CANNES,0
tt36464353,My Mom Jayne,2025,CANNES,0
tt33362861,Wild Foxes,2025,CANNES,0
tt36724208,First Summer,2025,CANNES,0
tt36671448,Sheng Qi Shou,2025,CANNES,0
tt36724215,Jinj√¢b√¥i,2025,CANNES,0
tt36724209,Winter in March,2025,CANNES,0
tt35533392,A doll made up of clay,2025,CANNES,0
tt32395618,M√•ske i marts,2025,CANNES,0
tt36118499,Ether,2025,CANNES,0
tt36724210,My Grandmother Is a Skydiver,2025,CANNES,0
tt32748608,Three,2025,CANNES,0
tt36985366,Le continent somnambule,2025,CANNES,0
tt36724212,Milk and Cookies,2025,CANNES,0
tt36724206,Bimo,2025,CANNES,0
tt36724203,The Lightning Rod,2025,CANNES,0
tt33772384,Meteors,2025,CANNES,0
tt32398150,The Great Arch,2025,CANNES,0
tt33253688,A Pale View of Hills,2025,CANNES,0
tt34734841,Once Upon a Time in Gaza,2025,CANNES,0
tt33311007,Promised Sky,2025,CANNES,0
tt36491632,The Last One for the Road,2025,CANNES,0
tt32448429,Heads or Tails?,2025,CANNES,0
tt35354686,Love Me Tender,2025,CANNES,0
tt36544524,A Poet,2025,CANNES,0
tt36642485,I Only Rest in the Storm,2025,CANNES,0
tt36996334,Erogenesis,2025,CANNES,0
tt36582058,Bread Will Walk,2025,CANNES,0
tt36671467,N√º h√°i,2025,CANNES,0
tt36693344,The Loneliness of Lizards,2025,CANNES,0
tt36684296,The Spectacle,2025,CANNES,0
tt36678607,Vultures,2025,CANNES,0
tt36724195,Hypersensitive,2025,CANNES,0
tt36724196,Dammen,2025,CANNES,0
tt32759477,The Richest Woman in the World,2025,CANNES,0
tt32082522,The Wave,2025,CANNES,0
tt32646557,Enzo,2025,CANNES,0
tt36885668,Drifting Laurent,2025,CANNES,0
tt36553782,Her Will Be Done,2025,CANNES,0
tt36510056,Drunken Noodles,2025,CANNES,0
tt27722618,Left-Handed Girl,2025,CANNES,0
tt33381401,The Love That Remains,2025,CANNES,0
tt36930290,Bleat!,2025,CANNES,0
tt36581993,Before the Sea Forgets,2025,CANNES,0
tt36553675,Imago,2025,CANNES,0
tt34968474,The Six Billion Dollar Man,2025,CANNES,0
tt36599377,La vie apr√®s Siham,2025,CANNES,0
tt27052428,Orwell: 2+2=5,2025,CANNES,0
tt35931046,Bono: Stories of Surrender,2025,CANNES,0
tt36598711,Put Your Soul on Your Hand and Walk,2025,CANNES,0
tt36525145,Nuit obscure - 'Ain't I a Child?',2025,CANNES,0
tt36554869,Militantropos,2025,CANNES,0
tt36414908,Slauson Rec,2025,CANNES,0
tt35892253,Bo Being Bo Widerberg,2025,CANNES,0
tt35504696,"David Lynch, une √©nigme √† Hollywood",2025,CANNES,0
tt36959167,Para Vigo Me Voy!,2025,CANNES,0
tt36965993,I Love Peru,2025,CANNES,0
tt33400055,Kika,2025,CANNES,0
tt28493053,L'Mina,2025,CANNES,0
tt36617489,Alisveris,2025,CANNES,0
tt36844384,Samba Infinito,2025,CANNES,0
tt36987460,Donne batterie,2025,CANNES,0
tt36995876,Critical Condition,2025,CANNES,0
tt36997447,An-Gyeong,2025,CANNES,0
tt37675860,Dieu est timide,2025,CANNES,0
tt38057919,Wonderwall,2025,CANNES,0
tt36750881,From Dust,2025,CANNES,0
tt31500100,Fillos do vento: A Rapa,2025,CANNES,0
tt36750032,Beyond the Vivid Unknown,2025,CANNES,0
tt36751688,The Exploding Girl VR,2025,CANNES,0
tt36751675,La Maison de Poup√©e,2025,CANNES,0
tt36751287,Lacuna,2025,CANNES,0
tt35547096,In the Current of Being,2025,CANNES,0
tt36751351,Taxi,2025,CANNES,0
tt36426513,Lili: Screen Life Thriller,2025,CANNES,0
tt32916648,The Party's Over!,2025,CANNES,0
tt32247943,Miroirs No. 3,2025,CANNES,0
tt32299316,Dangerous Animals,2025,CANNES,0
tt33335204,Peak Everything,2025,CANNES,0
tt36580117,Untamable,2025,CANNES,0
tt35231039,Kokuho,2025,CANNES,1
tt32583148,La mort n'existe pas,2025,CANNES,0
tt36667493,Yes,2025,CANNES,0
tt8029244,Tremors,2018,CLERMONT-FERRAND,0
tt6800290,Copa-Loca,2018,CLERMONT-FERRAND,0
tt6966866,Counterfeit Kunkoo,2018,CLERMONT-FERRAND,0
tt5788108,Fry Day,2018,CLERMONT-FERRAND,0
tt6279304,Unnatural,2018,CLERMONT-FERRAND,0
tt7119716,One Small Step,2018,CLERMONT-FERRAND,0
tt6541974,Dependent,2018,CLERMONT-FERRAND,0
tt7139480,Matria,2018,CLERMONT-FERRAND,0
tt6196488,Mixtape Marauders,2018,CLERMONT-FERRAND,0
tt6855638,Open Your Eyes,2018,CLERMONT-FERRAND,0
tt6724880,Manivald,2018,CLERMONT-FERRAND,0
tt7375186,Weekends,2018,CLERMONT-FERRAND,1
tt7130628,Would You Look at Her,2018,CLERMONT-FERRAND,0
tt8661460,Jerry,2018,CLERMONT-FERRAND,0
tt10385466,Neverland,2018,CLERMONT-FERRAND,0
tt6038442,Vlees van my vlees,2018,CLERMONT-FERRAND,0
tt8825648,Nine Knots,2018,CLERMONT-FERRAND,0
tt7786666,Return,2018,CLERMONT-FERRAND,0
tt7744200,Fishing,2018,CLERMONT-FERRAND,0
tt7275126,Gros chagrin,2018,CLERMONT-FERRAND,0
tt6984768,(Fool Time) Job,2018,CLERMONT-FERRAND,0
tt7979454,Waterfountain,2018,CLERMONT-FERRAND,0
tt6960712,Kajaani,2018,CLERMONT-FERRAND,0
tt7670168,Shadow Animals,2018,CLERMONT-FERRAND,0
tt8000702,Vihta,2018,CLERMONT-FERRAND,0
tt6347200,"Hasta Siempre, Comandante",2018,CLERMONT-FERRAND,0
tt8012170,Beetle Trouble,2018,CLERMONT-FERRAND,0
tt7741650,Three Years More,2018,CLERMONT-FERRAND,0
tt7920696,Bonobo,2018,CLERMONT-FERRAND,0
tt7350536,Two Balloons,2018,CLERMONT-FERRAND,0
tt7868392,Jag tror jag √§r lite k√§r i dig,2018,CLERMONT-FERRAND,0
tt7996094,Les vies de Lenny Wilson,2018,CLERMONT-FERRAND,0
tt7333086,Rebirth Is Necessary,2018,CLERMONT-FERRAND,0
tt6618074,Even Field,2018,CLERMONT-FERRAND,0
tt7205300,La nuit je mens,2018,CLERMONT-FERRAND,0
tt6890944,Birthday Night,2018,CLERMONT-FERRAND,0
tt7332306,Skin,2018,CLERMONT-FERRAND,1
tt7526282,Kurban,2018,CLERMONT-FERRAND,0
tt7431570,Saint Hubert,2018,CLERMONT-FERRAND,0
tt7907602,The Christmas Gift,2019,CLERMONT-FERRAND,0
tt8906678,Brotherhood,2019,CLERMONT-FERRAND,1
tt9104810,Blue,2019,CLERMONT-FERRAND,0
tt7467476,Fauve,2019,CLERMONT-FERRAND,1
tt9162766,Interior,2019,CLERMONT-FERRAND,0
tt8908824,To Plant a Flag,2019,CLERMONT-FERRAND,0
tt8062224,100 Eur,2019,CLERMONT-FERRAND,0
tt8169754,16 District 16 Floors 16 People,2019,CLERMONT-FERRAND,0
tt7610474,A Dream of Spring,2019,CLERMONT-FERRAND,0
tt8463780,Horizon,2019,CLERMONT-FERRAND,0
tt9044812,Bermuda,2019,CLERMONT-FERRAND,0
tt8119856,Cyclists,2019,CLERMONT-FERRAND,0
tt8414820,Binnu Ka Sapna,2019,CLERMONT-FERRAND,0
tt8839138,Castle to Castle,2019,CLERMONT-FERRAND,0
tt8636644,Jackrabbit,2019,CLERMONT-FERRAND,0
tt8515116,I'm OK,2019,CLERMONT-FERRAND,0
tt8297694,Manivelle: The Last Days of the Man of Tomorrow,2019,CLERMONT-FERRAND,0
tt7435124,Miller & Son,2019,CLERMONT-FERRAND,0
tt8432854,Manila Is Full of Men Named Boy,2019,CLERMONT-FERRAND,0
tt7974640,Twenty One Points,2019,CLERMONT-FERRAND,0
tt7379622,Taking the Waters,2019,CLERMONT-FERRAND,0
tt9452070,Norte√±os,2019,CLERMONT-FERRAND,0
tt6813264,Detainment,2019,CLERMONT-FERRAND,1
tt8486966,Haus,2019,CLERMONT-FERRAND,0
tt9471824,Turning Ten,2019,CLERMONT-FERRAND,0
tt8735380,The Last Post Office,2019,CLERMONT-FERRAND,0
tt8340880,Patision Avenue,2019,CLERMONT-FERRAND,0
tt9440246,Liebe - Oder Erinnerung an Judith R.,2019,CLERMONT-FERRAND,0
tt9818170,What Do You Know About the Water and the Moon,2019,CLERMONT-FERRAND,0
tt8478768,Visit,2019,CLERMONT-FERRAND,0
tt11230422,Fault Line,2019,CLERMONT-FERRAND,0
tt8433144,Prints,2019,CLERMONT-FERRAND,0
tt8949460,Last Year When the Train Passed By,2019,CLERMONT-FERRAND,0
tt8958890,All Inclusive,2019,CLERMONT-FERRAND,0
tt8233516,La chute,2019,CLERMONT-FERRAND,0
tt7855990,Solar Walk,2019,CLERMONT-FERRAND,0
tt8974274,Eve,2019,CLERMONT-FERRAND,0
tt7374512,Marfa,2019,CLERMONT-FERRAND,0
tt7378460,Nursery Rhymes,2019,CLERMONT-FERRAND,0
tt8685478,The Passage,2019,CLERMONT-FERRAND,0
tt8207518,Stratum,2019,CLERMONT-FERRAND,0
tt8575410,Love He Said,2019,CLERMONT-FERRAND,0
tt8957464,Acadiana,2019,CLERMONT-FERRAND,0
tt9650444,Swatted,2019,CLERMONT-FERRAND,0
tt9772448,Wild Will,2019,CLERMONT-FERRAND,0
tt10026994,The Boogeywoman,2019,CLERMONT-FERRAND,0
tt8200722,Egg,2019,CLERMONT-FERRAND,0
tt7235398,Como Fernando Pessoa Salvou Portugal,2019,CLERMONT-FERRAND,0
tt8491744,Guaxuma,2019,CLERMONT-FERRAND,0
tt7944386,Le mal bleu,2019,CLERMONT-FERRAND,0
tt8453390,Las Cruces,2019,CLERMONT-FERRAND,0
tt8627214,Le Mans 1955,2019,CLERMONT-FERRAND,0
tt9018836,Blue Dog,2019,CLERMONT-FERRAND,0
tt8822398,I'm Going Out for Cigarettes,2019,CLERMONT-FERRAND,0
tt8551848,Nefta Football Club,2019,CLERMONT-FERRAND,1
tt10493878,Winter Sun,2019,CLERMONT-FERRAND,0
tt10556666,Bavure,2019,CLERMONT-FERRAND,0
tt6827874,Debris,2019,CLERMONT-FERRAND,0
tt8490856,Cadavre exquis,2019,CLERMONT-FERRAND,0
tt7777230,Tracing Addai,2019,CLERMONT-FERRAND,0
tt9643086,By a Hair,2019,CLERMONT-FERRAND,0
tt10541328,Kembalilah Dengan Tenang,2019,CLERMONT-FERRAND,0
tt9563542,Turbine,2019,CLERMONT-FERRAND,0
tt5776466,Bubbles,2019,CLERMONT-FERRAND,0
tt7360494,1981,2019,CLERMONT-FERRAND,0
tt9685946,Are You Listening Mother?,2019,CLERMONT-FERRAND,0
tt8991292,The Sound of Falling,2019,CLERMONT-FERRAND,0
tt8610880,Mama,2019,CLERMONT-FERRAND,0
tt9124436,Dimo's forest,2019,CLERMONT-FERRAND,0
tt8977292,Harbor,2019,CLERMONT-FERRAND,0
tt10050968,Good Night,2020,CLERMONT-FERRAND,0
tt11470380,The Water Will Carry Us,2020,CLERMONT-FERRAND,0
tt11005650,Tradition,2020,CLERMONT-FERRAND,0
tt9447628,Goin South,2020,CLERMONT-FERRAND,0
tt9842776,16 de Decembro,2020,CLERMONT-FERRAND,0
tt9627270,Un coche cualquiera,2020,CLERMONT-FERRAND,0
tt10272852,Sh_t Happens,2020,CLERMONT-FERRAND,0
tt10725150,Important Police Shit,2020,CLERMONT-FERRAND,0
tt10241206,Imbued Life,2020,CLERMONT-FERRAND,0
tt10538550,405,2020,CLERMONT-FERRAND,0
tt8992920,Skewwhiff,2020,CLERMONT-FERRAND,0
tt11621206,Breakwater,2020,CLERMONT-FERRAND,0
tt8658144,Ricochets,2020,CLERMONT-FERRAND,0
tt11621112,The White Wall,2020,CLERMONT-FERRAND,0
tt11474480,The Present,2020,CLERMONT-FERRAND,1
tt9787546,Frontiera,2020,CLERMONT-FERRAND,0
tt9379374,Hot Dog,2020,CLERMONT-FERRAND,0
tt9603830,What Did You Dream?,2020,CLERMONT-FERRAND,0
tt10290340,Stray Dogs Come Out at Night,2020,CLERMONT-FERRAND,0
tt8394666,Lefty/Righty,2020,CLERMONT-FERRAND,0
tt8096092,Oslo,2020,CLERMONT-FERRAND,0
tt10292962,Fort Irwin,2020,CLERMONT-FERRAND,0
tt9344894,End-O,2020,CLERMONT-FERRAND,0
tt8941158,"Adi√≥s, adi√≥s, adi√≥s",2020,CLERMONT-FERRAND,0
tt10747588,He Can't Live Without Cosmos,2020,CLERMONT-FERRAND,0
tt11464006,Cayenne,2020,CLERMONT-FERRAND,0
tt11830928,Ward's Henna Party,2020,CLERMONT-FERRAND,0
tt12088292,Hydebank,2020,CLERMONT-FERRAND,0
tt10340768,Sandals,2020,CLERMONT-FERRAND,0
tt8306338,Darikiken,2020,CLERMONT-FERRAND,0
tt9319362,The Match,2020,CLERMONT-FERRAND,0
tt11775910,An Arabian Night,2020,CLERMONT-FERRAND,0
tt11085712,Girl in the Hallway,2020,CLERMONT-FERRAND,0
tt8752014,Matriochkas,2020,CLERMONT-FERRAND,0
tt10199970,Deep Love,2020,CLERMONT-FERRAND,0
tt12623372,The Visit,2020,CLERMONT-FERRAND,0
tt12374280,Applesauce,2020,CLERMONT-FERRAND,0
tt11142354,Die Tinte trocknet nicht,2020,CLERMONT-FERRAND,0
tt12896594,Serial Parallels,2020,CLERMONT-FERRAND,0
tt9892574,Gusts of Wild Life,2020,CLERMONT-FERRAND,0
tt10218176,Tomorrow I Will Be Dirt,2020,CLERMONT-FERRAND,0
tt9857490,Rise,2020,CLERMONT-FERRAND,0
tt10481922,Average Happiness,2020,CLERMONT-FERRAND,0
tt10234526,Kids,2020,CLERMONT-FERRAND,0
tt10248754,Acid Rain,2020,CLERMONT-FERRAND,0
tt9902526,Blue Boy,2020,CLERMONT-FERRAND,0
tt10047296,Meridian,2020,CLERMONT-FERRAND,0
tt8150744,How to Breathe in Kern County,2020,CLERMONT-FERRAND,0
tt9812684,49 Years from the House on the Left,2020,CLERMONT-FERRAND,0
tt10804136,Mega Sexy Robot Dinosaur,2020,CLERMONT-FERRAND,0
tt9769192,Blessed Land,2020,CLERMONT-FERRAND,0
tt10514516,Zombies,2020,CLERMONT-FERRAND,0
tt11871570,Hell and Such,2020,CLERMONT-FERRAND,0
tt11447834,Slug Life,2020,CLERMONT-FERRAND,0
tt12058148,California on Fire,2020,CLERMONT-FERRAND,0
tt12104182,Swinguerra,2020,CLERMONT-FERRAND,0
tt9799594,Two Bodies on a Beach,2020,CLERMONT-FERRAND,0
tt6599276,In Between,2020,CLERMONT-FERRAND,0
tt12697260,Freeze Frame,2020,CLERMONT-FERRAND,0
tt10499942,Memorable,2020,CLERMONT-FERRAND,1
tt10127542,Raout Pacha,2020,CLERMONT-FERRAND,0
tt10619908,"Sheep, Wolf and a Cup of Tea...",2020,CLERMONT-FERRAND,0
tt10875512,Miss Chazelles,2020,CLERMONT-FERRAND,0
tt10537332,The Loyal Man,2020,CLERMONT-FERRAND,0
tt11884670,Genius Loci,2020,CLERMONT-FERRAND,1
tt11412510,Tender Age,2020,CLERMONT-FERRAND,0
tt10655732,Oles oi foties i fotia,2020,CLERMONT-FERRAND,0
tt11108028,Traces,2020,CLERMONT-FERRAND,0
tt14115826,The Nightwalk,2020,CLERMONT-FERRAND,0
tt6708942,Togr√∏vere,2020,CLERMONT-FERRAND,0
tt10774550,Night Upon Kepler 452b,2020,CLERMONT-FERRAND,0
tt11166650,The Wake,2020,CLERMONT-FERRAND,0
tt11892472,Summer Fasting,2020,CLERMONT-FERRAND,0
tt13985710,Sisters,2021,CLERMONT-FERRAND,0
tt11519498,Fabiu,2021,CLERMONT-FERRAND,0
tt11018338,Ned & Me,2021,CLERMONT-FERRAND,0
tt11719610,Jam,2021,CLERMONT-FERRAND,0
tt12754146,The Chicken,2021,CLERMONT-FERRAND,0
tt11893528,The Bonfire,2021,CLERMONT-FERRAND,0
tt11661962,Grab Them,2021,CLERMONT-FERRAND,0
tt12326326,The Mistress of the Copper Mountain,2021,CLERMONT-FERRAND,0
tt13046450,Heaven Reaches Down to Earth,2021,CLERMONT-FERRAND,0
tt11744780,Nantong Nights,2021,CLERMONT-FERRAND,0
tt11337360,Workshop,2021,CLERMONT-FERRAND,0
tt10268568,Zoe and Hanh,2021,CLERMONT-FERRAND,0
tt13932342,Princesses,2021,CLERMONT-FERRAND,0
tt12874858,Angh,2021,CLERMONT-FERRAND,0
tt13281862,Are You Still There?,2021,CLERMONT-FERRAND,0
tt13463352,Masel Tov Cocktail,2021,CLERMONT-FERRAND,0
tt11051338,Night Shift,2021,CLERMONT-FERRAND,0
tt12362778,Pinpin,2021,CLERMONT-FERRAND,0
tt11889286,Dummy,2021,CLERMONT-FERRAND,0
tt14151728,Nan fang de mou xie cheng xian fang shi,2021,CLERMONT-FERRAND,0
tt12899536,Happy Ending,2021,CLERMONT-FERRAND,0
tt14293560,Affairs of the Art,2021,CLERMONT-FERRAND,1
tt10538710,White Eye,2021,CLERMONT-FERRAND,1
tt14552414,Ain't No Time for Women,2021,CLERMONT-FERRAND,0
tt13729004,The Arithmetic of Survival,2021,CLERMONT-FERRAND,0
tt12841898,Gramercy,2021,CLERMONT-FERRAND,0
tt12185772,Homeless Home,2021,CLERMONT-FERRAND,0
tt13219556,In the Air Tonight,2021,CLERMONT-FERRAND,0
tt13780862,Hide,2021,CLERMONT-FERRAND,0
tt13951854,Deep Waters,2021,CLERMONT-FERRAND,0
tt13332920,Maalbeek,2021,CLERMONT-FERRAND,0
tt12283160,People on Saturday,2021,CLERMONT-FERRAND,0
tt12603728,Normal,2021,CLERMONT-FERRAND,0
tt12804548,The Unseen River,2021,CLERMONT-FERRAND,0
tt12926090,Push This Button If You Begin to Panic,2021,CLERMONT-FERRAND,0
tt12143434,Just a Guy,2021,CLERMONT-FERRAND,0
tt13997282,Santiago 1973-2019,2021,CLERMONT-FERRAND,0
tt13997420,Orgiastic Hyper-Plastic,2021,CLERMONT-FERRAND,0
tt13231684,Night Bus,2021,CLERMONT-FERRAND,0
tt14210930,Mat and Her Mates,2021,CLERMONT-FERRAND,0
tt13253166,"Souvenir, souvenir",2021,CLERMONT-FERRAND,0
tt14558656,Listen to the Beat of Our Images,2021,CLERMONT-FERRAND,0
tt13602908,Which is Witch?,2021,CLERMONT-FERRAND,0
tt13058114,Choulequec,2021,CLERMONT-FERRAND,0
tt13706792,On n'est pas des animaux,2021,CLERMONT-FERRAND,0
tt14342020,Little Portugal,2021,CLERMONT-FERRAND,0
tt13925062,Hilum,2021,CLERMONT-FERRAND,0
tt13133068,We Are Not Dead Yet,2021,CLERMONT-FERRAND,0
tt14115884,Sin-ui Ttal-eun Chum-eul Chun-da,2021,CLERMONT-FERRAND,0
tt13156256,One and Thousand Nights,2021,CLERMONT-FERRAND,0
tt13660390,Al-Sit,2021,CLERMONT-FERRAND,0
tt10876926,Swimmer,2021,CLERMONT-FERRAND,0
tt11007670,Among the Almond Trees,2021,CLERMONT-FERRAND,0
tt13618308,Beyond Is the Day,2021,CLERMONT-FERRAND,0
tt14118550,Squish,2021,CLERMONT-FERRAND,0
tt13637328,Haikara,2021,CLERMONT-FERRAND,0
tt13895394,Requiem,2021,CLERMONT-FERRAND,0
tt13289224,The Cloud Is Still There,2021,CLERMONT-FERRAND,0
tt11591088,You're Dead H√©l√®ne,2021,CLERMONT-FERRAND,0
tt8505626,Facing the Beast,2021,CLERMONT-FERRAND,0
tt13742326,Naughty Spot,2021,CLERMONT-FERRAND,0
tt10959348,What We Don't Know About Maryam,2021,CLERMONT-FERRAND,0
tt12544268,The Trees,2021,CLERMONT-FERRAND,0
tt14200538,Sandier,2021,CLERMONT-FERRAND,0
tt12348548,Lora,2021,CLERMONT-FERRAND,0
tt13995890,Under the North Sea,2021,CLERMONT-FERRAND,0
tt15264448,Mate,2022,CLERMONT-FERRAND,0
tt16530486,5pm Seaside,2022,CLERMONT-FERRAND,0
tt15257838,Abisal,2022,CLERMONT-FERRAND,0
tt14852106,Ali and His Miracle Sheep,2022,CLERMONT-FERRAND,0
tt14643434,Granny's Sexual Life,2022,CLERMONT-FERRAND,0
tt14825950,Beast,2022,CLERMONT-FERRAND,1
tt16732868,Birds,2022,CLERMONT-FERRAND,0
tt13973416,Night of the Living Dicks,2022,CLERMONT-FERRAND,0
tt13575264,Night of the Living Dread,2022,CLERMONT-FERRAND,0
tt15449858,Sestry,2022,CLERMONT-FERRAND,0
tt16755996,Sierra,2022,CLERMONT-FERRAND,0
tt11386280,Steakhouse,2022,CLERMONT-FERRAND,0
tt14608922,Three Songs for Benazir,2022,CLERMONT-FERRAND,1
tt13607452,Calving,2022,CLERMONT-FERRAND,0
tt14275406,Ensom Cowgirl,2022,CLERMONT-FERRAND,0
tt12237226,Farrucas,2022,CLERMONT-FERRAND,0
tt15125750,It Must,2022,CLERMONT-FERRAND,0
tt13982920,Flounder,2022,CLERMONT-FERRAND,0
tt15657076,Los conspiradores,2022,CLERMONT-FERRAND,0
tt15328210,Au plaisir les ordures!,2022,CLERMONT-FERRAND,0
tt15745270,CAI - BER,2022,CLERMONT-FERRAND,0
tt15432004,Cinco estrellas,2022,CLERMONT-FERRAND,0
tt15452442,Get Ready. Off to the Feast,2022,CLERMONT-FERRAND,0
tt16392090,The Headhunter's Daughter,2022,CLERMONT-FERRAND,0
tt11570620,Joy,2022,CLERMONT-FERRAND,0
tt15561194,What Has Changed,2022,CLERMONT-FERRAND,0
tt12623314,Mass Ave,2022,CLERMONT-FERRAND,0
tt14465876,Motvind,2022,CLERMONT-FERRAND,0
tt12210112,Road to El Kef,2022,CLERMONT-FERRAND,0
tt15286058,The Place That Is Ours,2022,CLERMONT-FERRAND,0
tt15118352,Fall of the Ibis King,2022,CLERMONT-FERRAND,0
tt15560686,Sarira,2022,CLERMONT-FERRAND,0
tt16538636,Slouch,2022,CLERMONT-FERRAND,0
tt16981212,Die geheimnisvollen Inseln,2022,CLERMONT-FERRAND,0
tt17894182,On the Surface,2022,CLERMONT-FERRAND,0
tt18100886,O Que Resta,2022,CLERMONT-FERRAND,0
tt14686512,Meet Doug,2022,CLERMONT-FERRAND,0
tt14972044,Neon Phantom,2022,CLERMONT-FERRAND,0
tt16263748,Furia,2022,CLERMONT-FERRAND,0
tt14992836,Arbete √•t alla!,2022,CLERMONT-FERRAND,0
tt13849534,Happiness is a Journey,2022,CLERMONT-FERRAND,0
tt13886816,Lemongrass Girl,2022,CLERMONT-FERRAND,0
tt15318898,Swallow the Universe,2022,CLERMONT-FERRAND,0
tt15405020,Man or Tree,2022,CLERMONT-FERRAND,0
tt16914624,Her Violet Kiss,2022,CLERMONT-FERRAND,0
tt14574068,Saint John the Baptist,2022,CLERMONT-FERRAND,0
tt15706368,Cucumbers,2022,CLERMONT-FERRAND,0
tt14574094,La marche de Paris √† Brest,2022,CLERMONT-FERRAND,0
tt16527984,Concertina,2022,CLERMONT-FERRAND,0
tt15501048,Beokis,2022,CLERMONT-FERRAND,0
tt21144178,Angle mort,2022,CLERMONT-FERRAND,0
tt15255306,Prosopagnosia,2022,CLERMONT-FERRAND,0
tt16430828,Belle River,2022,CLERMONT-FERRAND,0
tt15669398,Le roi David,2022,CLERMONT-FERRAND,0
tt16290934,Partir un jour,2022,CLERMONT-FERRAND,0
tt12801458,Little Berlin,2022,CLERMONT-FERRAND,0
tt17066952,Ce n'est rien,2022,CLERMONT-FERRAND,0
tt14412390,Son Altesse Protocole,2022,CLERMONT-FERRAND,0
tt15274076,Le cormoran,2022,CLERMONT-FERRAND,0
tt15104520,Constellation,2022,CLERMONT-FERRAND,0
tt16419812,Warsha,2022,CLERMONT-FERRAND,0
tt15456404,Grand Paris Express,2022,CLERMONT-FERRAND,0
tt13882330,Les curiosit√©s du mal,2022,CLERMONT-FERRAND,0
tt17560734,Trois grains de gros sel,2022,CLERMONT-FERRAND,0
tt16730466,√Ä coeur perdu,2022,CLERMONT-FERRAND,0
tt15522854,Lucienne dans un monde sans solitude,2022,CLERMONT-FERRAND,0
tt15741136,Le point de reprise,2022,CLERMONT-FERRAND,0
tt16965094,Va dans les bois,2022,CLERMONT-FERRAND,0
tt17524544,Let the Beast Rise,2022,CLERMONT-FERRAND,0
tt15766600,Titan,2022,CLERMONT-FERRAND,0
tt16912042,Au-del√† des murs,2022,CLERMONT-FERRAND,0
tt14791214,L'inspection,2022,CLERMONT-FERRAND,0
tt16868098,L√©o la nuit,2022,CLERMONT-FERRAND,0
tt14186498,La ventri√®re,2022,CLERMONT-FERRAND,0
tt15684792,"Jeudi, vendredi, samedi",2022,CLERMONT-FERRAND,0
tt15508388,Les larmes de la Seine,2022,CLERMONT-FERRAND,0
tt18072894,Cataracte,2022,CLERMONT-FERRAND,0
tt14194172,The Ticket,2022,CLERMONT-FERRAND,0
tt15228374,Khadiga,2022,CLERMONT-FERRAND,0
tt14902386,I Bit My Tongue,2022,CLERMONT-FERRAND,0
tt14972182,In Flow of Words,2022,CLERMONT-FERRAND,0
tt15497198,Sentier paradis,2022,CLERMONT-FERRAND,0
tt19369110,Love in Galilee,2022,CLERMONT-FERRAND,0
tt17069276,Will My Parents Come to See Me,2023,CLERMONT-FERRAND,0
tt21373876,Please Hold the Line,2023,CLERMONT-FERRAND,0
tt17632600,Repair,2023,CLERMONT-FERRAND,0
tt22093702,Diabel,2023,CLERMONT-FERRAND,0
tt22326414,Our Males and Females,2023,CLERMONT-FERRAND,0
tt20194088,Um Caro√ßo de Abacate,2023,CLERMONT-FERRAND,0
tt21146166,The Age of Innocence,2023,CLERMONT-FERRAND,0
tt17768566,Las visitantes,2023,CLERMONT-FERRAND,0
tt17663790,My Year of Dicks,2023,CLERMONT-FERRAND,1
tt21341476,"Daron, Daron Colbert",2023,CLERMONT-FERRAND,0
tt21258700,Holy Cowboys,2023,CLERMONT-FERRAND,0
tt21147866,Civic,2023,CLERMONT-FERRAND,0
tt14524342,Scrap,2023,CLERMONT-FERRAND,0
tt21365922,Nothing Holier Than a Dolphin,2023,CLERMONT-FERRAND,0
tt13187594,Strange Beasts,2023,CLERMONT-FERRAND,0
tt21797498,Mulika,2023,CLERMONT-FERRAND,0
tt26112130,A Lost Astronaut and a City of Footprints,2023,CLERMONT-FERRAND,0
tt15353420,Nurture,2023,CLERMONT-FERRAND,0
tt21797584,Smoke Gets in Your Eyes,2023,CLERMONT-FERRAND,0
tt16157724,Der Zufall,2023,CLERMONT-FERRAND,0
tt21868496,Hills and Mountains,2023,CLERMONT-FERRAND,0
tt23901960,Klette,2023,CLERMONT-FERRAND,0
tt21367220,Slow Light,2023,CLERMONT-FERRAND,0
tt18690324,La Entrega,2023,CLERMONT-FERRAND,0
tt25385288,Sweet Home,2023,CLERMONT-FERRAND,0
tt22749100,Invincible,2023,CLERMONT-FERRAND,1
tt26600054,Knight of Fortune,2023,CLERMONT-FERRAND,1
tt26612054,Donkeyland,2023,CLERMONT-FERRAND,0
tt21340194,Ainda Restar√£o Rob√¥s Nas Ruas do Interior Profundo,2023,CLERMONT-FERRAND,0
tt16283104,As Sacrificadas,2023,CLERMONT-FERRAND,0
tt22469372,Az utca m√°sik v√©ge,2023,CLERMONT-FERRAND,0
tt19383068,Bergie,2023,CLERMONT-FERRAND,0
tt25582186,It Takes a Village...,2023,CLERMONT-FERRAND,0
tt16150914,Buffer Zone,2023,CLERMONT-FERRAND,0
tt17162390,Bird in the Peninsula,2023,CLERMONT-FERRAND,0
tt20223520,Scale,2023,CLERMONT-FERRAND,0
tt21632552,Buurman Abdi,2023,CLERMONT-FERRAND,0
tt21925884,"Paradiso, XXXI, 108",2023,CLERMONT-FERRAND,0
tt13199958,Amok,2023,CLERMONT-FERRAND,0
tt18777240,The Debutante,2023,CLERMONT-FERRAND,0
tt22986380,Plstc,2023,CLERMONT-FERRAND,0
tt24670198,Pentola,2023,CLERMONT-FERRAND,0
tt22078364,45th Parallel,2023,CLERMONT-FERRAND,0
tt21275806,The Ark,2023,CLERMONT-FERRAND,0
tt17554366,Majmouan,2023,CLERMONT-FERRAND,0
tt17068762,El sembrador de estrellas,2023,CLERMONT-FERRAND,0
tt26691884,La lutte est une fin,2023,CLERMONT-FERRAND,0
tt21284464,Big Bang,2023,CLERMONT-FERRAND,0
tt24485020,S√®t Lam,2023,CLERMONT-FERRAND,0
tt24652070,Aaaah!,2023,CLERMONT-FERRAND,0
tt21615440,Fairplay,2023,CLERMONT-FERRAND,0
tt23134946,Le jour o√π j'√©tais perdu,2023,CLERMONT-FERRAND,0
tt21406204,Matapang,2023,CLERMONT-FERRAND,0
tt24519466,Hors-saison,2023,CLERMONT-FERRAND,0
tt23318936,√âcorch√©e,2023,CLERMONT-FERRAND,0
tt23786990,Calcutta 8:40AM,2023,CLERMONT-FERRAND,0
tt23780016,Sardine,2023,CLERMONT-FERRAND,0
tt23948916,Auxiliaire,2023,CLERMONT-FERRAND,0
tt21332250,"A King, Gazing at the Sea",2023,CLERMONT-FERRAND,0
tt22796806,9th Floor to the Right,2023,CLERMONT-FERRAND,0
tt23018632,Aban,2023,CLERMONT-FERRAND,0
tt21150034,Lions,2023,CLERMONT-FERRAND,0
tt22872920,Feux,2023,CLERMONT-FERRAND,0
tt24165816,Ville √©ternelle,2023,CLERMONT-FERRAND,0
tt26443455,La bouche en coeur,2023,CLERMONT-FERRAND,0
tt21228490,Almost a Kiss,2023,CLERMONT-FERRAND,0
tt26692129,Tondex 2000,2023,CLERMONT-FERRAND,0
tt28005037,Serp√™hatiy√™n Neqewim√Æ,2023,CLERMONT-FERRAND,0
tt25964036,Takanakuy,2023,CLERMONT-FERRAND,0
tt14920850,Daphne,2023,CLERMONT-FERRAND,0
tt24060738,Reflections,2023,CLERMONT-FERRAND,0
tt33065427,Port√∏r,2023,CLERMONT-FERRAND,0
tt27417986,Von der Fl√ºchtigkeit eines Geschmacks,2023,CLERMONT-FERRAND,0
tt29464182,Chuang Tai Ri Zhi,2023,CLERMONT-FERRAND,0
tt22694596,Sabbie Mobili,2023,CLERMONT-FERRAND,0
tt16247282,Bazigaga,2023,CLERMONT-FERRAND,0
tt26767672,Fantasy in a Concrete Jungle,2023,CLERMONT-FERRAND,0
tt30146242,The First Film,2023,CLERMONT-FERRAND,0
tt20249654,An Orange from Jaffa,2024,CLERMONT-FERRAND,0
tt23836912,Yellow,2024,CLERMONT-FERRAND,0
tt28026192,Komplikasjoner,2024,CLERMONT-FERRAND,0
tt30576717,Virundhu/The Feast,2024,CLERMONT-FERRAND,0
tt27201847,A Robust Heart,2024,CLERMONT-FERRAND,0
tt29669638,The Witness Tree,2024,CLERMONT-FERRAND,0
tt26420692,The Waiting,2024,CLERMONT-FERRAND,0
tt29344315,A Crab in the Pool,2024,CLERMONT-FERRAND,0
tt28532048,Ta peristeria arrostainoun otan i poli flegetai,2024,CLERMONT-FERRAND,0
tt28688710,Ghost of the Dark Path,2024,CLERMONT-FERRAND,0
tt28768830,Cross My Heart and Hope to Die,2024,CLERMONT-FERRAND,0
tt28863526,Moeder,2024,CLERMONT-FERRAND,0
tt27564777,Mango,2024,CLERMONT-FERRAND,0
tt29346140,Miisufy,2024,CLERMONT-FERRAND,0
tt30252620,Matta und Matto,2024,CLERMONT-FERRAND,0
tt30271375,Saigon Kiss,2024,CLERMONT-FERRAND,0
tt30647879,The Medallion,2024,CLERMONT-FERRAND,0
tt28608931,The Talent,2024,CLERMONT-FERRAND,0
tt28083056,The Miracle,2024,CLERMONT-FERRAND,0
tt30689854,You're Invited to Tuscan's 5th Birthday Party!,2024,CLERMONT-FERRAND,0
tt27679511,2720,2024,CLERMONT-FERRAND,0
tt28768679,Wander to Wonder,2024,CLERMONT-FERRAND,1
tt27534362,The Last Cowboy in Salford,2024,CLERMONT-FERRAND,0
tt30767234,Apr√®s-coups,2024,CLERMONT-FERRAND,0
tt30270203,Et Exempel,2024,CLERMONT-FERRAND,0
tt30835281,Beautiful Men,2024,CLERMONT-FERRAND,1
tt17072826,In the Garden of Tulips,2024,CLERMONT-FERRAND,0
tt30783935,Eksi Bir,2024,CLERMONT-FERRAND,0
tt26735637,If You're Happy,2024,CLERMONT-FERRAND,0
tt30949342,Coal,2024,CLERMONT-FERRAND,0
tt31122637,La Cascada,2024,CLERMONT-FERRAND,0
tt26907919,Dejar que muera,2024,CLERMONT-FERRAND,0
tt28144540,Cul-de-sac,2024,CLERMONT-FERRAND,0
tt27850288,Worlds Burning Amid the Shadows,2024,CLERMONT-FERRAND,0
tt31215756,Spring 23,2024,CLERMONT-FERRAND,0
tt14464176,Alien0089,2024,CLERMONT-FERRAND,0
tt26897473,A Kind of Testament,2024,CLERMONT-FERRAND,0
tt29626935,Non te vexo,2024,CLERMONT-FERRAND,0
tt27990245,Incident,2024,CLERMONT-FERRAND,1
tt28772075,Hito,2024,CLERMONT-FERRAND,0
tt26546210,Mwanamke Makueni,2024,CLERMONT-FERRAND,0
tt29520251,Takie cuda sie zdarzaja,2024,CLERMONT-FERRAND,0
tt28662796,Nafura,2024,CLERMONT-FERRAND,0
tt28662783,Los rayos de una tormenta,2024,CLERMONT-FERRAND,0
tt30802835,EarthWorm,2024,CLERMONT-FERRAND,0
tt26696005,World to Roam,2024,CLERMONT-FERRAND,0
tt31383742,All Gucci My Broski,2024,CLERMONT-FERRAND,0
tt28767046,Et si le soleil plongeait dans l'oc√©an des nues,2024,CLERMONT-FERRAND,0
tt31229573,Les myst√©rieuses aventures de Claude Conseil,2024,CLERMONT-FERRAND,0
tt30228234,There Is No Friend's House,2024,CLERMONT-FERRAND,0
tt30765628,Avec l'humanit√© qui convient,2024,CLERMONT-FERRAND,0
tt29432470,Queen Size,2024,CLERMONT-FERRAND,0
tt31159874,Sourd,2024,CLERMONT-FERRAND,0
tt20421074,Pavane,2024,CLERMONT-FERRAND,0
tt28101600,Maurice's Bar,2024,CLERMONT-FERRAND,0
tt29228973,Father's Letters,2024,CLERMONT-FERRAND,0
tt29456289,Apr√®s l'aurore,2024,CLERMONT-FERRAND,0
tt29251666,L'√¢ge acrobatique,2024,CLERMONT-FERRAND,0
tt31033834,√ât√© 96,2024,CLERMONT-FERRAND,0
tt29511968,L'invuln√©rable,2024,CLERMONT-FERRAND,0
tt27960800,Supernova,2024,CLERMONT-FERRAND,0
tt31383539,Les pissenlits par la racine,2024,CLERMONT-FERRAND,0
tt28768883,In the Shadow of the Cypress,2024,CLERMONT-FERRAND,1
tt36133314,Ovejas y Lobos,2024,CLERMONT-FERRAND,0
tt13380282,Cut Me If You Can,2024,CLERMONT-FERRAND,0
tt32342048,Unspoken,2025,CLERMONT-FERRAND,0
tt35498439,"Inflatable Bear, Hourly",2025,CLERMONT-FERRAND,0
tt32559910,Hurik√°n,2025,CLERMONT-FERRAND,0
tt32507984,"Mesopotamia, TX",2025,CLERMONT-FERRAND,0
tt32898058,Upshot,2025,CLERMONT-FERRAND,0
tt32851976,We Beg to Differ,2025,CLERMONT-FERRAND,0
tt30970587,Papillon,2025,CLERMONT-FERRAND,1
tt32880184,I Died in Irpin,2025,CLERMONT-FERRAND,0
tt31852613,A Move,2025,CLERMONT-FERRAND,0
tt34385102,"Now, Hear Me Good",2025,CLERMONT-FERRAND,0
tt35533169,Looking for a donkey,2025,CLERMONT-FERRAND,0
tt34371073,Lees Waxul,2025,CLERMONT-FERRAND,0
tt35257962,"My Brother, My Brother",2025,CLERMONT-FERRAND,0
tt33294713,Tayal Forest Club,2025,CLERMONT-FERRAND,0
tt35698912,A Bear Remembers,2025,CLERMONT-FERRAND,0
tt32843362,Reading You,2025,CLERMONT-FERRAND,0
tt32230148,Dette er ikke en fest (det er en vinkveld),2025,CLERMONT-FERRAND,0
tt33775526,De sucre,2025,CLERMONT-FERRAND,0
tt34376811,Ruth,2025,CLERMONT-FERRAND,0
tt32593217,Family Man,2025,CLERMONT-FERRAND,0
tt33320794,Obituary service for you,2025,CLERMONT-FERRAND,0
tt33295979,Holy Ghost Conversation,2025,CLERMONT-FERRAND,0
tt36334803,Jacar√©,2025,CLERMONT-FERRAND,0
tt35698838,Aferrado,2025,CLERMONT-FERRAND,0
tt32146383,Supersilly,2025,CLERMONT-FERRAND,0
tt33333856,Domingo Familiar,2025,CLERMONT-FERRAND,0
tt34244844,A Round of Applause for Death,2025,CLERMONT-FERRAND,0
tt32169993,Infinite Trolling,2025,CLERMONT-FERRAND,0
tt32656420,The Echoes of Rust,2025,CLERMONT-FERRAND,0
tt32897521,Progress Mining,2025,CLERMONT-FERRAND,0
tt32129238,Extremely Short,2025,CLERMONT-FERRAND,0
tt34770651,Medical Field Guide or Rules of engagement with native e-girls,2025,CLERMONT-FERRAND,0
tt32219860,Sol B√©ni,2025,CLERMONT-FERRAND,0
tt30888004,Tako Tsubo,2025,CLERMONT-FERRAND,0
tt33023242,The Eggregores' Theory,2025,CLERMONT-FERRAND,0
tt33034874,Exit Through the Cuckoo's Nest,2025,CLERMONT-FERRAND,0
tt32897715,La Fille qui explose,2025,CLERMONT-FERRAND,0
tt35720261,Ni Dieu ni p√®re,2025,CLERMONT-FERRAND,0
tt35720291,Wam√®,2025,CLERMONT-FERRAND,0
tt35720646,Ship of Fools,2025,CLERMONT-FERRAND,0
tt36192080,Once Upon a Time in Wari Bateshwar,2025,CLERMONT-FERRAND,0
tt32448561,G√©n√©alogie de la violence,2025,CLERMONT-FERRAND,0
tt35051462,Como si la tierra se las hubiera tragado,2025,CLERMONT-FERRAND,0
tt32559944,Plus douce est la nuit,2025,CLERMONT-FERRAND,0
tt28356173,Yuck!,2025,CLERMONT-FERRAND,1
tt32368318,Kaminhu,2025,CLERMONT-FERRAND,0
tt35329512,Mort d'un acteur,2025,CLERMONT-FERRAND,0
tt9797932,Big Boys Don't Cry,2025,CLERMONT-FERRAND,0
tt32897489,Il burattino e la balena,2025,CLERMONT-FERRAND,0
tt32896761,Soleil gris,2025,CLERMONT-FERRAND,0
tt22045438,In Pursuit of Repetitive Beats,2025,CLERMONT-FERRAND,0
tt33365259,Two People Exchanging Saliva,2025,CLERMONT-FERRAND,1
tt33093966,L'enfant √† la peau blanche,2025,CLERMONT-FERRAND,0
tt33499480,"Mera, Mera, Mera",2025,CLERMONT-FERRAND,0
tt33294424,"Hi Mom, It's Me, Lou lou",2025,CLERMONT-FERRAND,0
tt27775176,Boite √† savon,2025,CLERMONT-FERRAND,0
tt34954417,Oh Maybe Not Tonight,2025,CLERMONT-FERRAND,0
tt32755932,I Told You So,2025,CLERMONT-FERRAND,0
tt35397068,Big Boys Don't Cry,2025,CLERMONT-FERRAND,0
tt33501536,Resort,2025,CLERMONT-FERRAND,0
tt8128780,When the Beat Drops,2018,FRAMELINE,0
tt7955072,Prisoner of Society,2018,FRAMELINE,0
tt5215650,For Izzy,2018,FRAMELINE,0
tt8289802,Masks,2018,FRAMELINE,0
tt7718088,Bonding,2018,FRAMELINE,0
tt6256872,A Moment in the Reeds,2018,FRAMELINE,0
tt3496790,Lez Bomb,2018,FRAMELINE,0
tt6776106,And Breathe Normally,2018,FRAMELINE,0
tt7344622,Everything Is Free,2018,FRAMELINE,0
tt7690022,Fish Bones,2018,FRAMELINE,0
tt8367050,Chedeng and Apple,2018,FRAMELINE,0
tt7901640,Just Friends,2018,FRAMELINE,0
tt1389098,Mapplethorpe,2018,FRAMELINE,0
tt6665464,The Marriage,2018,FRAMELINE,0
tt6400166,My Best Friend,2018,FRAMELINE,0
tt7461300,Nina,2018,FRAMELINE,0
tt7545566,Skate Kitchen,2018,FRAMELINE,0
tt9617506,Vision Portraits,2018,FRAMELINE,0
tt21811386,Kissing Walls,2018,FRAMELINE,0
tt9845398,End of the Century,2019,FRAMELINE,0
tt10011320,Changing the Game,2019,FRAMELINE,0
tt8398968,A Luv Tale: The Series,2019,FRAMELINE,0
tt8838810,Song Lang,2019,FRAMELINE,0
tt5754850,Cubby,2019,FRAMELINE,0
tt8650976,Guest Artist,2019,FRAMELINE,0
tt10199166,Bubble,2019,FRAMELINE,0
tt8928440,Engaged,2019,FRAMELINE,0
tt8814978,Zen in the Ice Rift,2019,FRAMELINE,0
tt8856090,Before You Know It,2019,FRAMELINE,0
tt7311036,Clementine,2019,FRAMELINE,0
tt3453008,The Garden Left Behind,2019,FRAMELINE,0
tt7683516,Transfinite,2019,FRAMELINE,0
tt6378942,Last Ferry,2019,FRAMELINE,0
tt9664198,Meili,2019,FRAMELINE,0
tt9016016,Saint Frances,2019,FRAMELINE,0
tt8739582,Almost Love,2019,FRAMELINE,0
tt6328242,A Simple Wedding,2019,FRAMELINE,0
tt8456696,Sister Aimee,2019,FRAMELINE,0
tt8026554,Socrates,2019,FRAMELINE,0
tt8855960,Straight Up,2019,FRAMELINE,0
tt6690836,Stray Dolls,2019,FRAMELINE,0
tt19847352,Jeannette,2019,FRAMELINE,0
tt10518070,Queering the Script,2019,FRAMELINE,0
tt8943224,Lingua Franca,2019,FRAMELINE,0
tt8730794,Cured,2020,FRAMELINE,0
tt10182272,These Thems,2020,FRAMELINE,0
tt10054392,Encounter,2020,FRAMELINE,0
tt12592824,Rurangi,2020,FRAMELINE,0
tt9845110,Two of Us,2020,FRAMELINE,0
tt10763380,When in Rome,2020,FRAMELINE,0
tt8956926,Ahead of the Curve,2020,FRAMELINE,0
tt8637504,Disclosure,2020,FRAMELINE,0
tt10353866,Ellie & Abbie (& Ellie's Dead Aunt),2020,FRAMELINE,0
tt10313748,La leyenda negra,2020,FRAMELINE,0
tt11383514,Buck,2020,FRAMELINE,0
tt10795164,Were You Gay in High School?,2020,FRAMELINE,0
tt7379472,Invisible,2021,FRAMELINE,0
tt8356178,Lola,2021,FRAMELINE,0
tt10709592,Sheer Qorma,2021,FRAMELINE,0
tt11644410,Skumjas,2021,FRAMELINE,0
tt13688946,The Wash (In Love),2021,FRAMELINE,0
tt14508918,Young Diego,2021,FRAMELINE,0
tt12492034,Hugo: 6:30,2021,FRAMELINE,0
tt13847902,Are You Still Watching?,2021,FRAMELINE,0
tt9257470,Luv U Cuz,2021,FRAMELINE,0
tt12484352,Unliveable,2021,FRAMELINE,0
tt10927870,Pompeii,2021,FRAMELINE,0
tt13012966,Eyes and Horns,2021,FRAMELINE,0
tt4061620,Firebird,2021,FRAMELINE,0
tt9165740,Milkwater,2021,FRAMELINE,0
tt13316820,Boy Meets Boy,2021,FRAMELINE,0
tt8160794,The Greenhouse,2021,FRAMELINE,0
tt9204898,"Jump, Darling",2021,FRAMELINE,0
tt13157722,"Ma Belle, My Beauty",2021,FRAMELINE,0
tt11261004,Metamorphosis,2021,FRAMELINE,0
tt13793134,Nico,2021,FRAMELINE,0
tt10919362,Sweetheart,2021,FRAMELINE,0
tt9043456,Walking with Shadows,2021,FRAMELINE,0
tt14314826,Fanny: The Right to Rock,2021,FRAMELINE,0
tt14623196,No Straight Lines: The Rise of Queer Comics,2021,FRAMELINE,0
tt10196480,North by Current,2021,FRAMELINE,0
tt10014534,Sirens,2021,FRAMELINE,0
tt19361794,Holding Moses,2022,FRAMELINE,0
tt18257284,Bi the Way,2022,FRAMELINE,0
tt15393466,Tank Fairy,2022,FRAMELINE,0
tt18775326,Neuzeit,2022,FRAMELINE,0
tt13817770,S√• j√§vla easy going,2022,FRAMELINE,0
tt10949122,El Houb - The Love,2022,FRAMELINE,0
tt17279488,Follow the Protocol,2022,FRAMELINE,0
tt12186098,Hypochondriac,2022,FRAMELINE,0
tt15514540,Three Headed Beast,2022,FRAMELINE,0
tt10360808,The Cow Who Sang a Song Into the Future,2022,FRAMELINE,0
tt9487526,Finlandia,2022,FRAMELINE,0
tt11362842,When Time Got Louder,2022,FRAMELINE,0
tt13098066,When Men Were Men,2022,FRAMELINE,0
tt10406466,It Is in Us All,2022,FRAMELINE,0
tt19860942,Where Butterflies Don't Fly,2022,FRAMELINE,0
tt7947604,In from the Side,2022,FRAMELINE,0
tt15022446,Petit mal,2022,FRAMELINE,0
tt19178662,U√Ωra: The Rising Forest,2022,FRAMELINE,0
tt21159002,Vulveeta,2022,FRAMELINE,0
tt21191036,I Just Wanna Dance,2022,FRAMELINE,0
tt17678676,Monsieur Le Butch,2022,FRAMELINE,0
tt12850216,Unidentified Objects,2022,FRAMELINE,0
tt10945316,Besties,2022,FRAMELINE,0
tt13358190,Golden Delicious,2022,FRAMELINE,0
tt16290722,Playland,2022,FRAMELINE,0
tt15400512,Lucky Fish,2022,FRAMELINE,0
tt21223446,Code Switch,2022,FRAMELINE,0
tt16288898,Black as U R,2022,FRAMELINE,0
tt15654760,Ob scena,2023,FRAMELINE,0
tt26557869,The Cutest and Funniest Animals in the World,2023,FRAMELINE,0
tt7196012,Going to Mars: The Nikki Giovanni Project,2023,FRAMELINE,0
tt17235774,Who I Am Not,2023,FRAMELINE,0
tt13729232,The Origin of Evil,2023,FRAMELINE,0
tt27074938,Every Body,2023,FRAMELINE,0
tt24486184,Big Boys,2023,FRAMELINE,0
tt16982622,Norwegian Dream,2023,FRAMELINE,0
tt13242416,Egghead & Twinkie,2023,FRAMELINE,0
tt13292392,√ëa√±os,2023,FRAMELINE,0
tt23752030,As You Are,2023,FRAMELINE,0
tt23219922,Cousins,2023,FRAMELINE,0
tt14202356,Do Digital Curanderas Use Eggs in Their Limpias?,2023,FRAMELINE,0
tt27849939,AC Unit,2023,FRAMELINE,0
tt15138634,Asog,2023,FRAMELINE,0
tt22403254,Hi-a,2023,FRAMELINE,0
tt10825052,Chasing Chasing Amy,2023,FRAMELINE,0
tt32207453,¬°salsa!,2023,FRAMELINE,0
tt32897640,Like What Would Sorrow Look,2023,FRAMELINE,0
tt28635725,Fragments of a Life Loved,2024,FRAMELINE,0
tt32774613,Seat 31: Zooey Zephyr,2024,FRAMELINE,0
tt28539580,Paradise Europe,2024,FRAMELINE,0
tt30700475,The World According to Allee Willis,2024,FRAMELINE,0
tt29204786,Underground Orange,2024,FRAMELINE,0
tt32361089,You Can't Get What You Want But You Can Get Me,2024,FRAMELINE,0
tt30835197,Wouldn't Make It Any Other Way,2024,FRAMELINE,0
tt16985568,If I'm Here It Is by Mystery,2024,FRAMELINE,0
tt32215867,Ripe!,2024,FRAMELINE,0
tt24805832,In the Summers,2024,FRAMELINE,0
tt22803220,National Anthem,2024,FRAMELINE,0
tt16409868,High Tide,2024,FRAMELINE,0
tt27603877,Burrow,2024,FRAMELINE,0
tt29407761,Kasbi,2024,FRAMELINE,0
tt31021203,Doppelg√§ngers¬≥,2024,FRAMELINE,0
tt23039638,Grace,2024,FRAMELINE,0
tt30852598,OUTCRY: Alchemists of Rage,2024,FRAMELINE,0
tt30420685,Bust,2024,FRAMELINE,0
tt13876004,Sally!,2024,FRAMELINE,0
tt31860011,Euphoric,2024,FRAMELINE,0
tt35591345,The Age of Flowering Plants,2024,FRAMELINE,0
tt27351762,Any Other Way: The Jackie Shane Story,2024,FRAMELINE,0
tt37503068,Tessitura,2025,FRAMELINE,0
tt35051470,The Eating of an Orange,2025,FRAMELINE,0
tt32150607,I'm Your Venus,2025,FRAMELINE,0
tt32084497,Wicket,2025,FRAMELINE,0
tt33309194,"Beautiful Evening, Beautiful Day",2025,FRAMELINE,0
tt35022825,Castration Movie Anthology I: Traps,2025,FRAMELINE,0
tt37020461,AutoErotica: We Buy Gay Stuff,2025,FRAMELINE,0
tt36956125,"Thanks, Babs!",2025,FRAMELINE,0
tt34966678,The Librarians,2025,FRAMELINE,0
tt34376032,"Lucky, Apartment",2025,FRAMELINE,0
tt27550504,Plainclothes,2025,FRAMELINE,0
tt31938314,Barbie Boy,2025,FRAMELINE,0
tt33308220,A Bird Hit My Window and Now I'm a Lesbian,2025,FRAMELINE,0
tt36204337,Only Good Things,2025,FRAMELINE,0
tt28727524,Kids,2025,FRAMELINE,0
tt34966548,Heightened Scrutiny,2025,FRAMELINE,0
tt36204182,Rainbow Girls,2025,FRAMELINE,0
tt34914643,Budget Paradise,2025,FRAMELINE,0
tt35002936,Grandma Nai Who Played Favorites,2025,FRAMELINE,0
tt36997914,The Roaming Center for Magnetic Alternatives,2025,FRAMELINE,0
tt35519537,The Secret of Me,2025,FRAMELINE,0
tt34673862,Trains (Pociagi),2024,IDFA,0
tt29680897,1489,2023,IDFA,0
tt27266492,20 Days in Mariupol,2023,IDFA,0
tt22768450,Apolonia Apolonia,2022,IDFA,0
tt15938750,Mr. Landsbergis,2021,IDFA,0
tt13359582,Radiograph of a Family,2020,IDFA,0
tt11383174,In a Whisper,2019,IDFA,0
tt10451914,For Sama,2019,IDFA,0
tt9318514,Reason,2018,IDFA,0
