imdb.id,title.mixed,sample.year.first,fest.first,,,,,
tt5437928,Colette,2018,TIFF,,,,,
tt5929754,Wildlife,2018,TIFF,,,,,
tt6662736,What They Had,2018,TIFF,,,,,manually collect this for 2018-2025
tt6952960,The Kindergarten Teacher,2018,TIFF,,,,,For the following festivales 
tt6205872,Assassination Nation,2018,TIFF,,,,,BERLINALE
tt7689906,Monsters and Men,2018,TIFF,,,,,CANNES
tt6704880,Girls of the Sun,2018,TIFF,,,,,CLERMONT-FERRAND
tt4964788,Everybody Knows,2018,TIFF,,,,,FRAMELINE
tt6543652,Cold War,2018,TIFF,,,,,IDFA
tt8269552,3 Faces,2018,TIFF,,,,,TIFF
tt8075192,Shoplifters,2018,TIFF,,,,,
tt6768578,Dogman,2018,TIFF,,,,,
tt6864046,Shadow,2018,TIFF,,,,,
tt6679794,Outlaw King,2018,TIFF,,,,,
tt6483364,Teen Spirit,2018,TIFF,,,,,
tt5795282,This Changes Everything,2018,TIFF,,,,,
tt7280898,22-Jul,2018,TIFF,,,,,
tt5989218,Life Itself,2018,TIFF,,,,,
tt1517451,A Star Is Born,2018,TIFF,,,,,
tt6388074,Viper Club,2018,TIFF,,,,,
tt1213641,First Man,2018,TIFF,,,,,
tt5117428,Wild Rose,2018,TIFF,,,,,
tt4042818,The Death & Life of John F. Donovan,2018,TIFF,,,,,
tt4951982,The Command,2018,TIFF,,,,,
tt7137380,Destroyer,2018,TIFF,,,,,
tt5859882,Vita & Virginia,2018,TIFF,,,,,
tt8726098,Too Late to Die Young,2018,TIFF,,,,,
tt6155172,Roma,2018,TIFF,,,,,
tt5960374,Vox Lux,2018,TIFF,,,,,
tt7282468,Burning,2018,TIFF,,,,,
tt7945440,The Lie,2018,TIFF,,,,,
tt6966692,Green Book,2018,TIFF,,,,,
tt4537896,White Boy Rick,2018,TIFF,,,,,
tt5613484,Mid90s,2018,TIFF,,,,,
tt8247470,Rosie,2018,TIFF,,,,,
tt7008872,Boy Erased,2018,TIFF,,,,,
tt4614612,Peterloo,2018,TIFF,,,,,
tt5460522,JT LeRoy,2018,TIFF,,,,,
tt6297258,Maya,2018,TIFF,,,,,
tt6485928,The Land of Steady Habits,2018,TIFF,,,,,
tt8781414,Freaks,2018,TIFF,,,,,
tt4971344,The Sisters Brothers,2018,TIFF,,,,,
tt8632862,Fahrenheit 11/9,2018,TIFF,,,,,
tt5057140,Hold the Dark,2018,TIFF,,,,,
tt3829266,The Predator,2018,TIFF,,,,,
tt4218572,Widows,2018,TIFF,,,,,
tt7112154,Asako I & II,2018,TIFF,,,,,
tt5501104,Border,2018,TIFF,,,,,
tt2837574,The Old Man & the Gun,2018,TIFF,,,,,
tt1226837,Beautiful Boy,2018,TIFF,,,,,
tt6874254,Out of Blue,2018,TIFF,,,,,
tt7074886,The Front Runner,2018,TIFF,,,,,
tt5855772,Sunset,2018,TIFF,,,,,
tt8267604,Capernaum,2018,TIFF,,,,,
tt7464188,In Fabric,2018,TIFF,,,,,
tt4595882,Can You Ever Forgive Me?,2018,TIFF,,,,,
tt7125860,If Beale Street Could Talk,2018,TIFF,,,,,
tt2368254,A Private War,2018,TIFF,,,,,
tt1502407,Halloween,2018,TIFF,,,,,
tt5580266,The Hate U Give,2018,TIFF,,,,,
tt8286894,Rafiki,2018,TIFF,,,,,
tt8449092,The Fireflies Are Gone,2018,TIFF,,,,,
tt6386748,Birds of Passage,2018,TIFF,,,,,
tt7298400,Ash Is Purest White,2018,TIFF,,,,,
tt7318102,Angelo,2018,TIFF,,,,,
tt7545524,Ben Is Back,2018,TIFF,,,,,
tt7775622,Free Solo,2018,TIFF,,,,,
tt2639336,Greta,2018,TIFF,,,,,
tt7241926,Tell It to the Bees,2018,TIFF,,,,,
tt8228538,Papi Chulo,2018,TIFF,,,,,
tt6043142,Skin,2018,TIFF,,,,,
tt5592796,Driven,2018,TIFF,,,,,
tt7069496,Firecrackers,2018,TIFF,,,,,
tt1235187,Where Hands Touch,2018,TIFF,,,,,
tt6902696,Gloria Bell,2018,TIFF,,,,,
tt5461944,Hotel Mumbai,2018,TIFF,,,,,
tt5311542,Never Look Away,2018,TIFF,,,,,
tt5149490,Gwen,2018,TIFF,,,,,
tt4465572,American Woman,2018,TIFF,,,,,
tt1127881,Farming,2018,TIFF,,,,,
tt7942742,Her Smell,2018,TIFF,,,,,
tt4827558,High Life,2018,TIFF,,,,,
tt6866224,The Hummingbird Project,2018,TIFF,,,,,
tt8811382,Meeting Gorbachev,2018,TIFF,,,,,
tt7615302,Red Joan,2018,TIFF,,,,,
tt7692966,The Third Wife,2018,TIFF,,,,,
tt7645780,The Wedding Guest,2018,TIFF,,,,,
tt8426594,The Wind,2018,TIFF,,,,,
tt8819192,Women Make Film: A New Road Movie Through Cinema,2018,TIFF,,,,,
tt6365796,The Grizzlies,2018,TIFF,,,,,
tt3208026,Black '47,2018,TIFF,,,,,
tt3294746,The Public,2018,TIFF,,,,,
tt8689644,Hearts and Bones,2019,TIFF,,,,,
tt5905336,Stories from the Chestnut Woods,2019,TIFF,,,,,
tt10883740,Africa,2019,TIFF,,,,,
tt10260042,Antigone,2019,TIFF,,,,,
tt9143636,Guest of Honour,2019,TIFF,,,,,
tt10334456,Once Were Brothers,2019,TIFF,,,,,
tt9386648,View title page for Tammy's Always Dying,2019,TIFF,,,,,
tt8461156,View title page for The Last Porno Show,2019,TIFF,,,,,
tt8892632,View title page for Black Conflux,2019,TIFF,,,,,
tt3689484,View title page for Castle in the Ground,2019,TIFF,,,,,
tt5919756,View title page for Disappearance at Clifton Hill,2019,TIFF,,,,,
tt10655608,View title page for David Foster: Off the Record,2019,TIFF,,,,,
tt9057620,View title page for Easy Land,2019,TIFF,,,,,
tt4292432,View title page for Kuessipan,2019,TIFF,,,,,
tt9169036,View title page for White Lie,2019,TIFF,,,,,
tt8230872,View title page for The Body Remembers When the World Broke Open,2019,TIFF,,,,,
tt1657517,View title page for The Song of Names,2019,TIFF,,,,,
tt10874006,"View title page for Anne at 13,000 Ft.",2019,TIFF,,,,,
tt10864040,View title page for There's Something in the Water,2019,TIFF,,,,,
tt10441486,View title page for And the Birds Rained Down,2019,TIFF,,,,,
tt10793310,View title page for Coppers,2019,TIFF,,,,,
tt7969836,View title page for The Twentieth Century,2019,TIFF,,,,,
tt10475900,View title page for Murmur,2019,TIFF,,,,,
tt8359842,View title page for It Must Be Heaven,2019,TIFF,,,,,
tt9109492,View title page for American Woman,2019,TIFF,,,,,
tt10758534,View title page for One Day in the Life of Noah Piugattuk,2019,TIFF,,,,,
tt6489562,View title page for Sweetness in the Belly,2019,TIFF,,,,,
tt8584722,View title page for The Rest of Us,2019,TIFF,,,,,
tt10728282,View title page for This Is Not a Movie,2019,TIFF,,,,,
tt10716712,View title page for Raf,2019,TIFF,,,,,
tt10079636,View title page for This Ink Runs Deep,2019,TIFF,,,,,
tt10963308,View title page for Rebel,2019,TIFF,,,,,
tt7725384,View title page for 1982,2019,TIFF,,,,,
tt4516162,View title page for Martin Eden,2019,TIFF,,,,,
tt10298454,View title page for The Moneychanger,2019,TIFF,,,,,
tt6290584,View title page for My Zoe,2019,TIFF,,,,,
tt7374926,View title page for Proxima,2019,TIFF,,,,,
tt9067182,View title page for Rocks,2019,TIFF,,,,,
tt5363618,View title page for Sound of Metal,2019,TIFF,,,,,
tt9822706,View title page for Wet Season,2019,TIFF,,,,,
tt9451096,View title page for Workforce,2019,TIFF,,,,,
tt10899680,View title page for The Sleepwalkers,2019,TIFF,,,,,
tt10519554,View title page for Delphine,2019,TIFF,,,,,
tt10471716,View title page for I Am in the World as Free and Slender as a Deer on a Plain,2019,TIFF,,,,,
tt8755868,View title page for Please Speak Continuously and Describe Your Experiences as They Come to You,2019,TIFF,,,,,
tt10217024,View title page for Oracle,2019,TIFF,,,,,
tt10418008,View title page for It's Nothing,2019,TIFF,,,,,
tt9675138,View title page for Measure,2019,TIFF,,,,,
tt10519238,View title page for Volcano,2019,TIFF,,,,,
tt10777188,View title page for Now Is the Time,2019,TIFF,,,,,
tt10368274,View title page for I'll End Up in Jail,2019,TIFF,,,,,
tt10329270,View title page for The Depths,2019,TIFF,,,,,
tt10893130,View title page for Hot Flash,2019,TIFF,,,,,
tt11454944,View title page for The Physics of Sorrow,2019,TIFF,,,,,
tt10882960,View title page for 2008,2019,TIFF,,,,,
tt10413396,View title page for No Crying at the Dinner Table,2019,TIFF,,,,,
tt10586744,View title page for Life Support,2019,TIFF,,,,,
tt10367274,View title page for Jarvik,2019,TIFF,,,,,
tt10623508,View title page for All Cats Are Grey in the Dark,2019,TIFF,,,,,
tt5520360,View title page for Half a Man,2019,TIFF,,,,,
tt9842732,View title page for Anna,2019,TIFF,,,,,
tt10219160,View title page for She Runs,2019,TIFF,,,,,
tt10651850,View title page for Nimic,2019,TIFF,,,,,
tt10839386,View title page for Daddio,2019,TIFF,,,,,
tt10219324,View title page for All Inclusive,2019,TIFF,,,,,
tt10765482,View title page for Ani,2019,TIFF,,,,,
tt10431376,View title page for Darling,2019,TIFF,,,,,
tt10151858,View title page for Lucia in Limbo,2019,TIFF,,,,,
tt10687124,View title page for Hello Ahma,2019,TIFF,,,,,
tt10864666,View title page for Route-3,2019,TIFF,,,,,
tt10055160,View title page for Thirsty,2019,TIFF,,,,,
tt10341088,View title page for Are You Hungry?,2019,TIFF,,,,,
tt10224888,View title page for And Then the Bear,2019,TIFF,,,,,
tt9135282,View title page for Reminiscences of the Green Revolution,2019,TIFF,,,,,
tt10325740,View title page for Toomas Beneath the Valley of the Wild Wolves,2019,TIFF,,,,,
tt11341446,View title page for Something to Remember,2019,TIFF,,,,,
tt10304042,View title page for Exam,2019,TIFF,,,,,
tt9482860,View title page for The Raft,2019,TIFF,,,,,
tt10923028,View title page for Barakat,2019,TIFF,,,,,
tt10923060,View title page for Bare Trees in the Mist,2019,TIFF,,,,,
tt10576452,View title page for Sadla,2019,TIFF,,,,,
tt10913328,View title page for A Fool God,2019,TIFF,,,,,
tt10307058,View title page for Why Slugs Have No Legs,2019,TIFF,,,,,
tt10224960,View title page for The Nap,2019,TIFF,,,,,
tt10923134,View title page for Daughter,2019,TIFF,,,,,
tt8081060,View title page for Paperboy,2019,TIFF,,,,,
tt10603466,View title page for A Febre,2019,TIFF,,,,,
tt6463320,View title page for Zana,2019,TIFF,,,,,
tt4193072,View title page for How to Build a Girl,2019,TIFF,,,,,
tt7178226,View title page for The Cave,2019,TIFF,,,,,
tt10773380,View title page for I Am Not Alone,2019,TIFF,,,,,
tt10883124,View title page for Dads,2019,TIFF,,,,,
tt8228288,View title page for The Platform,2019,TIFF,,,,,
tt6803046,View title page for The Vast of Night,2019,TIFF,,,,,
tt7394674,View title page for Blood Quantum,2019,TIFF,,,,,
tt2584384,View title page for Jojo Rabbit,2019,TIFF,,,,,
tt7653254,View title page for Marriage Story,2019,TIFF,,,,,
tt6751668,View title page for Parasite,2019,TIFF,,,,,
tt9581076,"View title page for So Long, My Son",2019,TIFF,,,,,
tt8147262,View title page for Made in Bangladesh,2019,TIFF,,,,,
tt9076466,View title page for Flowers of the Field,2019,TIFF,,,,,
tt5073642,Color Out of Space,2019,TIFF,,,,,
tt9770150,Nomadland,2020,TIFF,,,,,
tt10612922,One Night in Miami...,2020,TIFF,,,,,
tt11735544,Beans,2020,TIFF,,,,,
tt12800946,180 Degree Rule,2020,TIFF,,,,,
tt8891904,Inconvenient Indian,2020,TIFF,,,,,
tt11161474,Pieces of a Woman,2020,TIFF,,,,,
tt11317142,Shiva Baby,2020,TIFF,,,,,
tt11187454,Trickster,2020,TIFF,,,,,
tt8132778,Night of the Kings,2020,TIFF,,,,,
tt9143112,Falling,2020,TIFF,,,,,
tt12786834,No Ordinary Man,2020,TIFF,,,,,
tt12801798,Fauna,2020,TIFF,,,,,
tt12575636,The New Corporation: The Unfortunately Necessary Sequel,2020,TIFF,,,,,
tt12801814,Violation,2020,TIFF,,,,,
tt12779696,Akilla's Escape,2020,TIFF,,,,,
tt11692148,Gaza mon amour,2020,TIFF,,,,,
tt8310474,Bruised,2020,TIFF,,,,,
tt10795574,A Suitable Boy,2020,TIFF,,,,,
tt12575606,"Benjamin, Benny, Ben",2020,TIFF,,,,,
tt12816868,Point and Line to Plane,2020,TIFF,,,,,
tt12330544,Succor,2020,TIFF,,,,,
tt12974790,4 North A,2020,TIFF,,,,,
tt12974802,As Spring Comes (Comme la neige au printemps),2020,TIFF,,,,,
tt12971692,The Archivists,2020,TIFF,,,,,
tt12971578,Aniksha,2020,TIFF,,,,,
tt9561918,Sing Me a Lullaby,2020,TIFF,,,,,
tt12974900,RKLSS,2020,TIFF,,,,,
tt12974812,Black Bodies,2020,TIFF,,,,,
tt12660466,Scars,2020,TIFF,,,,,
tt12974252,Found Me,2020,TIFF,,,,,
tt12974856,Dustin,2020,TIFF,,,,,
tt12744422,History of Civilization,2020,TIFF,,,,,
tt8448860,Stephanie,2020,TIFF,,,,,
tt12723524,In Sudden Darkness,2020,TIFF,,,,,
tt11638406,Mountain Cat,2020,TIFF,,,,,
tt12974890,Pilar,2020,TIFF,,,,,
tt12974868,Das Spiel,2020,TIFF,,,,,
tt12974886,"Navozande, the Musician",2020,TIFF,,,,,
tt12974908,S√´r Bi (Les tissus blancs),2020,TIFF,,,,,
tt12974818,David,2020,TIFF,,,,,
tt12626334,Marlon Brando,2020,TIFF,,,,,
tt9146020,Tie,2020,TIFF,,,,,
tt12974878,Loose Fish,2020,TIFF,,,,,
tt12853610,Our Hearts Beat Like War,2020,TIFF,,,,,
tt12974894,The Price of Cheap Rent,2020,TIFF,,,,,
tt12974850,Drought,2020,TIFF,,,,,
tt11698640,O Black Hole!,2020,TIFF,,,,,
tt8890058,Angelfish,2020,TIFF,,,,,
tt12444572,Beginning,2020,TIFF,,,,,
tt9691136,Shadow in the Cloud,2020,TIFF,,,,,
tt10676042,Downstream to Kinshasa,2020,TIFF,,,,,
tt11423784,The Disciple,2020,TIFF,,,,,
tt12789558,Belfast,2021,TIFF,,,,,
tt10293406,The Power of the Dog,2021,TIFF,,,,,
tt9098872,The Rescue,2021,TIFF,,,,,
tt7178990,Comala,2021,TIFF,,,,,
tt10944760,Titane,2021,TIFF,,,,,
tt9860858,"Costa Brava, Lebanon",2021,TIFF,,,,,
tt13834788,Yuni,2021,TIFF,,,,,
tt10951972,Arthur Rambo,2021,TIFF,,,,,
tt11051898,Drunken Birds,2021,TIFF,,,,,
tt10062338,Earwig,2021,TIFF,,,,,
tt11897340,Huda's Salon,2021,TIFF,,,,,
tt13622884,Good Madam,2021,TIFF,,,,,
tt13656980,Montana Story,2021,TIFF,,,,,
tt15211080,Silent Land,2021,TIFF,,,,,
tt14528962,Trumpets in the Sky,2021,TIFF,,,,,
tt15392132,Nuisance Bear,2021,TIFF,,,,,
tt13833710,The Shaman's Apprentice,2021,TIFF,,,,,
tt15220980,Together,2021,TIFF,,,,,
tt15397748,Boobs,2021,TIFF,,,,,
tt15244314,Dust Bath,2021,TIFF,,,,,
tt15398466,Meneath: The Hidden Island of Ethics,2021,TIFF,,,,,
tt15345668,Bhai,2021,TIFF,,,,,
tt15340244,Defund,2021,TIFF,,,,,
tt15207664,Ousmane,2021,TIFF,,,,,
tt15398686,Zero,2021,TIFF,,,,,
tt14081930,Fanmi,2021,TIFF,,,,,
tt15246156,Little Bird,2021,TIFF,,,,,
tt15011242,The Syed Family Xmas Eve Game Night,2021,TIFF,,,,,
tt15398680,Saturday Night,2021,TIFF,,,,,
tt14865594,Twelve Hours,2021,TIFF,,,,,
tt14717664,Displaced,2021,TIFF,,,,,
tt14135824,Motorcyclist's Happiness Won't Fit Into His Suit,2021,TIFF,,,,,
tt14899008,Soft Animals,2021,TIFF,,,,,
tt14812800,Sycorax,2021,TIFF,,,,,
tt14836958,I Gotta Look Good for the Apocalypse,2021,TIFF,,,,,
tt14894894,Hanging On,2021,TIFF,,,,,
tt14972316,"Love, Dad",2021,TIFF,,,,,
tt15398792,The Future Isn't What It Used To Be,2021,TIFF,,,,,
tt13071528,A Few Miles South,2021,TIFF,,,,,
tt15398110,Masquerade,2021,TIFF,,,,,
tt15398290,I Would Never,2021,TIFF,,,,,
tt15215502,Charlotte,2021,TIFF,,,,,
tt15398848,White Devil,2021,TIFF,,,,,
tt15398742,Some Still Search,2021,TIFF,,,,,
tt11090806,You and Me Before and After,2021,TIFF,,,,,
tt15073242,Beity,2021,TIFF,,,,,
tt13986830,Successful Thawing of Mr. Moro,2021,TIFF,,,,,
tt15239576,Shark,2021,TIFF,,,,,
tt15397592,Astel,2021,TIFF,,,,,
tt11426664,Anatolian Leopard,2021,TIFF,,,,,
tt9568230,Night Raiders,2021,TIFF,,,,,
tt9310606,The Odd-Job Men,2021,TIFF,,,,,
tt9056484,The Other Tom,2021,TIFF,,,,,
tt6170406,Dionne Warwick: Don't Make Me Over,2021,TIFF,,,,,
tt12890988,Scarborough,2021,TIFF,,,,,
tt4440842,The Gravedigger's Wife,2021,TIFF,,,,,
tt14091768,Ste. Anne,2021,TIFF,,,,,
tt14812784,A Night of Knowing Nothing,2021,TIFF,,,,,
tt14225832,Reflection,2021,TIFF,,,,,
tt12490110,Domingo,2021,TIFF,,,,,
tt8147656,Cool Abdoul,2021,TIFF,,,,,
tt13045832,The Eagle's Nest,2021,TIFF,,,,,
tt14208870,The Fabelmans,2022,TIFF,,,,,
tt13669038,Women Talking,2022,TIFF,,,,,
tt11564570,Glass Onion,2022,TIFF,,,,,
tt15144270,Black Ice,2022,TIFF,,,,,
tt21998498,Maya and the Wave,2022,TIFF,,,,,
tt19816018,752 Is Not a Number,2022,TIFF,,,,,
tt21820452,The Grab,2022,TIFF,,,,,
tt17076046,Weird: The Al Yankovic Story,2022,TIFF,,,,,
tt18925334,Pearl,2022,TIFF,,,,,
tt11703244,The Blackening,2022,TIFF,,,,,
tt21651560,V/H/S/99,2022,TIFF,,,,,
tt16226770,Same Old,2022,TIFF,,,,,
tt21047794,Sweet As,2022,TIFF,,,,,
tt13456340,Riceboy Sleeps,2022,TIFF,,,,,
tt12374656,Emily,2022,TIFF,,,,,
tt18990128,The Gravity,2022,TIFF,,,,,
tt10928202,Hawa,2022,TIFF,,,,,
tt21440780,How to Blow Up a Pipeline,2022,TIFF,,,,,
tt13920920,Subtraction,2022,TIFF,,,,,
tt12390508,Thunder,2022,TIFF,,,,,
tt21440560,Viking,2022,TIFF,,,,,
tt21637282,Charcoal,2022,TIFF,,,,,
tt21638044,Tora's Husband,2022,TIFF,,,,,
tt21862252,She Always Wins,2022,TIFF,,,,,
tt21797282,AirHostess-737,2022,TIFF,,,,,
tt21247140,Simo,2022,TIFF,,,,,
tt20240228,The Flying Sailor,2022,TIFF,,,,,
tt17275592,Lay Me by the Shore,2022,TIFF,,,,,
tt21631716,Canary,2022,TIFF,,,,,
tt21424578,√Ä la vie √† l'amor,2022,TIFF,,,,,
tt18231784,No Ghost in the Morgue,2022,TIFF,,,,,
tt16117166,Scaring Women at Night,2022,TIFF,,,,,
tt13142278,Pleasure Garden,2022,TIFF,,,,,
tt21853554,Municipal Relaxation Module,2022,TIFF,,,,,
tt21920446,Snow in September,2022,TIFF,,,,,
tt20112734,Backflip,2022,TIFF,,,,,
tt11542496,O Homem do Lixo,2022,TIFF,,,,,
tt19781688,Ice Merchants,2022,TIFF,,,,,
tt11854700,I'm on Fire,2022,TIFF,,,,,
tt14998762,Gary Screams for You,2022,TIFF,,,,,
tt20215392,Le pupille,2022,TIFF,,,,,
tt19844654,Hai Bian Sheng Qi Yi Zuo Xuan Ya,2022,TIFF,,,,,
tt19396182,The Pass,2022,TIFF,,,,,
tt19781766,Las criaturas que se derriten bajo el sol,2022,TIFF,,,,,
tt21350418,Liturgy of Anti-Tank Obstacles,2022,TIFF,,,,,
tt20223392,Beben,2022,TIFF,,,,,
tt21924626,Todo Incluido,2022,TIFF,,,,,
tt22005940,Rest Stop,2022,TIFF,,,,,
tt21879724,Baba,2022,TIFF,,,,,
tt22005990,Anastasia,2022,TIFF,,,,,
tt22006118,Against Reality,2022,TIFF,,,,,
tt22005922,Nanitic,2022,TIFF,,,,,
tt11575358,A Gaza Weekend,2022,TIFF,,,,,
tt6875952,Carmen,2022,TIFF,,,,,
tt20516932,The Umbrella Men,2022,TIFF,,,,,
tt21413834,Something You Said Last Night,2022,TIFF,,,,,
tt16377714,Leonor Will Never Die,2022,TIFF,,,,,
tt21818816,While We Watched,2022,TIFF,,,,,
tt21688772,To Kill a Tiger,2022,TIFF,,,,,
tt17520962,Without Her,2022,TIFF,,,,,
tt13139228,My Policeman,2022,TIFF,,,,,
tt23561236,American Fiction,2023,TIFF,,,,,
tt14849194,The Holdovers,2023,TIFF,,,,,
tt6587046,The Boy and the Heron,2023,TIFF,,,,,
tt12277540,Mr. Dressup: The Magic of Make-Believe,2023,TIFF,,,,,
tt21806358,Summer Qamp,2023,TIFF,,,,,
tt28448182,Mountain Queen: The Summits of Lhakpa Sherpa,2023,TIFF,,,,,
tt27531514,In the Rearview,2023,TIFF,,,,,
tt28581313,God Is a Woman,2023,TIFF,,,,,
tt7130916,Dicks: The Musical,2023,TIFF,,,,,
tt28259207,Kill,2023,TIFF,,,,,
tt21267296,Hell of a Summer,2023,TIFF,,,,,
tt11678912,Working Class Goes to Hell,2023,TIFF,,,,,
tt28554013,Naga,2023,TIFF,,,,,
tt28534120,Achilles,2023,TIFF,,,,,
tt15495540,Without Air,2023,TIFF,,,,,
tt27715185,Solo,2023,TIFF,,,,,
tt26248528,A Match,2023,TIFF,,,,,
tt26542557,Dear Jassi,2023,TIFF,,,,,
tt21942866,Dream Scenario,2023,TIFF,,,,,
tt28568332,Great Absence,2023,TIFF,,,,,
tt18233134,I Told You So,2023,TIFF,,,,,
tt6632018,The King Tide,2023,TIFF,,,,,
tt28542205,Not a Word,2023,TIFF,,,,,
tt13866710,Sisterhood,2023,TIFF,,,,,
tt21909836,Shame on Dry Land,2023,TIFF,,,,,
tt26006816,Spirit of Ecstasy,2023,TIFF,,,,,
tt21920634,The Rye Horn,2023,TIFF,,,,,
tt28624863,Motherland,2023,TIFF,,,,,
tt28320453,Meteor,2023,TIFF,,,,,
tt27051815,Gaby les collines,2023,TIFF,,,,,
tt26818913,Les Patins,2023,TIFF,,,,,
tt27159536,Bloom,2023,TIFF,,,,,
tt28667868,Redlights,2023,TIFF,,,,,
tt28207603,Aftercare,2023,TIFF,,,,,
tt28285666,Faire un enfant,2023,TIFF,,,,,
tt28670290,Mothers and Monsters,2023,TIFF,,,,,
tt28670305,Express,2023,TIFF,,,,,
tt28670320,Lake Baikal,2023,TIFF,,,,,
tt28670486,Aphasie,2023,TIFF,,,,,
tt28298460,I Used to Live There,2023,TIFF,,,,,
tt27304412,This Is Not About Swimming,2023,TIFF,,,,,
tt28670609,"Xie Xie, Ollie",2023,TIFF,,,,,
tt28670680,6 Minutes Per Kilometer,2023,TIFF,,,,,
tt28670721,Modern Goose,2023,TIFF,,,,,
tt28669515,All the Days of May,2023,TIFF,,,,,
tt27683631,Electra,2023,TIFF,,,,,
tt13021784,27,2023,TIFF,,,,,
tt27770907,La Perra,2023,TIFF,,,,,
tt27658383,Intrusion,2023,TIFF,,,,,
tt24656910,Sh√© (Snake),2023,TIFF,,,,,
tt28365411,Been There,2023,TIFF,,,,,
tt28669414,"Titanic, noskhe monaseb baraye khanevadehaye irani",2023,TIFF,,,,,
tt28670640,The Heart,2023,TIFF,,,,,
tt28669319,This is TMI,2023,TIFF,,,,,
tt28101297,Nun or Never!,2023,TIFF,,,,,
tt28293679,The Passing,2023,TIFF,,,,,
tt28667608,1001 noc,2023,TIFF,,,,,
tt28670268,Alberto and the Beast,2023,TIFF,,,,,
tt27803294,"Mboa Matanda, le tournoi des rois",2023,TIFF,,,,,
tt27689988,Nada de todo esto,2023,TIFF,,,,,
tt28667599,Primetime Mother,2023,TIFF,,,,,
tt28294769,Dammi,2023,TIFF,,,,,
tt28669570,Bird,2023,TIFF,,,,,
tt28670255,Human Resources,2023,TIFF,,,,,
tt23742932,Woaca,2023,TIFF,,,,,
tt28500137,P√°ssaro Mem√≥ria,2023,TIFF,,,,,
tt28670453,Sawo Matang,2023,TIFF,,,,,
tt28326526,"O g√ºn bu g√ºnd√ºr, u√ßuyorum",2023,TIFF,,,,,
tt28670766,Sheephead,2023,TIFF,,,,,
tt23642420,Seagrass,2023,TIFF,,,,,
tt18688552,Kanaval,2023,TIFF,,,,,
tt28639049,We Grown Now,2023,TIFF,,,,,
tt28679280,What We See,2023,TIFF,,,,,
tt26594993,Amelia's Children,2023,TIFF,,,,,
tt12908150,The Life of Chuck,2024,TIFF,,,,,
tt20221436,Emilia P√©rez,2024,TIFF,,,,,
tt28607951,Anora,2024,TIFF,,,,,
tt22023622,To a Land Unknown,2024,TIFF,,,,,
tt18691614,Anywhere Anytime,2024,TIFF,,,,,
tt31350080,April,2024,TIFF,,,,,
tt32890130,Under the Volcano,2024,TIFF,,,,,
tt19783734,U Are the Universe,2024,TIFF,,,,,
tt33312360,The Tragically Hip: No Dress Rehearsal,2024,TIFF,,,,,
tt30321133,Will & Harper,2024,TIFF,,,,,
tt33084872,Your Tomorrow,2024,TIFF,,,,,
tt17044840,Tata,2024,TIFF,,,,,
tt17526714,The Substance,2024,TIFF,,,,,
tt17079606,Dead Talents Society,2024,TIFF,,,,,
tt30505698,Friendship,2024,TIFF,,,,,
tt33035860,Les courageux,2024,TIFF,,,,,
tt33035283,Ink Wash,2024,TIFF,,,,,
tt32424927,Village Keeper,2024,TIFF,,,,,
tt29634258,Shepherds,2024,TIFF,,,,,
tt33292146,Katabasis,2024,TIFF,,,,,
tt14093994,The Last of the Sea Women,2024,TIFF,,,,,
tt22208340,In the Fire of War,2024,TIFF,,,,,
tt32238611,Bound in Heaven,2024,TIFF,,,,,
tt31464877,Saba,2024,TIFF,,,,,
tt33317291,Quota,2024,TIFF,,,,,
tt33087322,Are You Scared to Be Yourself Because You Think That You Might Fail?,2024,TIFF,,,,,
tt33099535,Before They Joined Us,2024,TIFF,,,,,
tt33086973,Fantas,2024,TIFF,,,,,
tt29520774,The Best,2024,TIFF,,,,,
tt32601294,Maybe Elephants,2024,TIFF,,,,,
tt32205767,Perfectly a Strangeness,2024,TIFF,,,,,
tt33015167,Who Loves the Sun,2024,TIFF,,,,,
tt32444952,One Day This Kid,2024,TIFF,,,,,
tt12429712,On a Sunday at Eleven,2024,TIFF,,,,,
tt33317303,The Wolf,2024,TIFF,,,,,
tt32144500,Alazar,2024,TIFF,,,,,
tt33317127,Inkwo for When the Starving Return,2024,TIFF,,,,,
tt33317081,Welima'q,2024,TIFF,,,,,
tt30495767,Julian and the Wind,2024,TIFF,,,,,
tt32480506,Mercenaire,2024,TIFF,,,,,
tt33096238,Solemates,2024,TIFF,,,,,
tt33317061,D√§ck 5B,2024,TIFF,,,,,
tt30751010,Silent Panorama,2024,TIFF,,,,,
tt32205774,Amarela,2024,TIFF,,,,,
tt29869027,A√Øda Non Plus,2024,TIFF,,,,,
tt33091593,The Beguiling,2024,TIFF,,,,,
tt32810843,The Cost of Hugging,2024,TIFF,,,,,
tt32365707,O,2024,TIFF,,,,,
tt32342056,Percebes,2024,TIFF,,,,,
tt32144480,Sauna Day,2024,TIFF,,,,,
tt33131401,Never Have I Ever,2024,TIFF,,,,,
tt32205738,Rrug√´s,2024,TIFF,,,,,
tt32923607,"Wrecked a Bunch of Cars, Had a Good Time",2024,TIFF,,,,,
tt32875105,The Yellow,2024,TIFF,,,,,
tt32897626,1 hijo & 1 padre,2024,TIFF,,,,,
tt32560209,La Voix des Sir√®nes,2024,TIFF,,,,,
tt28632018,Stomach Bug,2024,TIFF,,,,,
tt20519854,The Man Who Could Not Remain Silent,2024,TIFF,,,,,
tt33202250,Vox Humana,2024,TIFF,,,,,
tt33202234,Loser Baby,2024,TIFF,,,,,
tt32989921,Marion,2024,TIFF,,,,,
tt30207757,Potenciais √† Deriva,2024,TIFF,,,,,
tt14778372,Mother Mother,2024,TIFF,,,,,
tt27434692,Brothers of Babylon,2024,TIFF,,,,,
tt31691389,Universal Language,2024,TIFF,,,,,
tt27142003,Polvo ser√°n,2024,TIFF,,,,,
tt29271889,Daughter's Daughter,2024,TIFF,,,,,
tt26676914,Daniela Forever,2024,TIFF,,,,,
tt7972570,Mr. K,2024,TIFF,,,,,
tt27170114,Paying for It,2024,TIFF,,,,,
tt27717667,Pedro P√°ramo,2024,TIFF,,,,,
tt21905244,Triumph,2024,TIFF,,,,,
tt30519830,Winter in Sokcho,2024,TIFF,,,,,
tt33034110,Viktor,2024,TIFF,,,,,
tt30768181,The Wolves Always Come at Night,2024,TIFF,,,,,
tt7264528,You Are Not Alone,2024,TIFF,,,,,
tt14905854,Hamnet,2025,TIFF,,,,,
tt1312221,Frankenstein,2025,TIFF,,,,,
tt14364480,Wake Up Dead Man,2025,TIFF,,,,,
tt33350479,The Road Between Us: The Ultimate Rescue,2025,TIFF,,,,,
tt35003538,EPiC: Elvis Presley in Concert,2025,TIFF,,,,,
tt31726535,"You Had to Be There: How the Toronto Godspell Ignited the Comedy Revolution, Spread Love & Overalls, and Created a Community That Changed the World (in a Canadian Kind of Way)",2025,TIFF,,,,,
tt35522483,Nirvanna the Band the Show the Movie,2025,TIFF,,,,,
tt37287335,Obsession,2025,TIFF,,,,,
tt33311069,The Furious,2025,TIFF,,,,,
tt13597298,Julian,2025,TIFF,,,,,
tt37674996,As We Breathe,2025,TIFF,,,,,
tt35375401,Oce nas,2025,TIFF,,,,,
tt35449355,Wrong Husband,2025,TIFF,,,,,
tt23787976,In a Tamasic World,2025,TIFF,,,,,
tt36390021,In Search of the Sky,2025,TIFF,,,,,
tt36724191,Agapito,2025,TIFF,,,,,
tt37844412,A Soft Touch,2025,TIFF,,,,,
tt36592131,Une Fugue,2025,TIFF,,,,,
tt36956820,The Girl Who Cried Pearls,2025,TIFF,,,,,
tt37844385,More Than Happy,2025,TIFF,,,,,
tt37507660,Once in a Body,2025,TIFF,,,,,
tt37673263,Praying Mantis,2025,TIFF,,,,,
tt37844425,UM,2025,TIFF,,,,,
tt36724193,Fille de l'eau,2025,TIFF,,,,,
tt37505195,Ce Qu'on Laisse Derri√®re,2025,TIFF,,,,,
tt32516461,Ambush,2025,TIFF,,,,,
tt37835851,Bots,2025,TIFF,,,,,
tt37843939,Demons,2025,TIFF,,,,,
tt33307473,Dish Pit,2025,TIFF,,,,,
tt37842648,Healer,2025,TIFF,,,,,
tt37843479,I Fear Blue Skies,2025,TIFF,,,,,
tt37842711,Jazz Infernal,2025,TIFF,,,,,
tt34615501,Karupy,2025,TIFF,,,,,
tt37835848,Marriaginalia,2025,TIFF,,,,,
tt37844416,Klee,2025,TIFF,,,,,
tt37599545,Niimi,2025,TIFF,,,,,
tt37844437,Poster Boy,2025,TIFF,,,,,
tt32740047,Pink Light,2025,TIFF,,,,,
tt37843082,Ram√≥n Who Speaks to Ghosts,2025,TIFF,,,,,
tt36022809,Sea Star,2025,TIFF,,,,,
tt37834734,Year of the Dragon,2025,TIFF,,,,,
tt36671959,Talk Me,2025,TIFF,,,,,
tt37798645,All the Empty Rooms,2025,TIFF,,,,,
tt36724188,Ali,2025,TIFF,,,,,
tt36693324,Arguments in Favor of Love,2025,TIFF,,,,,
tt37843932,Asparagus Bear,2025,TIFF,,,,,
tt36582083,Death of the Fish,2025,TIFF,,,,,
tt37513534,The Contestant,2025,TIFF,,,,,
tt32986823,DISC,2025,TIFF,,,,,
tt31834881,Dust to Dreams,2025,TIFF,,,,,
tt37842647,Divers,2025,TIFF,,,,,
tt37844247,Fiction Contract,2025,TIFF,,,,,
tt35598137,Earworm,2025,TIFF,,,,,
tt36724190,I'm Glad You're Dead Now,2025,TIFF,,,,,
tt34798924,The Non-Actor,2025,TIFF,,,,,
tt37843166,Permanent Guest,2025,TIFF,,,,,
tt37843742,"Not Scared, Just Sad",2025,TIFF,,,,,
tt37844421,Quietness,2025,TIFF,,,,,
tt36590525,Ripe,2025,TIFF,,,,,
tt37502882,Une Fen√™tre Plein Sud,2025,TIFF,,,,,
tt37842632,A Small Fiction of My Mother in Beijing,2025,TIFF,,,,,
tt34365258,Thanks to Meet You!,2025,TIFF,,,,,
tt37844422,The Veil,2025,TIFF,,,,,
tt32126595,Forastera,2025,TIFF,,,,,
tt37816113,There Are No Words,2025,TIFF,,,,,
tt1527793,No Other Choice,2025,TIFF,,,,,
tt27714581,Sentimental Value,2025,TIFF,,,,,
tt26733325,Homebound,2025,TIFF,,,,,
tt32252801,Blue Heron,2025,TIFF,,,,,
tt37661902,To the Victory!,2025,TIFF,,,,,
tt37661864,Between Dreams and Hope,2025,TIFF,,,,,
tt36543744,Bouchra,2025,TIFF,,,,,
tt29283995,Hen,2025,TIFF,,,,,
tt35519445,Nino,2025,TIFF,,,,,
tt32352280,At the Place of Ghosts,2025,TIFF,,,,,
tt32985279,Steve,2025,TIFF,,,,,
tt35746682,The Currents,2025,TIFF,,,,,
tt37661885,The World of Love,2025,TIFF,,,,,
tt30235784,Winter of the Crow,2025,TIFF,,,,,
tt37343128,100 Sunset,2025,TIFF,,,,,
tt8075192,Shoplifters,irst,Cannes,,,,,
tt4964788,Everybody Knows,2018,Cannes,,,,,
tt7555774,At War,2018,Cannes,,,,,
tt6768578,Dogman,2018,Cannes,,,,,
tt5749596,The Image Book,2018,Cannes,,,,,
tt7112154,Asako I & II,2018,Cannes,,,,,
tt7534054,Sorry Angel,2018,Cannes,,,,,
tt6704880,Girls of the Sun,2018,Cannes,,,,,
tt7298400,Ash Is Purest White,2018,Cannes,,,,,
tt8267604,Capernaum,2018,Cannes,,,,,
tt7282468,Burning,2018,Cannes,,,,,
tt7349662,BlacKkKlansman,2018,Cannes,,,,,
tt5691670,Under the Silver Lake,2018,Cannes,,,,,
tt8269552,3 Faces,2018,Cannes,,,,,
tt6543652,Cold War,2018,Cannes,,,,,
tt6752992,Happy as Lazzaro,2018,Cannes,,,,,
tt7342838,Leto,2018,Cannes,,,,,
tt6846432,Yomeddine,2018,Cannes,,,,,
tt6426028,Knife + Heart,2018,Cannes,,,,,
tt8305116,Ayka,2018,Cannes,,,,,
tt6628102,The Wild Pear Tree,2018,Cannes,,,,,
tt8296620,On the Border,2018,Cannes,,,,,
tt8254556,Girl,2018,Cannes,,,,,
tt4920450,Chris the Swiss,2018,Cannes,,,,,
tt5929754,Wildlife,2018,Cannes,,,,,
tt6820256,Arctic,2018,Cannes,,,,,
tt7485508,Carmen & Lola,2018,Cannes,,,,,
tt7888070,Treat Me Like Fire,2018,Cannes,,,,,
tt8274146,One Day,2018,Cannes,,,,,
tt7163824,The Load,2018,Cannes,,,,,
tt8296592,Sofia,2018,Cannes,,,,,
tt6992946,My Favorite Fabric,2018,Cannes,,,,,
tt8307082,Sauvage/Wild,2018,Cannes,,,,,
tt8144850,The Harvesters,2018,Cannes,,,,,
tt7502234,Little Tickles,2018,Cannes,,,,,
tt8459250,Sh√©h√©razade,2018,Cannes,,,,,
tt8517672,El verano del l√©on el√©ctrico,2018,Cannes,,,,,
tt7816592,Palm Trees and Power Lines,2018,Cannes,,,,,
tt8293908,I Am My Own Mother,2018,Cannes,,,,,
tt7945638,Like A Good Kid,2018,Cannes,,,,,
tt8273350,End of Season,2018,Cannes,,,,,
tt8358616,Inanimate,2018,Cannes,,,,,
tt7724020,Los tiempos de H√©ctor,2018,Cannes,,,,,
tt7233846,Dots,2018,Cannes,,,,,
tt6917314,Io sono Tempesta,2018,Cannes,,,,,
tt8376498,Cos√¨ in terra,2018,Cannes,,,,,
tt8547964,Cinco minutos afuera,2018,Cannes,,,,,
tt8517728,Calendar,2018,Cannes,,,,,
tt5501104,Border,2018,Cannes,,,,,
tt8185182,Long Day's Journey Into Night,2018,Cannes,,,,,
tt7779590,Euphoria,2018,Cannes,,,,,
tt8282042,Donbass,2018,Cannes,,,,,
tt7204348,El Angel,2018,Cannes,,,,,
tt7534096,Angel Face,2018,Cannes,,,,,
tt8423962,The Dead and the Others,2018,Cannes,,,,,
tt8269378,The Gentle Indifference of the World,2018,Cannes,,,,,
tt6268812,In My Room,2018,Cannes,,,,,
tt6923462,Manto,2018,Cannes,,,,,
tt8311792,"Murder Me, Monster",2018,Cannes,,,,,
tt8286894,Rafiki,2018,Cannes,,,,,
tt7279188,Woman at War,2018,Cannes,,,,,
tt8435416,Un jour de mariage,2018,Cannes,,,,,
tt8362948,Hector Malot: The Last Day of the Year,2018,Cannes,,,,,
tt8287236,Tiikeri,2018,Cannes,,,,,
tt8316166,"Amor, Avenidas Novas",2018,Cannes,,,,,
tt8234958,Sch√§cher,2018,Cannes,,,,,
tt8512468,Ya normalniy,2018,Cannes,,,,,
tt8435402,La persistente,2018,Cannes,,,,,
tt8140128,Mo-Bum-Shi-Min,2018,Cannes,,,,,
tt8419668,Pauline asservie,2018,Cannes,,,,,
tt7133528,Lucia's Grace,2018,Cannes,,,,,
tt8359848,Climax,2018,Cannes,,,,,
tt8005982,Guns Found Here,2018,Cannes,,,,,
tt7718802,Man of the Hour,2018,Cannes,,,,,
tt8296622,All These Creatures,2018,Cannes,,,,,
tt7352856,Caroline,2018,Cannes,,,,,
tt7233782,Tariki,2018,Cannes,,,,,
tt8296612,Judgement,2018,Cannes,,,,,
tt8296610,Gabriel,2018,Cannes,,,,,
tt8296616,Impossible Figures and Other Stories III,2018,Cannes,,,,,
tt8296618,Duality,2018,Cannes,,,,,
tt8260656,Skip Day,2018,Cannes,,,,,
tt8515188,Our Song to War,2018,Cannes,,,,,
tt8253972,Le sujet,2018,Cannes,,,,,
tt7925798,This Magnificent Cake!,2018,Cannes,,,,,
tt8321590,The Orphan,2018,Cannes,,,,,
tt8395524,The Fight,2018,Cannes,,,,,
tt8515140,Basses,2018,Cannes,,,,,
tt8362894,The Night of the Plastic Bags,2018,Cannes,,,,,
tt8496414,The Song,2018,Cannes,,,,,
tt8159562,"Cassandro, The Exotico!",2018,Cannes,,,,,
tt8299896,Love Blooms,2018,Cannes,,,,,
tt5740866,Whitney,2018,Cannes,,,,,
tt6522668,Diamantino,2019,Cannes,,,,,
tt7142506,Sir,2019,Cannes,,,,,
tt8397524,Samouni Road,2019,Cannes,,,,,
tt6915100,Pope Francis: A Man of His Word,2019,Cannes,,,,,
tt8296608,Dead Souls,2019,Cannes,,,,,
tt3146022,Be Natural: The Untold Story of Alice Guy-Blach√©,2019,Cannes,,,,,
tt7689958,Jane Fonda in Five Acts,2019,Cannes,,,,,
tt8371772,The Eyes of Orson Welles,2019,Cannes,,,,,
tt6210160,Searching for Ingmar Bergman,2019,Cannes,,,,,
tt6109168,Bergman: A Year in a Life,2019,Cannes,,,,,
tt8296606,To the Four Winds,2019,Cannes,,,,,
tt7543794,La travers√©e,2019,Cannes,,,,,
tt8296602,The State Against Mandela and the Others,2019,Cannes,,,,,
tt2967856,Another Day of Life,2019,Cannes,,,,,
tt7534068,The Trouble with You,2019,Cannes,,,,,
tt7628080,The Pluto Moment,2019,Cannes,,,,,
tt7051048,Fugue,2019,Cannes,,,,,
tt7385124,Srbenka,2019,Cannes,,,,,
tt6695212,Wajib,2019,Cannes,,,,,
tt6751668,Parasite,2019,Cannes,,,,,
tt7131622,Once Upon a Time... in Hollywood,2019,Cannes,,,,,
tt8253606,"Mektoub, My Love: Intermezzo",2019,Cannes,,,,,
tt7921248,The Whistlers,2019,Cannes,,,,,
tt8291806,Pain and Glory,2019,Cannes,,,,,
tt8695030,The Dead Don't Die,2019,Cannes,,,,,
tt7736478,The Traitor,2019,Cannes,,,,,
tt9647768,The Wild Goose Lake,2019,Cannes,,,,,
tt8359822,Young Ahmed,2019,Cannes,,,,,
tt8359840,Oh Mercy!,2019,Cannes,,,,,
tt8767908,Matthias & Maxime,2019,Cannes,,,,,
tt9204204,Little Joe,2019,Cannes,,,,,
tt8359816,Sorry We Missed You,2019,Cannes,,,,,
tt5827916,A Hidden Life,2019,Cannes,,,,,
tt2762506,Bacurau,2019,Cannes,,,,,
tt8019694,Frankie,2019,Cannes,,,,,
tt8613070,Portrait of a Lady on Fire,2019,Cannes,,,,,
tt8359842,It Must Be Heaven,2019,Cannes,,,,,
tt9173264,Sibyl,2019,Cannes,,,,,
tt10199590,Les Mis√©rables,2019,Cannes,,,,,
tt10199586,Atlantics,2019,Cannes,,,,,
tt10224954,Monster God,2019,Cannes,,,,,
tt9206516,Our Mothers,2019,Cannes,,,,,
tt7007696,Share,2019,Cannes,,,,,
tt10008784,Bull,2019,Cannes,,,,,
tt8637440,The Climb,2019,Cannes,,,,,
tt10077998,The Unknown Saint,2019,Cannes,,,,,
tt9615278,Abou Leila,2019,Cannes,,,,,
tt10219146,Dwelling in the Fuchun Mountains,2019,Cannes,,,,,
tt9041212,Heroes Don't Die,2019,Cannes,,,,,
tt10155342,A Brother's Love,2019,Cannes,,,,,
tt3856408,Making Waves: The Art of Cinematic Sound,2019,Cannes,,,,,
tt7587282,Port Authority,2019,Cannes,,,,,
tt10222752,"Sick, Sick, Sick",2019,Cannes,,,,,
tt1824932,Song Without a Name,2019,Cannes,,,,,
tt10228204,The Bare Necessity,2019,Cannes,,,,,
tt10199668,Summer of Changsha,2019,Cannes,,,,,
tt10223546,You Deserve a Lover,2019,Cannes,,,,,
tt9806192,I Lost My Body,2019,Cannes,,,,,
tt10219406,Land of Ashes,2019,Cannes,,,,,
tt9431740,Homeward,2019,Cannes,,,,,
tt10244754,Lillian,2019,Cannes,,,,,
tt8302982,Particles,2019,Cannes,,,,,
tt8336716,Mano a mano,2019,Cannes,,,,,
tt8530868,Hieu,2019,Cannes,,,,,
tt10341630,Ambience,2019,Cannes,,,,,
tt10341888,The Little Soul,2019,Cannes,,,,,
tt10288968,Jeremiah,2019,Cannes,,,,,
tt10290566,Pura Vida,2019,Cannes,,,,,
tt10291640,Adam,2019,Cannes,,,,,
tt8692814,Rift,2019,Cannes,,,,,
tt10307380,Solar Plexus,2019,Cannes,,,,,
tt9016106,Rosso: La vera storia falsa del pescatore Clemente,2019,Cannes,,,,,
tt8340038,As Up to Now,2019,Cannes,,,,,
tt10094226,Favourites,2019,Cannes,,,,,
tt9620820,Roadkill,2019,Cannes,,,,,
tt10125414,Bamboe,2019,Cannes,,,,,
tt10291020,Complex Subject,2019,Cannes,,,,,
tt10341642,One Hundred and Twenty-Eight Thousand,2019,Cannes,,,,,
tt10341968,Alien,2019,Cannes,,,,,
tt6390668,Invisible Life,2019,Cannes,,,,,
tt7534102,The Swallows of Kabul,2019,Cannes,,,,,
tt10115562,On a Magical Night,2019,Cannes,,,,,
tt9522080,Papicha,2019,Cannes,,,,,
tt10199640,Beanpole,2019,Cannes,,,,,
tt8212958,Fire Will Come,2019,Cannes,,,,,
tt10199664,Adam,2019,Cannes,,,,,
tt10199670,Libert√©,2019,Cannes,,,,,
tt9404442,Nina Wu,2019,Cannes,,,,,
tt8669356,Joan of Arc,2019,Cannes,,,,,
tt6284064,The Bears' Famous Invasion of Sicily,2019,Cannes,,,,,
tt10287616,Once in Trubchevsk,2019,Cannes,,,,,
tt9253666,No Ill Will,2019,Cannes,,,,,
tt10219498,Party Day,2019,Cannes,,,,,
tt10151858,Lucia in Limbo,2019,Cannes,,,,,
tt10280050,The Last Trip to the Seaside,2019,Cannes,,,,,
tt10390454,The Trap,2019,Cannes,,,,,
tt10300628,The Manila Lover,2019,Cannes,,,,,
tt10415710,Journey Through a Body,2019,Cannes,,,,,
tt10368272,Tuesday from 8 to 6,2019,Cannes,,,,,
tt10415722,Kolektyviniai sodai,2019,Cannes,,,,,
tt10225288,To Live to Sing,2019,Cannes,,,,,
tt8903840,Alice and the Mayor,2019,Cannes,,,,,
tt7984734,The Lighthouse,2019,Cannes,,,,,
tt10214916,The Distance Between Us and the Sky,2019,Cannes,,,,,
tt9842732,Anna,2019,Cannes,,,,,
tt10223044,White Echo,2019,Cannes,,,,,
tt10219324,All Inclusive,2019,Cannes,,,,,
tt10224698,The Van,2019,Cannes,,,,,
tt9381920,Who Talks,2019,Cannes,,,,,
tt10224774,Le grand saut,2019,Cannes,,,,,
tt10224888,And Then the Bear,2019,Cannes,,,,,
tt10224890,Butterflies,2019,Cannes,,,,,
tt10224960,The Nap,2019,Cannes,,,,,
tt10402938,"Stay Awake, Be Ready",2019,Cannes,,,,,
tt10270138,That Which Is to Come Is Just a Promise,2019,Cannes,,,,,
tt10241482,Ghost Pleasure,2019,Cannes,,,,,
tt10300872,Je te tiens,2019,Cannes,,,,,
tt10415670,Grand Bouquet,2019,Cannes,,,,,
tt10384326,The Marvelous Misadventures of the Stone Lady,2019,Cannes,,,,,
tt10384208,Olla,2019,Cannes,,,,,
tt10396328,Piece of Meat,2019,Cannes,,,,,
tt10415676,Movements,2019,Cannes,,,,,
tt2066051,Rocketman,2019,Cannes,,,,,
tt8963708,And Then We Danced,2019,Cannes,,,,,
tt9056192,Zombi Child,2019,Cannes,,,,,
tt10366272,Indianara,2019,Cannes,,,,,
tt9403508,5B,2019,Cannes,,,,,
tt10272534,Lux √Üterna,2019,Cannes,,,,,
tt10228180,Tlamess,2019,Cannes,,,,,
tt8368406,Vivarium,2019,Cannes,,,,,
tt9617456,For Sama,2019,Cannes,,,,,
tt9567718,The Cordillera of Dreams,2019,Cannes,,,,,
tt5433114,Diego Maradona,2019,Cannes,,,,,
tt10208192,Let It Be Law,2019,Cannes,,,,,
tt9114472,Ice on Fire,2019,Cannes,,,,,
tt10299146,Forman vs. Forman,2019,Cannes,,,,,
tt10299138,La passione di Anna Magnani,2019,Cannes,,,,,
tt10299144,Cinecitt√† - I mestieri del cinema Bernardo Bertolucci: No End Travelling,2019,Cannes,,,,,
tt9801736,"A White, White Day",2019,Cannes,,,,,
tt10219160,She Runs,2019,Cannes,,,,,
tt11320234,Agap√©,2020,Cannes,,,,,
tt11232334,Taipei Suicide Story,2020,Cannes,,,,,
tt12241006,Menarca,2020,Cannes,,,,,
tt12594020,I Am Afraid to Forget Your Face,2020,Cannes,,,,,
tt10834312,Camille Contactless,2020,Cannes,,,,,
tt12974818,David,2020,Cannes,,,,,
tt12575606,"Benjamin, Benny, Ben",2020,Cannes,,,,,
tt10346180,Blue Fear,2020,Cannes,,,,,
tt12561066,Motorway 65,2020,Cannes,,,,,
tt12589818,The Lamb of God,2020,Cannes,,,,,
tt11638406,Mountain Cat,2020,Cannes,,,,,
tt12629626,Son of Sodom,2020,Cannes,,,,,
tt10204976,Sudden Light,2020,Cannes,,,,,
tt8448860,Stephanie,2020,Cannes,,,,,
tt10692788,After Love,2020,Cannes,,,,,
tt10944760,Titane,2021,Cannes,,,,,
tt6217926,Annette,2021,Cannes,,,,,
tt8205028,The Story of My Wife,2021,Cannes,,,,,
tt6823148,Benedetta,2021,Cannes,,,,,
tt6910282,Bergman Island,2021,Cannes,,,,,
tt14039582,Drive My Car,2021,Cannes,,,,,
tt2304637,Flag Day,2021,Cannes,,,,,
tt12494638,Ahed's Knee,2021,Cannes,,,,,
tt14773800,Casablanca Beats,2021,Cannes,,,,,
tt10262648,Compartment Number 6,2021,Cannes,,,,,
tt10370710,The Worst Person in the World,2021,Cannes,,,,,
tt13321730,The Divide,2021,Cannes,,,,,
tt11611486,The Restless,2021,Cannes,,,,,
tt12708658,"Paris, 13th District",2021,Cannes,,,,,
tt13846546,Lingui,2021,Cannes,,,,,
tt8399288,Memoria,2021,Cannes,,,,,
tt13694628,Nitram,2021,Cannes,,,,,
tt9714030,France,2021,Cannes,,,,,
tt10380900,Petrov's Flu,2021,Cannes,,,,,
tt13453006,Red Rocket,2021,Cannes,,,,,
tt8847712,The French Dispatch,2021,Cannes,,,,,
tt9110904,Three Floors,2021,Cannes,,,,,
tt12847812,Everything Went Fine,2021,Cannes,,,,,
tt11777738,A Hero,2021,Cannes,,,,,
tt14354724,August Sky,2021,Cannes,,,,,
tt8434110,Murina,2021,Cannes,,,,,
tt11783988,Moneyboys,2021,Cannes,,,,,
tt14775496,Freda,2021,Cannes,,,,,
tt9812474,Lamb,2021,Cannes,,,,,
tt13582752,My Brothers and I,2021,Cannes,,,,,
tt13827606,La civil,2021,Cannes,,,,,
tt14773880,Streetwise,2021,Cannes,,,,,
tt11087960,Playground,2021,Cannes,,,,,
tt14821328,"Mi iubita, mon amour",2021,Cannes,,,,,
tt7661518,The Heroics,2021,Cannes,,,,,
tt8519380,Are You Lonesome Tonight?,2021,Cannes,,,,,
tt14812784,A Night of Knowing Nothing,2021,Cannes,,,,,
tt12637442,Clara Sola,2021,Cannes,,,,,
tt11338144,A Brighter Tomorrow,2021,Cannes,,,,,
tt14812782,Hit the Road,2021,Cannes,,,,,
tt14068864,Magnetic Beats,2021,Cannes,,,,,
tt11379572,The Hill Where Lionesses Roar,2021,Cannes,,,,,
tt14812788,The Sea Ahead,2021,Cannes,,,,,
tt13142240,Ana√Øs in Love,2021,Cannes,,,,,
tt13667548,Robust,2021,Cannes,,,,,
tt13328732,A Radiant Girl,2021,Cannes,,,,,
tt10965850,"Bruno Reidal, Confessions of a Murderer",2021,Cannes,,,,,
tt10589738,Libertad,2021,Cannes,,,,,
tt13830148,The Tale of King Crab,2021,Cannes,,,,,
tt13145186,Olga,2021,Cannes,,,,,
tt13926310,Small Body,2021,Cannes,,,,,
tt9737568,Amparo,2021,Cannes,,,,,
tt14805128,Feathers,2021,Cannes,,,,,
tt4440842,The Gravedigger's Wife,2021,Cannes,,,,,
tt13482806,Zero Fucks Given,2021,Cannes,,,,,
tt11873472,Neptune Frost,2021,Cannes,,,,,
tt15018628,The Salamander Child,2021,Cannes,,,,,
tt15017380,Cicada,2021,Cannes,,,,,
tt14923382,Love Stories on the Move,2021,Cannes,,,,,
tt14963616,Cantareira,2021,Cannes,,,,,
tt13492552,Other Half,2021,Cannes,,,,,
tt14866040,Beasts Among Us,2021,Cannes,,,,,
tt14866014,Billy Boy,2021,Cannes,,,,,
tt14933622,Bill and Joe Go Duck Hunting,2021,Cannes,,,,,
tt14949170,Red Shoes,2021,Cannes,,,,,
tt14949156,The Cat from the Deep Sea,2021,Cannes,,,,,
tt14871520,Saint Android,2021,Cannes,,,,,
tt14972460,King Max,2021,Cannes,,,,,
tt15012818,Night Visit,2021,Cannes,,,,,
tt14953072,Frida,2021,Cannes,,,,,
tt15017360,Free Men,2021,Cannes,,,,,
tt14949978,Fonica M-120,2021,Cannes,,,,,
tt15022992,The Fall of the Swift,2021,Cannes,,,,,
tt14775666,Unclenching the Fists,2021,Cannes,,,,,
tt11121664,Blue Bayou,2021,Cannes,,,,,
tt14323258,Delo,2021,Cannes,,,,,
tt13006574,Good Mother,2021,Cannes,,,,,
tt10366574,Prayers for the Stolen,2021,Cannes,,,,,
tt13649034,Commitment Hasan,2021,Cannes,,,,,
tt8633464,After Yang,2021,Cannes,,,,,
tt14775586,Let It Be Morning,2021,Cannes,,,,,
tt14775748,Rehana,2021,Cannes,,,,,
tt14775784,Great Freedom,2021,Cannes,,,,,
tt4028464,The Innocents,2021,Cannes,,,,,
tt11873754,Women Do Cry,2021,Cannes,,,,,
tt9844938,"Onoda: 10,000 Nights in the Jungle",2021,Cannes,,,,,
tt14266422,Soy libre,2021,Cannes,,,,,
tt14690342,"Brutalia, ergasimes meres",2021,Cannes,,,,,
tt14812814,Lili Alone,2021,Cannes,,,,,
tt14812820,√úber Wasser,2021,Cannes,,,,,
tt14812818,Noir-soleil,2021,Cannes,,,,,
tt14701024,Safe,2021,Cannes,,,,,
tt13582590,Soldat noir,2021,Cannes,,,,,
tt14808928,Intercom 15,2021,Cannes,,,,,
tt14812826,If It Ain't Broke,2021,Cannes,,,,,
tt14754368,An Invitation,2021,Cannes,,,,,
tt14710586,Inherent,2021,Cannes,,,,,
tt14324296,A Chiara,2021,Cannes,,,,,
tt14812810,Train Again,2021,Cannes,,,,,
tt14812822,The Parents' Room,2021,Cannes,,,,,
tt14812812,When Night Meets Dawn,2021,Cannes,,,,,
tt14812792,Anxious Body,2021,Cannes,,,,,
tt14812800,Sycorax,2021,Cannes,,,,,
tt14812796,The Sidereal Space,2021,Cannes,,,,,
tt9464038,The Windshield Wiper,2021,Cannes,,,,,
tt14812804,The Vandal,2021,Cannes,,,,,
tt14812798,Simone Is Gone,2021,Cannes,,,,,
tt14994868,All the Crows in the World,2021,Cannes,,,,,
tt14469014,North Pole,2021,Cannes,,,,,
tt14717664,Displaced,2021,Cannes,,,,,
tt13238686,Through the Haze,2021,Cannes,,,,,
tt14879826,Orthodontics,2021,Cannes,,,,,
tt14639404,The Right Words,2021,Cannes,,,,,
tt14875862,Sideral,2021,Cannes,,,,,
tt14905322,In the Soil,2021,Cannes,,,,,
tt14994890,Absence,2021,Cannes,,,,,
tt14812786,Returning to Reims (Fragments),2021,Cannes,,,,,
tt12322986,Softie,2021,Cannes,,,,,
tt15023040,Venus by Water,2021,Cannes,,,,,
tt15023058,Ghost Song,2021,Cannes,,,,,
tt6992978,The Souvenir: Part II,2021,Cannes,,,,,
tt11173544,JFK Revisited: Through the Looking Glass,2021,Cannes,,,,,
tt11548822,Cow,2021,Cannes,,,,,
tt7230750,The Velvet Underground,2021,Cannes,,,,,
tt9850492,Babi Yar. Context,2021,Cannes,,,,,
tt14081460,Futura,2021,Cannes,,,,,
tt14851374,Jane by Charlotte,2021,Cannes,,,,,
tt12544762,Marx Can Wait,2021,Cannes,,,,,
tt14731254,Val,2021,Cannes,,,,,
tt14775800,Black Notebooks: Ronit,2021,Cannes,,,,,
tt14775484,H6,2021,Cannes,,,,,
tt14773990,The Year of the Everlasting Storm,2021,Cannes,,,,,
tt10370886,The Storms of Jeremy Thomas,2021,Cannes,,,,,
tt12998510,Satoshi Kon: The Illusionist,2021,Cannes,,,,,
tt8122738,Flickering Ghosts of Loves Gone By,2021,Cannes,,,,,
tt14809334,Bu√±uel: A Surrealist Filmmaker,2021,Cannes,,,,,
tt11937680,The Velvet Queen,2021,Cannes,,,,,
tt14927320,Invisible demons: tuhon merkit,2021,Cannes,,,,,
tt14921614,I'm So Sorry,2021,Cannes,,,,,
tt10150684,Bigger Than Us,2021,Cannes,,,,,
tt11348980,Animal,2021,Cannes,,,,,
tt14999458,The Story of Film: A New Generation,2021,Cannes,,,,,
tt14821376,New Worlds: The Cradle of Civilization,2021,Cannes,,,,,
tt14983798,Oscar Micheaux: The Superhero of Black Filmmaking,2021,Cannes,,,,,
tt15001002,Above Water,2021,Cannes,,,,,
tt15000932,All About Yves Montand,2021,Cannes,,,,,
tt9114472,Ice on Fire,2021,Cannes,,,,,
tt11559472,Ali & Ava,2021,Cannes,,,,,
tt10732462,Europa,2021,Cannes,,,,,
tt10088984,Between Two Worlds,2021,Cannes,,,,,
tt13736078,Ripples of Life,2021,Cannes,,,,,
tt14812780,The Employer and the Employee,2021,Cannes,,,,,
tt6920356,The Souvenir,2021,Cannes,,,,,
tt14050808,√éntregalde,2021,Cannes,,,,,
tt14064662,The Braves,2021,Cannes,,,,,
tt13846494,Medusa,2021,Cannes,,,,,
tt14812778,The Tsugua Diaries,2021,Cannes,,,,,
tt9348908,Our Men,2021,Cannes,,,,,
tt15194556,Under the pillow,2021,Cannes,,,,,
tt7322224,Triangle of Sadness,2022,Cannes,,,,,
tt18550140,Holy Spider,2022,Cannes,,,,,
tt14976386,Forever Young,2022,Cannes,,,,,
tt14549466,Crimes of the Future,2022,Cannes,,,,,
tt18317064,Tori and Lokita,2022,Cannes,,,,,
tt10354106,Stars at Noon,2022,Cannes,,,,,
tt14622802,Brother and Sister,2022,Cannes,,,,,
tt9660502,Close,2022,Cannes,,,,,
tt10343028,Armageddon Time,2022,Cannes,,,,,
tt13056052,Broker,2022,Cannes,,,,,
tt14034614,Nostalgia,2022,Cannes,,,,,
tt18550182,R.M.N.,2022,Cannes,,,,,
tt12477480,Decision to Leave,2022,Cannes,,,,,
tt13923216,Showing Up,2022,Cannes,,,,,
tt15452062,Cairo Conspiracy,2022,Cannes,,,,,
tt17538510,Tchaikovsky's Wife,2022,Cannes,,,,,
tt19653180,Leila's Brothers,2022,Cannes,,,,,
tt19652910,EO,2022,Cannes,,,,,
tt14641542,The Eight Mountains,2022,Cannes,,,,,
tt17014214,Mother and Son,2022,Cannes,,,,,
tt13702796,Pacifiction,2022,Cannes,,,,,
tt16227002,War Pony,2022,Cannes,,,,,
tt19719904,Plan 75,2022,Cannes,,,,,
tt19719862,The Worst Ones,2022,Cannes,,,,,
tt14867294,Butterfly Vision,2022,Cannes,,,,,
tt19719976,Joyland,2022,Cannes,,,,,
tt19770238,Aftersun,2022,Cannes,,,,,
tt14981626,Alma Viva,2022,Cannes,,,,,
tt19768016,Love According to Dalva,2022,Cannes,,,,,
tt19768056,The Pack,2022,Cannes,,,,,
tt13925988,The Woodcutter Story,2022,Cannes,,,,,
tt19768694,Nos c√©r√©monies,2022,Cannes,,,,,
tt19768760,Imagine,2022,Cannes,,,,,
tt12121582,When You Finish Saving the World,2022,Cannes,,,,,
tt14913250,Everybody Loves Jeanne,2022,Cannes,,,,,
tt8174412,Funny Pages,2022,Cannes,,,,,
tt16764906,The Vagabonds,2022,Cannes,,,,,
tt19758012,Chile '76,2022,Cannes,,,,,
tt14300504,The Water,2022,Cannes,,,,,
tt11448830,Falcon Lake,2022,Cannes,,,,,
tt9455468,Pamfir,2022,Cannes,,,,,
tt18397006,Al-Sadd,2022,Cannes,,,,,
tt19711858,A Male,2022,Cannes,,,,,
tt18285792,Marcel!,2022,Cannes,,,,,
tt10290244,Little Nicholas - Happy as Can Be,2022,Cannes,,,,,
tt19719940,Rodeo,2022,Cannes,,,,,
tt6931658,Hunt,2022,Cannes,,,,,
tt19815650,Il barbiere complottista,2022,Cannes,,,,,
tt19844794,Di Er,2022,Cannes,,,,,
tt19844752,Les humains sont cons quand ils s'empilent,2022,Cannes,,,,,
tt16262788,Glorious Revolution,2022,Cannes,,,,,
tt19811286,Chlieb n√°s kazdodenn√Ω,2022,Cannes,,,,,
tt16350184,MumLife,2022,Cannes,,,,,
tt19844738,Tout ceci vous reviendra,2022,Cannes,,,,,
tt19396182,The Pass,2022,Cannes,,,,,
tt19844764,Sheherut,2022,Cannes,,,,,
tt19844770,Nauha,2022,Cannes,,,,,
tt19844786,We Are Not There Tomorrow,2022,Cannes,,,,,
tt19844808,Feng Zheng,2022,Cannes,,,,,
tt19844842,Mistida,2022,Cannes,,,,,
tt15434988,100% Fl√•et K√¶rlighed,2022,Cannes,,,,,
tt19814970,Hajsz√°lreped√©s,2022,Cannes,,,,,
tt19512794,Spring Roll Dream,2022,Cannes,,,,,
tt11052678,The Silent Twins,2022,Cannes,,,,,
tt12253164,Metronom,2022,Cannes,,,,,
tt18816518,Sick of Myself,2022,Cannes,,,,,
tt19623228,Godland,2022,Cannes,,,,,
tt11992694,Corsage,2022,Cannes,,,,,
tt11897478,The Stranger,2022,Cannes,,,,,
tt14859416,Burning Days,2022,Cannes,,,,,
tt19719836,Return to Seoul,2022,Cannes,,,,,
tt14275050,More Than Ever,2022,Cannes,,,,,
tt19785426,Mediterranean Fever,2022,Cannes,,,,,
tt17679584,The Blue Caftan,2022,Cannes,,,,,
tt9317274,Harka,2022,Cannes,,,,,
tt19719864,Domingo y la niebla,2022,Cannes,,,,,
tt14860210,Father & Soldier,2022,Cannes,,,,,
tt16909478,The Mountain,2022,Cannes,,,,,
tt19781742,Ston throno tou Xerxi,2022,Cannes,,,,,
tt13482828,One Fine Morning,2022,Cannes,,,,,
tt20223306,Staging Death,2022,Cannes,,,,,
tt19889104,"Maria Schneider, 1983",2022,Cannes,,,,,
tt20223392,Beben,2022,Cannes,,,,,
tt19845700,"Happy New Year, Jim",2022,Cannes,,,,,
tt15713008,Jitterbug,2022,Cannes,,,,,
tt19932882,Aribada,2022,Cannes,,,,,
tt19931202,As Time Passes,2022,Cannes,,,,,
tt20223436,Des jeunes filles enterrent leur vie,2022,Cannes,,,,,
tt20223332,The Spiral,2022,Cannes,,,,,
tt10311018,Brother's Keeper,2022,Cannes,,,,,
tt19844654,Hai Bian Sheng Qi Yi Zuo Xuan Ya,2022,Cannes,,,,,
tt19844612,Tsutsue,2022,Cannes,,,,,
tt19844632,A Short Story,2022,Cannes,,,,,
tt19844646,Lori,2022,Cannes,,,,,
tt18937168,Uogos,2022,Cannes,,,,,
tt16226770,Same Old,2022,Cannes,,,,,
tt19844694,Le feu au lac,2022,Cannes,,,,,
tt19844708,Persona,2022,Cannes,,,,,
tt19844712,Luz Nocturna,2022,Cannes,,,,,
tt13649314,Irma Vep,2022,Cannes,,,,,
tt14831708,Diary of a Fleeting Affair,2022,Cannes,,,,,
tt16310962,Dodo,2022,Cannes,,,,,
tt9883832,Moonage Daydream,2022,Cannes,,,,,
tt19841846,Riposte f√©ministe,2022,Cannes,,,,,
tt13391708,The Five Devils,2022,Cannes,,,,,
tt8923444,Continental Drift (South),2022,Cannes,,,,,
tt11460816,Will-o'-the-Wisp,2022,Cannes,,,,,
tt19781792,Dang wo wang xiang ni de shi hou,2022,Cannes,,,,,
tt19781766,Las criaturas que se derriten bajo el sol,2022,Cannes,,,,,
tt19768940,Swan in the Center,2022,Cannes,,,,,
tt19768100,Hideous,2022,Cannes,,,,,
tt16377862,All That Breathes,2022,Cannes,,,,,
tt11764342,Jerry Lee Lewis: Trouble in Mind,2022,Cannes,,,,,
tt19725896,The Natural History of Destruction,2022,Cannes,,,,,
tt19797494,My Imaginary Country,2022,Cannes,,,,,
tt19758084,The Super 8 Years,2022,Cannes,,,,,
tt19783948,The Fabric of the Human Body,2022,Cannes,,,,,
tt19885538,"G√©rard Philipe, le dernier hiver du Cid",2022,Cannes,,,,,
tt19885590,Hommage d'une fille √† son p√®re,2022,Cannes,,,,,
tt19885474,"Jane Campion, la femme cin√©ma",2022,Cannes,,,,,
tt19885624,Official Film of the Olympic Games Tokyo 2020 Side A,2022,Cannes,,,,,
tt14018794,L'ombre de Goya par Jean-Claude Carri√®re,2022,Cannes,,,,,
tt19885580,"Patrick Dewaere, mon h√©ros",2022,Cannes,,,,,
tt20212630,Salam,2022,Cannes,,,,,
tt19885446,"Romy, femme libre",2022,Cannes,,,,,
tt20221546,Mariupolis 2,2022,Cannes,,,,,
tt20249458,Christophe d√©finitivement,2022,Cannes,,,,,
tt20222582,For the Sake of Peace,2022,Cannes,,,,,
tt20223278,The Potemkinists,2022,Cannes,,,,,
tt15732372,The Green Perfume,2022,Cannes,,,,,
tt19783912,Ashkal: The Tunisian Investigation,2022,Cannes,,,,,
tt10375396,God's Creatures,2022,Cannes,,,,,
tt19785552,Les Harkis,2022,Cannes,,,,,
tt13841850,Men,2022,Cannes,,,,,
tt14212090,Scarlet,2022,Cannes,,,,,
tt15329224,Revoir Paris,2022,Cannes,,,,,
tt11698800,Enys Men,2022,Cannes,,,,,
tt15307126,Under the Fig Trees,2022,Cannes,,,,,
tt19781688,Ice Merchants,2022,Cannes,,,,,
tt19770402,Cuerdas,2022,Cannes,,,,,
tt19769362,Nisam je stigao voljeti,2022,Cannes,,,,,
tt19769204,It's Nice in Here,2022,Cannes,,,,,
tt19769012,Raie Manta,2022,Cannes,,,,,
tt19781694,Canker,2022,Cannes,,,,,
tt10855054,Glimpse,2022,Cannes,,,,,
tt15739722,"Madame Pirate, Becoming a Legend",2022,Cannes,,,,,
tt17009710,Anatomy of a Fall,2023,Cannes,,,,,
tt18235146,Club Zero,2023,Cannes,,,,,
tt7160372,The Zone of Interest,2023,Cannes,,,,,
tt21027780,Fallen Leaves,2023,Cannes,,,,,
tt27502426,Four Daughters,2023,Cannes,,,,,
tt14230388,Asteroid City,2023,Cannes,,,,,
tt23736044,Monster,2023,Cannes,,,,,
tt16731908,A Brighter Tomorrow,2023,Cannes,,,,,
tt14550346,Last Summer,2023,Cannes,,,,,
tt13231544,About Dry Grasses,2023,Cannes,,,,,
tt14561712,La Chimera,2023,Cannes,,,,,
tt19760052,The Taste of Things,2023,Cannes,,,,,
tt14137416,Kidnapped: The Abduction of Edgardo Mortara,2023,Cannes,,,,,
tt13651794,May December,2023,Cannes,,,,,
tt8469104,Youth (Spring),2023,Cannes,,,,,
tt19883634,The Old Oak,2023,Cannes,,,,,
tt26256406,Banel & Adama,2023,Cannes,,,,,
tt27503384,Perfect Days,2023,Cannes,,,,,
tt15000156,Firebrand,2023,Cannes,,,,,
tt22463404,Homecoming,2023,Cannes,,,,,
tt9663896,Asphalt City,2023,Cannes,,,,,
tt27658383,Intrusion,2023,Cannes,,,,,
tt10399622,Inside the Yellow Cocoon Shell,2023,Cannes,,,,,
tt22890246,How to Have Sex,2023,Cannes,,,,,
tt14330672,Goodbye Julia,2023,Cannes,,,,,
tt10370812,The Settlers,2023,Cannes,,,,,
tt21086802,Omen,2023,Cannes,,,,,
tt21605226,If Only I Could Hibernate,2023,Cannes,,,,,
tt27502351,Hopeless,2023,Cannes,,,,,
tt14748950,All to Play For,2023,Cannes,,,,,
tt25750836,Hounds,2023,Cannes,,,,,
tt7575046,Riddle of Fire,2023,Cannes,,,,,
tt27470830,In Flames,2023,Cannes,,,,,
tt27540911,A Song Sung Blue,2023,Cannes,,,,,
tt27722061,The Feeling That the Time for Doing Something Has Passed,2023,Cannes,,,,,
tt27732307,Grace,2023,Cannes,,,,,
tt27502506,The King of Algiers,2023,Cannes,,,,,
tt25406412,Inshallah a Boy,2023,Cannes,,,,,
tt21992864,It's Raining in the House,2023,Cannes,,,,,
tt23790924,Vincent Must Die,2023,Cannes,,,,,
tt27531109,The Rapture,2023,Cannes,,,,,
tt8209702,Sleep,2023,Cannes,,,,,
tt10037498,Power Alley,2023,Cannes,,,,,
tt27604407,Norwegian Offspring,2023,Cannes,,,,,
tt27710613,Hole,2023,Cannes,,,,,
tt27683614,Ayyur,2023,Cannes,,,,,
tt27604269,Killing Boris Johnson,2023,Cannes,,,,,
tt27664265,Uhrmenschen,2023,Cannes,,,,,
tt27448903,A Bright Sunny Day,2023,Cannes,,,,,
tt27624809,The Call of the Brook,2023,Cannes,,,,,
tt27485183,Imogene,2023,Cannes,,,,,
tt27683631,Electra,2023,Cannes,,,,,
tt27683671,Trenc d'alba,2023,Cannes,,,,,
tt27683871,Nehemich,2023,Cannes,,,,,
tt27684790,The Lee Families,2023,Cannes,,,,,
tt27698010,La voix des autres,2023,Cannes,,,,,
tt27698046,Solos,2023,Cannes,,,,,
tt27607430,Osm√Ω den,2023,Cannes,,,,,
tt27710632,Daroone poust,2023,Cannes,,,,,
tt16606592,The Animal Kingdom,2023,Cannes,,,,,
tt18558306,The Delinquents,2023,Cannes,,,,,
tt15307068,The Mother of All Lies,2023,Cannes,,,,,
tt22487338,The Nature of Love,2023,Cannes,,,,,
tt27502245,The Buriti Flower,2023,Cannes,,,,,
tt17052842,The Breaking Ice,2023,Cannes,,,,,
tt26342863,Rosalie,2023,Cannes,,,,,
tt18180926,The New Boy,2023,Cannes,,,,,
tt27502360,Terrestrial Verses,2023,Cannes,,,,,
tt27590147,Only the River Flows,2023,Cannes,,,,,
tt24797140,Salem,2023,Cannes,,,,,
tt27706804,A Prince,2023,Cannes,,,,,
tt27728178,The Red Sea Makes Me Wanna Cry,2023,Cannes,,,,,
tt27756953,"La maison br√ªle, autant se r√©chauffer",2023,Cannes,,,,,
tt27664169,Il compleanno di Enrico,2023,Cannes,,,,,
tt27547624,Talking to the River,2023,Cannes,,,,,
tt27897697,Oyu,2023,Cannes,,,,,
tt27770035,Mast-del,2023,Cannes,,,,,
tt27795342,Margarethe 89,2023,Cannes,,,,,
tt27543446,Lemon Tree,2023,Cannes,,,,,
tt27540821,I Saw the Face of the Devil,2023,Cannes,,,,,
tt27803887,Dans la t√™te un orage,2023,Cannes,,,,,
tt27546190,The Sweet East,2023,Cannes,,,,,
tt27819782,Mambar Pierrette,2023,Cannes,,,,,
tt27752060,L√©gua,2023,Cannes,,,,,
tt16160622,The Goldman Case,2023,Cannes,,,,,
tt15732890,The Book of Solutions,2023,Cannes,,,,,
tt26744610,L'autre Laurens,2023,Cannes,,,,,
tt27541074,In Our Day,2023,Cannes,,,,,
tt27789218,Deserts,2023,Cannes,,,,,
tt21869176,Creatura,2023,Cannes,,,,,
tt16090596,She Is Conann,2023,Cannes,,,,,
tt27737950,Blackbird Blackbird Blackberry,2023,Cannes,,,,,
tt11112532,Agra,2023,Cannes,,,,,
tt27549515,Bol√©ro,2023,Cannes,,,,,
tt27549360,I Promise You Paradise,2023,Cannes,,,,,
tt13021784,27,2023,Cannes,,,,,
tt27611321,As It Was,2023,Cannes,,,,,
tt27612246,Basri & Salma in a Never-Ending Comedy,2023,Cannes,,,,,
tt25436674,Tits,2023,Cannes,,,,,
tt20356046,Aunque es de noche,2023,Cannes,,,,,
tt27648555,Poof,2023,Cannes,,,,,
tt27658326,Wild Summon,2023,Cannes,,,,,
tt27683608,Le sexe de ma m√®re,2023,Cannes,,,,,
tt27689988,Nada de todo esto,2023,Cannes,,,,,
tt27770907,La Perra,2023,Cannes,,,,,
tt14954666,The Idol,2023,Cannes,,,,,
tt16969006,Along Came Love,2023,Cannes,,,,,
tt27502365,Kubi,2023,Cannes,,,,,
tt13055264,Strange Way of Life,2023,Cannes,,,,,
tt27767715,Stranger,2023,Cannes,,,,,
tt9573150,Occupied City,2023,Cannes,,,,,
tt27502250,Anselm,2023,Cannes,,,,,
tt27502265,Man in Black,2023,Cannes,,,,,
tt26714897,Little Girl Blue,2023,Cannes,,,,,
tt27599265,Bread & Roses,2023,Cannes,,,,,
tt27502227,Pictures of Ghosts,2023,Cannes,,,,,
tt27729122,Room 999,2023,Cannes,,,,,
tt27766499,Catching Fire: The Story of Anita Pallenberg,2023,Cannes,,,,,
tt27766523,Viva Varda!,2023,Cannes,,,,,
tt27766587,Nelson Pereira dos Santos - Vida de Cinema,2023,Cannes,,,,,
tt27766616,"La saga Rassam-Berri, le cin√©ma dans les veines",2023,Cannes,,,,,
tt27766646,Godard par Godard,2023,Cannes,,,,,
tt27688036,Liv Ullmann: A Road Less Travelled,2023,Cannes,,,,,
tt10803634,Tiger Stripes,2023,Cannes,,,,,
tt6430442,Lost Country,2023,Cannes,,,,,
tt27549278,Krokodyl,2023,Cannes,,,,,
tt27549437,Via Dolorosa,2023,Cannes,,,,,
tt15908902,The Real Truth about the Fight,2023,Cannes,,,,,
tt27385597,La saison pourpre,2023,Cannes,,,,,
tt27531839,Corpos Cintilantes,2023,Cannes,,,,,
tt18160708,Contadores,2023,Cannes,,,,,
tt27550420,Walking with Her Into the Night,2023,Cannes,,,,,
tt27559217,Arkh√©,2023,Cannes,,,,,
tt26699529,Marguerite's Theorem,2023,Cannes,,,,,
tt28607951,Anora,2024,Cannes,,,,,
tt10128846,Megalopolis,2024,Cannes,,,,,
tt8368368,The Apprentice,2024,Cannes,,,,,
tt28608358,Motel Destino,2024,Cannes,,,,,
tt28277817,Bird,2024,Cannes,,,,,
tt20221436,Emilia P√©rez,2024,Cannes,,,,,
tt20212786,The Shrouds,2024,Cannes,,,,,
tt17526714,The Substance,2024,Cannes,,,,,
tt27180099,Grand Tour,2024,Cannes,,,,,
tt32086069,Marcello Mio,2024,Cannes,,,,,
tt27958252,Caught by the Tides,2024,Cannes,,,,,
tt32086077,All We Imagine as Light,2024,Cannes,,,,,
tt22408160,Kinds of Kindness,2024,Cannes,,,,,
tt27490099,Beating Hearts,2024,Cannes,,,,,
tt28319139,Wild Diamond,2024,Cannes,,,,,
tt29994753,"Oh, Canada",2024,Cannes,,,,,
tt2963262,Limonov: The Ballad of Eddie,2024,Cannes,,,,,
tt23853982,Parthenope,2024,Cannes,,,,,
tt10236164,The Girl with the Needle,2024,Cannes,,,,,
tt10462154,The Most Precious of Cargoes,2024,Cannes,,,,,
tt32178949,The Seed of the Sacred Fig,2024,Cannes,,,,,
tt32186523,Three Kilometres to the End of the World,2024,Cannes,,,,,
tt32205780,Mau por um momento,2024,Cannes,,,,,
tt26745321,Armand,2024,Cannes,,,,,
tt32086032,The Kingdom,2024,Cannes,,,,,
tt27198573,Dog on Trial,2024,Cannes,,,,,
tt32046117,The Village Next to Paradise,2024,Cannes,,,,,
tt29315015,September Says,2024,Cannes,,,,,
tt32119317,Block Pass,2024,Cannes,,,,,
tt32119297,Blue Sun Palace,2024,Cannes,,,,,
tt27804164,Julie Keeps Quiet,2024,Cannes,,,,,
tt32058418,Locust,2024,Cannes,,,,,
tt32119337,Simon of the Mountain,2024,Cannes,,,,,
tt30135174,Ghost Trail,2024,Cannes,,,,,
tt28349668,Queens of Drama,2024,Cannes,,,,,
tt28633405,Gazer,2024,Cannes,,,,,
tt30319516,Good One,2024,Cannes,,,,,
tt11101808,Mongrel,2024,Cannes,,,,,
tt28332337,Eephus,2024,Cannes,,,,,
tt32086034,Holy Cow,2024,Cannes,,,,,
tt9376490,Norah,2024,Cannes,,,,,
tt26656556,Niki,2024,Cannes,,,,,
tt32060445,Sister Midnight,2024,Cannes,,,,,
tt28493138,Sunflowers Were the First Ones to Know...,2024,Cannes,,,,,
tt28520484,To haos pou afise piso tis,2024,Cannes,,,,,
tt32205836,Out the Window Through the Wall,2024,Cannes,,,,,
tt31548153,Bunnyhood,2024,Cannes,,,,,
tt32205793,Banished Love,2024,Cannes,,,,,
tt32195911,Praeis,2024,Cannes,,,,,
tt32205784,Crow Man,2024,Cannes,,,,,
tt32205822,The Deer's Tooth,2024,Cannes,,,,,
tt32205809,Echoes,2024,Cannes,,,,,
tt32196842,Elevaci√≥n,2024,Cannes,,,,,
tt32205828,Forest of Echos,2024,Cannes,,,,,
tt32205816,In spirito,2024,Cannes,,,,,
tt32205848,It's Not Time for Pop,2024,Cannes,,,,,
tt32205813,Terminal,2024,Cannes,,,,,
tt32205843,Three,2024,Cannes,,,,,
tt32205812,Mauvais coton,2024,Cannes,,,,,
tt32205823,Plevel,2024,Cannes,,,,,
tt32205833,Withered Blossoms,2024,Cannes,,,,,
tt28131427,Black Dog,2024,Cannes,,,,,
tt15437986,The Shameless,2024,Cannes,,,,,
tt32086046,Souleymane's Story,2024,Cannes,,,,,
tt29296048,The Damned,2024,Cannes,,,,,
tt32083311,On Becoming a Guinea Fowl,2024,Cannes,,,,,
tt22694908,My Sunshine,2024,Cannes,,,,,
tt30444418,Santosh,2024,Cannes,,,,,
tt32086052,Viet and Nam,2024,Cannes,,,,,
tt4772188,Flow,2024,Cannes,,,,,
tt27476906,When the Light Breaks,2024,Cannes,,,,,
tt32146361,Absent,2024,Cannes,,,,,
tt32128317,The Other Way Around,2024,Cannes,,,,,
tt20519854,The Man Who Could Not Remain Silent,2024,Cannes,,,,,
tt32205749,Across the Waters,2024,Cannes,,,,,
tt32205725,Les belles cicatrices,2024,Cannes,,,,,
tt32205710,Ootid√©,2024,Cannes,,,,,
tt32205738,Rrug√´s,2024,Cannes,,,,,
tt32205767,Perfectly a Strangeness,2024,Cannes,,,,,
tt32205717,Sanki Yoxsan,2024,Cannes,,,,,
tt21070926,Tea,2024,Cannes,,,,,
tt32205704,Volcelest,2024,Cannes,,,,,
tt32205774,Amarela,2024,Cannes,,,,,
tt27721737,The Balconettes,2024,Cannes,,,,,
tt32085997,Misericordia,2024,Cannes,,,,,
tt30426575,"To Live, to Die, to Live Again",2024,Cannes,,,,,
tt32119268,Baby,2024,Cannes,,,,,
tt27907969,Across the Sea,2024,Cannes,,,,,
tt32128915,Eat the Night,2024,Cannes,,,,,
tt25030744,Most People Die on Sundays,2024,Cannes,,,,,
tt31551124,The Belle from Gaza,2024,Cannes,,,,,
tt32146402,Southern Brides,2024,Cannes,,,,,
tt32146277,My Senses Are All I Have to Offer,2024,Cannes,,,,,
tt32144480,Sauna Day,2024,Cannes,,,,,
tt32129489,Immaculata,2024,Cannes,,,,,
tt27760132,Ernest Cole: Lost and Found,2024,Cannes,,,,,
tt20517306,The Brink of Dreams,2024,Cannes,,,,,
tt32085975,Elementary,2024,Cannes,,,,,
tt32186444,Lula,2024,Cannes,,,,,
tt31437303,Nasty,2024,Cannes,,,,,
tt32128962,The Falling Sky,2024,Cannes,,,,,
tt8510508,Elizabeth Taylor: The Lost Tapes,2024,Cannes,,,,,
tt19308034,Jim Henson: Idea Man,2024,Cannes,,,,,
tt32220426,"Jacques Rozier, d'une vague √† l'autre",2024,Cannes,,,,,
tt32220439,Il √©tait une fois Michel Legrand,2024,Cannes,,,,,
tt32220413,Walking in the Movies,2024,Cannes,,,,,
tt32220386,Faye,2024,Cannes,,,,,
tt32186579,An Unfinished Film,2024,Cannes,,,,,
tt30416258,Filmlovers!,2024,Cannes,,,,,
tt32128938,Savanna and the Mountain,2024,Cannes,,,,,
tt32220428,"Fran√ßois Truffaut, le sc√©nario de ma vie",2024,Cannes,,,,,
tt32220367,"Jacques Demy, le rose et le noir",2024,Cannes,,,,,
tt32357083,Olympiques! La France des Jeux,2024,Cannes,,,,,
tt32096614,The Invasion,2024,Cannes,,,,,
tt32408421,Hayao Miyazaki and the Heron,2024,Cannes,,,,,
tt30797042,This Life of Mine,2024,Cannes,,,,,
tt30431204,When the Land Runs Away,2024,Cannes,,,,,
tt32129630,The Moving Garden,2024,Cannes,,,,,
tt32128968,The Hyperboreans,2024,Cannes,,,,,
tt28036831,Ghost Cat Anzu,2024,Cannes,,,,,
tt27907999,East of Noon,2024,Cannes,,,,,
tt32128870,Desert of Namibia,2024,Cannes,,,,,
tt32128666,In His Own Image,2024,Cannes,,,,,
tt22023622,To a Land Unknown,2024,Cannes,,,,,
tt30851085,Visiting Hours,2024,Cannes,,,,,
tt25052668,Christmas Eve in Miller's Point,2024,Cannes,,,,,
tt30824664,Plastic Guns,2024,Cannes,,,,,
tt31691389,Universal Language,2024,Cannes,,,,,
tt32146350,Montsouris Park,2024,Cannes,,,,,
tt32144500,Alazar,2024,Cannes,,,,,
tt32146395,Dancing in the Corner,2024,Cannes,,,,,
tt32146261,A Menina e o Pote,2024,Cannes,,,,,
tt32146375,Radikals,2024,Cannes,,,,,
tt32146344,She Stays,2024,Cannes,,,,,
tt28944835,Colored,2024,Cannes,,,,,
tt32205506,En amour,2024,Cannes,,,,,
tt28506298,Human Violins - Prelude,2024,Cannes,,,,,
tt21391146,Maya: Birth of a Superhero,2024,Cannes,,,,,
tt31105714,The Roaming,2024,Cannes,,,,,
tt32201322,Telos I,2024,Cannes,,,,,
tt30192616,Traversing the Mist,2024,Cannes,,,,,
tt32459280,A Girl Unknown,2024,Cannes,,,,,
tt36491653,It Was Just an Accident,2025,Cannes,,,,,
tt29002950,Resurrection,2025,Cannes,,,,,
tt31176520,Eddington,2025,Cannes,,,,,
tt27714581,Sentimental Value,2025,Cannes,,,,,
tt30840798,The Phoenician Scheme,2025,Cannes,,,,,
tt32909489,Young Mothers,2025,Cannes,,,,,
tt32275943,Alpha,2025,Cannes,,,,,
tt30220107,Renoir,2025,Cannes,,,,,
tt15799524,The History of Sound,2025,Cannes,,,,,
tt28326501,The Little Sister,2025,Cannes,,,,,
tt32298285,SirƒÅt,2025,Cannes,,,,,
tt31688586,Nouvelle Vague,2025,Cannes,,,,,
tt35521200,Two Prosecutors,2025,Cannes,,,,,
tt34768402,Fuori,2025,Cannes,,,,,
tt27847051,The Secret Agent,2025,Cannes,,,,,
tt34794183,Case 137,2025,Cannes,,,,,
tt33455099,The Mastermind,2025,Cannes,,,,,
tt30781967,Eagles of the Republic,2025,Cannes,,,,,
tt28690468,Sound of Falling,2025,Cannes,,,,,
tt32538648,Romer√≠a,2025,Cannes,,,,,
tt9362736,Die My Love,2025,Cannes,,,,,
tt36631507,Woman and Child,2025,Cannes,,,,,
tt36724188,Ali,2025,Cannes,,,,,
tt36580119,The President's Cake,2025,Cannes,,,,,
tt8667404,The Chronology of Water,2025,Cannes,,,,,
tt35453969,Leave One Day,2025,Cannes,,,,,
tt35695538,My Father's Shadow,2025,Cannes,,,,,
tt30268321,Eleanor the Great,2025,Cannes,,,,,
tt35715953,Urchin,2025,Cannes,,,,,
tt27907966,Aisha Can't Fly Away,2025,Cannes,,,,,
tt29271671,Caravan,2025,Cannes,,,,,
tt22237964,The Mysterious Gaze of the Flamingo,2025,Cannes,,,,,
tt32792934,The Plague,2025,Cannes,,,,,
tt32321317,Pillion,2025,Cannes,,,,,
tt29313285,Little Am√©lie or the Character of Rain,2025,Cannes,,,,,
tt33322174,The Wonderers,2025,Cannes,,,,,
tt36643684,Mama,2025,Cannes,,,,,
tt14883538,Arco,2025,Cannes,,,,,
tt22530226,A Useful Ghost,2025,Cannes,,,,,
tt32472708,Sleepless City,2025,Cannes,,,,,
tt36543850,Reedland,2025,Cannes,,,,,
tt35519445,Nino,2025,Cannes,,,,,
tt34762801,Love Letters,2025,Cannes,,,,,
tt31287262,The Girl in the Snow,2025,Cannes,,,,,
tt34000545,Lucky Lu,2025,Cannes,,,,,
tt36164712,The Girls We Want,2025,Cannes,,,,,
tt36579933,Brand New Landscape,2025,Cannes,,,,,
tt33368478,Girl on Edge,2025,Cannes,,,,,
tt32284798,Dandelion's Odyssey,2025,Cannes,,,,,
tt32843349,"Sorry, Baby",2025,Cannes,,,,,
tt36464353,My Mom Jayne,2025,Cannes,,,,,
tt33362861,Wild Foxes,2025,Cannes,,,,,
tt36724208,First Summer,2025,Cannes,,,,,
tt36671448,Sheng Qi Shou,2025,Cannes,,,,,
tt36724215,Jinj√¢b√¥i,2025,Cannes,,,,,
tt36724209,Winter in March,2025,Cannes,,,,,
tt35533392,A doll made up of clay,2025,Cannes,,,,,
tt32395618,M√•ske i marts,2025,Cannes,,,,,
tt36118499,Ether,2025,Cannes,,,,,
tt36724210,My Grandmother Is a Skydiver,2025,Cannes,,,,,
tt32748608,Three,2025,Cannes,,,,,
tt36671959,Talk Me,2025,Cannes,,,,,
tt36985366,Le continent somnambule,2025,Cannes,,,,,
tt36724212,Milk and Cookies,2025,Cannes,,,,,
tt36724206,Bimo,2025,Cannes,,,,,
tt36724203,The Lightning Rod,2025,Cannes,,,,,
tt33772384,Meteors,2025,Cannes,,,,,
tt32398150,The Great Arch,2025,Cannes,,,,,
tt26733325,Homebound,2025,Cannes,,,,,
tt33253688,A Pale View of Hills,2025,Cannes,,,,,
tt34734841,Once Upon a Time in Gaza,2025,Cannes,,,,,
tt33311007,Promised Sky,2025,Cannes,,,,,
tt36491632,The Last One for the Road,2025,Cannes,,,,,
tt32448429,Heads or Tails?,2025,Cannes,,,,,
tt35354686,Love Me Tender,2025,Cannes,,,,,
tt36544524,A Poet,2025,Cannes,,,,,
tt36642485,I Only Rest in the Storm,2025,Cannes,,,,,
tt36996334,Erogenesis,2025,Cannes,,,,,
tt36582058,Bread Will Walk,2025,Cannes,,,,,
tt36724190,I'm Glad You're Dead Now,2025,Cannes,,,,,
tt36671467,N√º h√°i,2025,Cannes,,,,,
tt36693324,Arguments in Favor of Love,2025,Cannes,,,,,
tt36693344,The Loneliness of Lizards,2025,Cannes,,,,,
tt36684296,The Spectacle,2025,Cannes,,,,,
tt36678607,Vultures,2025,Cannes,,,,,
tt36724191,Agapito,2025,Cannes,,,,,
tt36724195,Hypersensitive,2025,Cannes,,,,,
tt36724193,Fille de l'eau,2025,Cannes,,,,,
tt36724196,Dammen,2025,Cannes,,,,,
tt32759477,The Richest Woman in the World,2025,Cannes,,,,,
tt32082522,The Wave,2025,Cannes,,,,,
tt32646557,Enzo,2025,Cannes,,,,,
tt36885668,Drifting Laurent,2025,Cannes,,,,,
tt36553782,Her Will Be Done,2025,Cannes,,,,,
tt36510056,Drunken Noodles,2025,Cannes,,,,,
tt27722618,Left-Handed Girl,2025,Cannes,,,,,
tt33381401,The Love That Remains,2025,Cannes,,,,,
tt36930290,Bleat!,2025,Cannes,,,,,
tt36581993,Before the Sea Forgets,2025,Cannes,,,,,
tt36553675,Imago,2025,Cannes,,,,,
tt34968474,The Six Billion Dollar Man,2025,Cannes,,,,,
tt36599377,La vie apr√®s Siham,2025,Cannes,,,,,
tt27052428,Orwell: 2+2=5,2025,Cannes,,,,,
tt35931046,Bono: Stories of Surrender,2025,Cannes,,,,,
tt36598711,Put Your Soul on Your Hand and Walk,2025,Cannes,,,,,
tt36525145,Nuit obscure - 'Ain't I a Child?',2025,Cannes,,,,,
tt36554869,Militantropos,2025,Cannes,,,,,
tt36414908,Slauson Rec,2025,Cannes,,,,,
tt35892253,Bo Being Bo Widerberg,2025,Cannes,,,,,
tt35504696,"David Lynch, une √©nigme √† Hollywood",2025,Cannes,,,,,
tt36959167,Para Vigo Me Voy!,2025,Cannes,,,,,
tt36965993,I Love Peru,2025,Cannes,,,,,
tt33400055,Kika,2025,Cannes,,,,,
tt28493053,L'Mina,2025,Cannes,,,,,
tt36617489,Alisveris,2025,Cannes,,,,,
tt36844384,Samba Infinito,2025,Cannes,,,,,
tt36987460,Donne batterie,2025,Cannes,,,,,
tt36995876,Critical Condition,2025,Cannes,,,,,
tt36997447,An-Gyeong,2025,Cannes,,,,,
tt37675860,Dieu est timide,2025,Cannes,,,,,
tt38057919,Wonderwall,2025,Cannes,,,,,
tt36750881,From Dust,2025,Cannes,,,,,
tt31500100,Fillos do vento: A Rapa,2025,Cannes,,,,,
tt36750032,Beyond the Vivid Unknown,2025,Cannes,,,,,
tt36751688,The Exploding Girl VR,2025,Cannes,,,,,
tt36751675,La Maison de Poup√©e,2025,Cannes,,,,,
tt36751287,Lacuna,2025,Cannes,,,,,
tt35547096,In the Current of Being,2025,Cannes,,,,,
tt36751351,Taxi,2025,Cannes,,,,,
tt36426513,Lili: Screen Life Thriller,2025,Cannes,,,,,
tt32916648,The Party's Over!,2025,Cannes,,,,,
tt32247943,Miroirs No. 3,2025,Cannes,,,,,
tt32299316,Dangerous Animals,2025,Cannes,,,,,
tt33335204,Peak Everything,2025,Cannes,,,,,
tt36580117,Untamable,2025,Cannes,,,,,
tt35231039,Kokuho,2025,Cannes,,,,,
tt32583148,La mort n'existe pas,2025,Cannes,,,,,
tt36667493,Yes,2025,Cannes,,,,,
tt8029244,Tremors,2018,Clermont-Ferrand,,,,,
tt7003952,A Gentle Night,2018,Clermont-Ferrand,,,,,
tt6800290,Copa-Loca,2018,Clermont-Ferrand,,,,,
tt6966866,Counterfeit Kunkoo,2018,Clermont-Ferrand,,,,,
tt6531506,The Burden,2018,Clermont-Ferrand,,,,,
tt5788108,Fry Day,2018,Clermont-Ferrand,,,,,
tt6279304,Unnatural,2018,Clermont-Ferrand,,,,,
tt7119716,One Small Step,2018,Clermont-Ferrand,,,,,
tt6541974,Dependent,2018,Clermont-Ferrand,,,,,
tt7139480,Matria,2018,Clermont-Ferrand,,,,,
tt6196488,Mixtape Marauders,2018,Clermont-Ferrand,,,,,
tt6855638,Open Your Eyes,2018,Clermont-Ferrand,,,,,
tt6724880,Manivald,2018,Clermont-Ferrand,,,,,
tt7375186,Weekends,2018,Clermont-Ferrand,,,,,
tt7130628,Would You Look at Her,2018,Clermont-Ferrand,,,,,
tt8661460,Jerry,2018,Clermont-Ferrand,,,,,
tt10385466,Neverland,2018,Clermont-Ferrand,,,,,
tt6038442,Vlees van my vlees,2018,Clermont-Ferrand,,,,,
tt8825648,Nine Knots,2018,Clermont-Ferrand,,,,,
tt7786666,Return,2018,Clermont-Ferrand,,,,,
tt6063216,Find Fix Finish,2018,Clermont-Ferrand,,,,,
tt6335544,Wicked Girl,2018,Clermont-Ferrand,,,,,
tt7744200,Fishing,2018,Clermont-Ferrand,,,,,
tt7275126,Gros chagrin,2018,Clermont-Ferrand,,,,,
tt6984768,(Fool Time) Job,2018,Clermont-Ferrand,,,,,
tt7979454,Waterfountain,2018,Clermont-Ferrand,,,,,
tt6960712,Kajaani,2018,Clermont-Ferrand,,,,,
tt7670168,Shadow Animals,2018,Clermont-Ferrand,,,,,
tt8000702,Vihta,2018,Clermont-Ferrand,,,,,
tt6347200,"Hasta Siempre, Comandante",2018,Clermont-Ferrand,,,,,
tt8012170,Beetle Trouble,2018,Clermont-Ferrand,,,,,
tt7741650,Three Years More,2018,Clermont-Ferrand,,,,,
tt7920696,Bonobo,2018,Clermont-Ferrand,,,,,
tt7350536,Two Balloons,2018,Clermont-Ferrand,,,,,
tt7868392,Jag tror jag √§r lite k√§r i dig,2018,Clermont-Ferrand,,,,,
tt7996094,Les vies de Lenny Wilson,2018,Clermont-Ferrand,,,,,
tt7333086,Rebirth Is Necessary,2018,Clermont-Ferrand,,,,,
tt6618074,Even Field,2018,Clermont-Ferrand,,,,,
tt7205300,La nuit je mens,2018,Clermont-Ferrand,,,,,
tt6890944,Birthday Night,2018,Clermont-Ferrand,,,,,
tt7332306,Skin,2018,Clermont-Ferrand,,,,,
tt7526282,Kurban,2018,Clermont-Ferrand,,,,,
tt7431570,Saint Hubert,2018,Clermont-Ferrand,,,,,
tt7907602,The Christmas Gift,2019,Clermont-Ferrand,,,,,
tt8906678,Brotherhood,2019,Clermont-Ferrand,,,,,
tt9104810,Blue,2019,Clermont-Ferrand,,,,,
tt7467476,Fauve,2019,Clermont-Ferrand,,,,,
tt8296616,Impossible Figures and Other Stories III,2019,Clermont-Ferrand,,,,,
tt9162766,Interior,2019,Clermont-Ferrand,,,,,
tt7332306,Skin,2019,Clermont-Ferrand,,,,,
tt8908824,To Plant a Flag,2019,Clermont-Ferrand,,,,,
tt8062224,100 Eur,2019,Clermont-Ferrand,,,,,
tt8169754,16 District 16 Floors 16 People,2019,Clermont-Ferrand,,,,,
tt7610474,A Dream of Spring,2019,Clermont-Ferrand,,,,,
tt8463780,Horizon,2019,Clermont-Ferrand,,,,,
tt9044812,Bermuda,2019,Clermont-Ferrand,,,,,
tt8119856,Cyclists,2019,Clermont-Ferrand,,,,,
tt8414820,Binnu Ka Sapna,2019,Clermont-Ferrand,,,,,
tt8839138,Castle to Castle,2019,Clermont-Ferrand,,,,,
tt8636644,Jackrabbit,2019,Clermont-Ferrand,,,,,
tt8515116,I'm OK,2019,Clermont-Ferrand,,,,,
tt8297694,Manivelle: The Last Days of the Man of Tomorrow,2019,Clermont-Ferrand,,,,,
tt7435124,Miller & Son,2019,Clermont-Ferrand,,,,,
tt8432854,Manila Is Full of Men Named Boy,2019,Clermont-Ferrand,,,,,
tt7974640,Twenty One Points,2019,Clermont-Ferrand,,,,,
tt7379622,Taking the Waters,2019,Clermont-Ferrand,,,,,
tt9452070,Norte√±os,2019,Clermont-Ferrand,,,,,
tt6813264,Detainment,2019,Clermont-Ferrand,,,,,
tt8486966,Haus,2019,Clermont-Ferrand,,,,,
tt9471824,Turning Ten,2019,Clermont-Ferrand,,,,,
tt8735380,The Last Post Office,2019,Clermont-Ferrand,,,,,
tt8340880,Patision Avenue,2019,Clermont-Ferrand,,,,,
tt9440246,Liebe - Oder Erinnerung an Judith R.,2019,Clermont-Ferrand,,,,,
tt9818170,What Do You Know About the Water and the Moon,2019,Clermont-Ferrand,,,,,
tt8478768,Visit,2019,Clermont-Ferrand,,,,,
tt11230422,Fault Line,2019,Clermont-Ferrand,,,,,
tt8433144,Prints,2019,Clermont-Ferrand,,,,,
tt8949460,Last Year When the Train Passed By,2019,Clermont-Ferrand,,,,,
tt8958890,All Inclusive,2019,Clermont-Ferrand,,,,,
tt8233516,La chute,2019,Clermont-Ferrand,,,,,
tt8515188,Our Song to War,2019,Clermont-Ferrand,,,,,
tt8253972,Le sujet,2019,Clermont-Ferrand,,,,,
tt7855990,Solar Walk,2019,Clermont-Ferrand,,,,,
tt8974274,Eve,2019,Clermont-Ferrand,,,,,
tt7374512,Marfa,2019,Clermont-Ferrand,,,,,
tt7378460,Nursery Rhymes,2019,Clermont-Ferrand,,,,,
tt8685478,The Passage,2019,Clermont-Ferrand,,,,,
tt8207518,Stratum,2019,Clermont-Ferrand,,,,,
tt8575410,Love He Said,2019,Clermont-Ferrand,,,,,
tt8957464,Acadiana,2019,Clermont-Ferrand,,,,,
tt9650444,Swatted,2019,Clermont-Ferrand,,,,,
tt9772448,Wild Will,2019,Clermont-Ferrand,,,,,
tt10026994,The Boogeywoman,2019,Clermont-Ferrand,,,,,
tt7925798,This Magnificent Cake!,2019,Clermont-Ferrand,,,,,
tt8200722,Egg,2019,Clermont-Ferrand,,,,,
tt7235398,Como Fernando Pessoa Salvou Portugal,2019,Clermont-Ferrand,,,,,
tt8491744,Guaxuma,2019,Clermont-Ferrand,,,,,
tt7944386,Le mal bleu,2019,Clermont-Ferrand,,,,,
tt8453390,Las Cruces,2019,Clermont-Ferrand,,,,,
tt8627214,Le Mans 1955,2019,Clermont-Ferrand,,,,,
tt9018836,Blue Dog,2019,Clermont-Ferrand,,,,,
tt8822398,I'm Going Out for Cigarettes,2019,Clermont-Ferrand,,,,,
tt8551848,Nefta Football Club,2019,Clermont-Ferrand,,,,,
tt10493878,Winter Sun,2019,Clermont-Ferrand,,,,,
tt10556666,Bavure,2019,Clermont-Ferrand,,,,,
tt6827874,Debris,2019,Clermont-Ferrand,,,,,
tt8490856,Cadavre exquis,2019,Clermont-Ferrand,,,,,
tt7777230,Tracing Addai,2019,Clermont-Ferrand,,,,,
tt9643086,By a Hair,2019,Clermont-Ferrand,,,,,
tt10541328,Kembalilah Dengan Tenang,2019,Clermont-Ferrand,,,,,
tt9563542,Turbine,2019,Clermont-Ferrand,,,,,
tt5776466,Bubbles,2019,Clermont-Ferrand,,,,,
tt7360494,1981,2019,Clermont-Ferrand,,,,,
tt9685946,Are You Listening Mother?,2019,Clermont-Ferrand,,,,,
tt8991292,The Sound of Falling,2019,Clermont-Ferrand,,,,,
tt8610880,Mama,2019,Clermont-Ferrand,,,,,
tt9124436,Dimo's forest,2019,Clermont-Ferrand,,,,,
tt8977292,Harbor,2019,Clermont-Ferrand,,,,,
tt10050968,Good Night,2020,Clermont-Ferrand,,,,,
tt11470380,The Water Will Carry Us,2020,Clermont-Ferrand,,,,,
tt10219160,She Runs,2020,Clermont-Ferrand,,,,,
tt11005650,Tradition,2020,Clermont-Ferrand,,,,,
tt9447628,Goin South,2020,Clermont-Ferrand,,,,,
tt9842776,16 de Decembro,2020,Clermont-Ferrand,,,,,
tt9627270,Un coche cualquiera,2020,Clermont-Ferrand,,,,,
tt10325740,Toomas Beneath the Valley of the Wild Wolves,2020,Clermont-Ferrand,,,,,
tt10272852,Sh_t Happens,2020,Clermont-Ferrand,,,,,
tt10725150,Important Police Shit,2020,Clermont-Ferrand,,,,,
tt10214916,The Distance Between Us and the Sky,2020,Clermont-Ferrand,,,,,
tt10241206,Imbued Life,2020,Clermont-Ferrand,,,,,
tt10538550,405,2020,Clermont-Ferrand,,,,,
tt8992920,Skewwhiff,2020,Clermont-Ferrand,,,,,
tt10864666,Route-3,2020,Clermont-Ferrand,,,,,
tt11621206,Breakwater,2020,Clermont-Ferrand,,,,,
tt8658144,Ricochets,2020,Clermont-Ferrand,,,,,
tt11621112,The White Wall,2020,Clermont-Ferrand,,,,,
tt11454944,The Physics of Sorrow,2020,Clermont-Ferrand,,,,,
tt10402938,"Stay Awake, Be Ready",2020,Clermont-Ferrand,,,,,
tt11474480,The Present,2020,Clermont-Ferrand,,,,,
tt9787546,Frontiera,2020,Clermont-Ferrand,,,,,
tt9379374,Hot Dog,2020,Clermont-Ferrand,,,,,
tt9603830,What Did You Dream?,2020,Clermont-Ferrand,,,,,
tt10300628,The Manila Lover,2020,Clermont-Ferrand,,,,,
tt10290340,Stray Dogs Come Out at Night,2020,Clermont-Ferrand,,,,,
tt8394666,Lefty/Righty,2020,Clermont-Ferrand,,,,,
tt8096092,Oslo,2020,Clermont-Ferrand,,,,,
tt10292962,Fort Irwin,2020,Clermont-Ferrand,,,,,
tt9344894,End-O,2020,Clermont-Ferrand,,,,,
tt8941158,"Adi√≥s, adi√≥s, adi√≥s",2020,Clermont-Ferrand,,,,,
tt10747588,He Can't Live Without Cosmos,2020,Clermont-Ferrand,,,,,
tt11464006,Cayenne,2020,Clermont-Ferrand,,,,,
tt11830928,Ward's Henna Party,2020,Clermont-Ferrand,,,,,
tt12088292,Hydebank,2020,Clermont-Ferrand,,,,,
tt10340768,Sandals,2020,Clermont-Ferrand,,,,,
tt8306338,Darikiken,2020,Clermont-Ferrand,,,,,
tt9319362,The Match,2020,Clermont-Ferrand,,,,,
tt11775910,An Arabian Night,2020,Clermont-Ferrand,,,,,
tt10307058,Why Slugs Have No Legs,2020,Clermont-Ferrand,,,,,
tt11085712,Girl in the Hallway,2020,Clermont-Ferrand,,,,,
tt8752014,Matriochkas,2020,Clermont-Ferrand,,,,,
tt10368274,I'll End Up in Jail,2020,Clermont-Ferrand,,,,,
tt10199970,Deep Love,2020,Clermont-Ferrand,,,,,
tt12623372,The Visit,2020,Clermont-Ferrand,,,,,
tt12374280,Applesauce,2020,Clermont-Ferrand,,,,,
tt11142354,Die Tinte trocknet nicht,2020,Clermont-Ferrand,,,,,
tt12896594,Serial Parallels,2020,Clermont-Ferrand,,,,,
tt9892574,Gusts of Wild Life,2020,Clermont-Ferrand,,,,,
tt10218176,Tomorrow I Will Be Dirt,2020,Clermont-Ferrand,,,,,
tt9857490,Rise,2020,Clermont-Ferrand,,,,,
tt10481922,Average Happiness,2020,Clermont-Ferrand,,,,,
tt10234526,Kids,2020,Clermont-Ferrand,,,,,
tt10341888,The Little Soul,2020,Clermont-Ferrand,,,,,
tt10248754,Acid Rain,2020,Clermont-Ferrand,,,,,
tt9902526,Blue Boy,2020,Clermont-Ferrand,,,,,
tt10047296,Meridian,2020,Clermont-Ferrand,,,,,
tt8150744,How to Breathe in Kern County,2020,Clermont-Ferrand,,,,,
tt9812684,49 Years from the House on the Left,2020,Clermont-Ferrand,,,,,
tt10804136,Mega Sexy Robot Dinosaur,2020,Clermont-Ferrand,,,,,
tt9769192,Blessed Land,2020,Clermont-Ferrand,,,,,
tt10514516,Zombies,2020,Clermont-Ferrand,,,,,
tt11871570,Hell and Such,2020,Clermont-Ferrand,,,,,
tt11447834,Slug Life,2020,Clermont-Ferrand,,,,,
tt12058148,California on Fire,2020,Clermont-Ferrand,,,,,
tt12104182,Swinguerra,2020,Clermont-Ferrand,,,,,
tt9799594,Two Bodies on a Beach,2020,Clermont-Ferrand,,,,,
tt6599276,In Between,2020,Clermont-Ferrand,,,,,
tt12697260,Freeze Frame,2020,Clermont-Ferrand,,,,,
tt10384208,Olla,2020,Clermont-Ferrand,,,,,
tt10499942,Memorable,2020,Clermont-Ferrand,,,,,
tt10127542,Raout Pacha,2020,Clermont-Ferrand,,,,,
tt10619908,"Sheep, Wolf and a Cup of Tea...",2020,Clermont-Ferrand,,,,,
tt10875512,Miss Chazelles,2020,Clermont-Ferrand,,,,,
tt10537332,The Loyal Man,2020,Clermont-Ferrand,,,,,
tt11884670,Genius Loci,2020,Clermont-Ferrand,,,,,
tt11412510,Tender Age,2020,Clermont-Ferrand,,,,,
tt10655732,Oles oi foties i fotia,2020,Clermont-Ferrand,,,,,
tt11108028,Traces,2020,Clermont-Ferrand,,,,,
tt14115826,The Nightwalk,2020,Clermont-Ferrand,,,,,
tt6708942,Togr√∏vere,2020,Clermont-Ferrand,,,,,
tt10774550,Night Upon Kepler 452b,2020,Clermont-Ferrand,,,,,
tt11166650,The Wake,2020,Clermont-Ferrand,,,,,
tt11892472,Summer Fasting,2020,Clermont-Ferrand,,,,,
tt13985710,Sisters,2021,Clermont-Ferrand,,,,,
tt11519498,Fabiu,2021,Clermont-Ferrand,,,,,
tt11018338,Ned & Me,2021,Clermont-Ferrand,,,,,
tt12974818,David,2021,Clermont-Ferrand,,,,,
tt11719610,Jam,2021,Clermont-Ferrand,,,,,
tt12744422,History of Civilization,2021,Clermont-Ferrand,,,,,
tt12754146,The Chicken,2021,Clermont-Ferrand,,,,,
tt11893528,The Bonfire,2021,Clermont-Ferrand,,,,,
tt11661962,Grab Them,2021,Clermont-Ferrand,,,,,
tt12326326,The Mistress of the Copper Mountain,2021,Clermont-Ferrand,,,,,
tt13046450,Heaven Reaches Down to Earth,2021,Clermont-Ferrand,,,,,
tt11744780,Nantong Nights,2021,Clermont-Ferrand,,,,,
tt11337360,Workshop,2021,Clermont-Ferrand,,,,,
tt10268568,Zoe and Hanh,2021,Clermont-Ferrand,,,,,
tt13932342,Princesses,2021,Clermont-Ferrand,,,,,
tt12874858,Angh,2021,Clermont-Ferrand,,,,,
tt13281862,Are You Still There?,2021,Clermont-Ferrand,,,,,
tt13463352,Masel Tov Cocktail,2021,Clermont-Ferrand,,,,,
tt11051338,Night Shift,2021,Clermont-Ferrand,,,,,
tt12362778,Pinpin,2021,Clermont-Ferrand,,,,,
tt11889286,Dummy,2021,Clermont-Ferrand,,,,,
tt12594020,I Am Afraid to Forget Your Face,2021,Clermont-Ferrand,,,,,
tt14151728,Nan fang de mou xie cheng xian fang shi,2021,Clermont-Ferrand,,,,,
tt12899536,Happy Ending,2021,Clermont-Ferrand,,,,,
tt14293560,Affairs of the Art,2021,Clermont-Ferrand,,,,,
tt10538710,White Eye,2021,Clermont-Ferrand,,,,,
tt14552414,Ain't No Time for Women,2021,Clermont-Ferrand,,,,,
tt13729004,The Arithmetic of Survival,2021,Clermont-Ferrand,,,,,
tt12841898,Gramercy,2021,Clermont-Ferrand,,,,,
tt12185772,Homeless Home,2021,Clermont-Ferrand,,,,,
tt13219556,In the Air Tonight,2021,Clermont-Ferrand,,,,,
tt13780862,Hide,2021,Clermont-Ferrand,,,,,
tt13951854,Deep Waters,2021,Clermont-Ferrand,,,,,
tt13332920,Maalbeek,2021,Clermont-Ferrand,,,,,
tt12283160,People on Saturday,2021,Clermont-Ferrand,,,,,
tt12603728,Normal,2021,Clermont-Ferrand,,,,,
tt12804548,The Unseen River,2021,Clermont-Ferrand,,,,,
tt12926090,Push This Button If You Begin to Panic,2021,Clermont-Ferrand,,,,,
tt12143434,Just a Guy,2021,Clermont-Ferrand,,,,,
tt12629626,Son of Sodom,2021,Clermont-Ferrand,,,,,
tt13997282,Santiago 1973-2019,2021,Clermont-Ferrand,,,,,
tt13997420,Orgiastic Hyper-Plastic,2021,Clermont-Ferrand,,,,,
tt13231684,Night Bus,2021,Clermont-Ferrand,,,,,
tt14210930,Mat and Her Mates,2021,Clermont-Ferrand,,,,,
tt13253166,"Souvenir, souvenir",2021,Clermont-Ferrand,,,,,
tt14558656,Listen to the Beat of Our Images,2021,Clermont-Ferrand,,,,,
tt13602908,Which is Witch?,2021,Clermont-Ferrand,,,,,
tt13058114,Choulequec,2021,Clermont-Ferrand,,,,,
tt13706792,On n'est pas des animaux,2021,Clermont-Ferrand,,,,,
tt14528962,Trumpets in the Sky,2021,Clermont-Ferrand,,,,,
tt14342020,Little Portugal,2021,Clermont-Ferrand,,,,,
tt13925062,Hilum,2021,Clermont-Ferrand,,,,,
tt13133068,We Are Not Dead Yet,2021,Clermont-Ferrand,,,,,
tt14115884,Sin-ui Ttal-eun Chum-eul Chun-da,2021,Clermont-Ferrand,,,,,
tt13156256,One and Thousand Nights,2021,Clermont-Ferrand,,,,,
tt13660390,Al-Sit,2021,Clermont-Ferrand,,,,,
tt14115826,The Nightwalk,2021,Clermont-Ferrand,,,,,
tt10876926,Swimmer,2021,Clermont-Ferrand,,,,,
tt11007670,Among the Almond Trees,2021,Clermont-Ferrand,,,,,
tt13618308,Beyond Is the Day,2021,Clermont-Ferrand,,,,,
tt14118550,Squish,2021,Clermont-Ferrand,,,,,
tt13637328,Haikara,2021,Clermont-Ferrand,,,,,
tt13895394,Requiem,2021,Clermont-Ferrand,,,,,
tt13289224,The Cloud Is Still There,2021,Clermont-Ferrand,,,,,
tt11591088,You're Dead H√©l√®ne,2021,Clermont-Ferrand,,,,,
tt8505626,Facing the Beast,2021,Clermont-Ferrand,,,,,
tt13742326,Naughty Spot,2021,Clermont-Ferrand,,,,,
tt10959348,What We Don't Know About Maryam,2021,Clermont-Ferrand,,,,,
tt12544268,The Trees,2021,Clermont-Ferrand,,,,,
tt14200538,Sandier,2021,Clermont-Ferrand,,,,,
tt12348548,Lora,2021,Clermont-Ferrand,,,,,
tt13995890,Under the North Sea,2021,Clermont-Ferrand,,,,,
tt15264448,Mate,2022,Clermont-Ferrand,,,,,
tt16530486,5pm Seaside,2022,Clermont-Ferrand,,,,,
tt15257838,Abisal,2022,Clermont-Ferrand,,,,,
tt14852106,Ali and His Miracle Sheep,2022,Clermont-Ferrand,,,,,
tt14643434,Granny's Sexual Life,2022,Clermont-Ferrand,,,,,
tt14825950,Beast,2022,Clermont-Ferrand,,,,,
tt16732868,Birds,2022,Clermont-Ferrand,,,,,
tt13973416,Night of the Living Dicks,2022,Clermont-Ferrand,,,,,
tt13575264,Night of the Living Dread,2022,Clermont-Ferrand,,,,,
tt15207664,Ousmane,2022,Clermont-Ferrand,,,,,
tt14717664,Displaced,2022,Clermont-Ferrand,,,,,
tt14701024,Safe,2022,Clermont-Ferrand,,,,,
tt15449858,Sestry,2022,Clermont-Ferrand,,,,,
tt16755996,Sierra,2022,Clermont-Ferrand,,,,,
tt11386280,Steakhouse,2022,Clermont-Ferrand,,,,,
tt14608922,Three Songs for Benazir,2022,Clermont-Ferrand,,,,,
tt13607452,Calving,2022,Clermont-Ferrand,,,,,
tt14275406,Ensom Cowgirl,2022,Clermont-Ferrand,,,,,
tt12237226,Farrucas,2022,Clermont-Ferrand,,,,,
tt15125750,It Must,2022,Clermont-Ferrand,,,,,
tt13982920,Flounder,2022,Clermont-Ferrand,,,,,
tt15657076,Los conspiradores,2022,Clermont-Ferrand,,,,,
tt15328210,Au plaisir les ordures!,2022,Clermont-Ferrand,,,,,
tt15745270,CAI - BER,2022,Clermont-Ferrand,,,,,
tt15432004,Cinco estrellas,2022,Clermont-Ferrand,,,,,
tt15452442,Get Ready. Off to the Feast,2022,Clermont-Ferrand,,,,,
tt16392090,The Headhunter's Daughter,2022,Clermont-Ferrand,,,,,
tt11570620,Joy,2022,Clermont-Ferrand,,,,,
tt15561194,What Has Changed,2022,Clermont-Ferrand,,,,,
tt12623314,Mass Ave,2022,Clermont-Ferrand,,,,,
tt14465876,Motvind,2022,Clermont-Ferrand,,,,,
tt12210112,Road to El Kef,2022,Clermont-Ferrand,,,,,
tt15286058,The Place That Is Ours,2022,Clermont-Ferrand,,,,,
tt15118352,Fall of the Ibis King,2022,Clermont-Ferrand,,,,,
tt15560686,Sarira,2022,Clermont-Ferrand,,,,,
tt16538636,Slouch,2022,Clermont-Ferrand,,,,,
tt16981212,Die geheimnisvollen Inseln,2022,Clermont-Ferrand,,,,,
tt17894182,On the Surface,2022,Clermont-Ferrand,,,,,
tt18100886,O Que Resta,2022,Clermont-Ferrand,,,,,
tt14686512,Meet Doug,2022,Clermont-Ferrand,,,,,
tt14972044,Neon Phantom,2022,Clermont-Ferrand,,,,,
tt16263748,Furia,2022,Clermont-Ferrand,,,,,
tt14992836,Arbete √•t alla!,2022,Clermont-Ferrand,,,,,
tt13849534,Happiness is a Journey,2022,Clermont-Ferrand,,,,,
tt14972316,"Love, Dad",2022,Clermont-Ferrand,,,,,
tt13886816,Lemongrass Girl,2022,Clermont-Ferrand,,,,,
tt15318898,Swallow the Universe,2022,Clermont-Ferrand,,,,,
tt15405020,Man or Tree,2022,Clermont-Ferrand,,,,,
tt16914624,Her Violet Kiss,2022,Clermont-Ferrand,,,,,
tt14574068,Saint John the Baptist,2022,Clermont-Ferrand,,,,,
tt15706368,Cucumbers,2022,Clermont-Ferrand,,,,,
tt14905322,In the Soil,2022,Clermont-Ferrand,,,,,
tt14812810,Train Again,2022,Clermont-Ferrand,,,,,
tt14574094,La marche de Paris √† Brest,2022,Clermont-Ferrand,,,,,
tt16527984,Concertina,2022,Clermont-Ferrand,,,,,
tt15501048,Beokis,2022,Clermont-Ferrand,,,,,
tt21144178,Angle mort,2022,Clermont-Ferrand,,,,,
tt15255306,Prosopagnosia,2022,Clermont-Ferrand,,,,,
tt16430828,Belle River,2022,Clermont-Ferrand,,,,,
tt15669398,Le roi David,2022,Clermont-Ferrand,,,,,
tt14528962,Trumpets in the Sky,2022,Clermont-Ferrand,,,,,
tt16290934,Partir un jour,2022,Clermont-Ferrand,,,,,
tt15397592,Astel,2022,Clermont-Ferrand,,,,,
tt12801458,Little Berlin,2022,Clermont-Ferrand,,,,,
tt17066952,Ce n'est rien,2022,Clermont-Ferrand,,,,,
tt14812818,Noir-soleil,2022,Clermont-Ferrand,,,,,
tt14412390,Son Altesse Protocole,2022,Clermont-Ferrand,,,,,
tt14812792,Anxious Body,2022,Clermont-Ferrand,,,,,
tt14875862,Sideral,2022,Clermont-Ferrand,,,,,
tt15274076,Le cormoran,2022,Clermont-Ferrand,,,,,
tt15104520,Constellation,2022,Clermont-Ferrand,,,,,
tt16419812,Warsha,2022,Clermont-Ferrand,,,,,
tt15456404,Grand Paris Express,2022,Clermont-Ferrand,,,,,
tt13882330,Les curiosit√©s du mal,2022,Clermont-Ferrand,,,,,
tt17560734,Trois grains de gros sel,2022,Clermont-Ferrand,,,,,
tt16730466,√Ä coeur perdu,2022,Clermont-Ferrand,,,,,
tt15522854,Lucienne dans un monde sans solitude,2022,Clermont-Ferrand,,,,,
tt15741136,Le point de reprise,2022,Clermont-Ferrand,,,,,
tt16965094,Va dans les bois,2022,Clermont-Ferrand,,,,,
tt17524544,Let the Beast Rise,2022,Clermont-Ferrand,,,,,
tt15766600,Titan,2022,Clermont-Ferrand,,,,,
tt16912042,Au-del√† des murs,2022,Clermont-Ferrand,,,,,
tt14791214,L'inspection,2022,Clermont-Ferrand,,,,,
tt16868098,L√©o la nuit,2022,Clermont-Ferrand,,,,,
tt14186498,La ventri√®re,2022,Clermont-Ferrand,,,,,
tt15684792,"Jeudi, vendredi, samedi",2022,Clermont-Ferrand,,,,,
tt15508388,Les larmes de la Seine,2022,Clermont-Ferrand,,,,,
tt18072894,Cataracte,2022,Clermont-Ferrand,,,,,
tt14194172,The Ticket,2022,Clermont-Ferrand,,,,,
tt15228374,Khadiga,2022,Clermont-Ferrand,,,,,
tt14902386,I Bit My Tongue,2022,Clermont-Ferrand,,,,,
tt14972182,In Flow of Words,2022,Clermont-Ferrand,,,,,
tt15497198,Sentier paradis,2022,Clermont-Ferrand,,,,,
tt19369110,Love in Galilee,2022,Clermont-Ferrand,,,,,
tt17069276,Will My Parents Come to See Me,2023,Clermont-Ferrand,,,,,
tt21373876,Please Hold the Line,2023,Clermont-Ferrand,,,,,
tt17632600,Repair,2023,Clermont-Ferrand,,,,,
tt22093702,Diabel,2023,Clermont-Ferrand,,,,,
tt22326414,Our Males and Females,2023,Clermont-Ferrand,,,,,
tt20194088,Um Caro√ßo de Abacate,2023,Clermont-Ferrand,,,,,
tt21146166,The Age of Innocence,2023,Clermont-Ferrand,,,,,
tt11542496,O Homem do Lixo,2023,Clermont-Ferrand,,,,,
tt17768566,Las visitantes,2023,Clermont-Ferrand,,,,,
tt21797282,AirHostess-737,2023,Clermont-Ferrand,,,,,
tt17663790,My Year of Dicks,2023,Clermont-Ferrand,,,,,
tt18937168,Uogos,2023,Clermont-Ferrand,,,,,
tt19781688,Ice Merchants,2023,Clermont-Ferrand,,,,,
tt21341476,"Daron, Daron Colbert",2023,Clermont-Ferrand,,,,,
tt21258700,Holy Cowboys,2023,Clermont-Ferrand,,,,,
tt11854700,I'm on Fire,2023,Clermont-Ferrand,,,,,
tt21147866,Civic,2023,Clermont-Ferrand,,,,,
tt14524342,Scrap,2023,Clermont-Ferrand,,,,,
tt21365922,Nothing Holier Than a Dolphin,2023,Clermont-Ferrand,,,,,
tt13187594,Strange Beasts,2023,Clermont-Ferrand,,,,,
tt21797498,Mulika,2023,Clermont-Ferrand,,,,,
tt19770402,Cuerdas,2023,Clermont-Ferrand,,,,,
tt26112130,A Lost Astronaut and a City of Footprints,2023,Clermont-Ferrand,,,,,
tt21350418,Liturgy of Anti-Tank Obstacles,2023,Clermont-Ferrand,,,,,
tt15353420,Nurture,2023,Clermont-Ferrand,,,,,
tt21797584,Smoke Gets in Your Eyes,2023,Clermont-Ferrand,,,,,
tt16157724,Der Zufall,2023,Clermont-Ferrand,,,,,
tt21868496,Hills and Mountains,2023,Clermont-Ferrand,,,,,
tt23901960,Klette,2023,Clermont-Ferrand,,,,,
tt21367220,Slow Light,2023,Clermont-Ferrand,,,,,
tt18690324,La Entrega,2023,Clermont-Ferrand,,,,,
tt25385288,Sweet Home,2023,Clermont-Ferrand,,,,,
tt22749100,Invincible,2023,Clermont-Ferrand,,,,,
tt26600054,Knight of Fortune,2023,Clermont-Ferrand,,,,,
tt19844612,Tsutsue,2023,Clermont-Ferrand,,,,,
tt26612054,Donkeyland,2023,Clermont-Ferrand,,,,,
tt21340194,Ainda Restar√£o Rob√¥s Nas Ruas do Interior Profundo,2023,Clermont-Ferrand,,,,,
tt16283104,As Sacrificadas,2023,Clermont-Ferrand,,,,,
tt22469372,Az utca m√°sik v√©ge,2023,Clermont-Ferrand,,,,,
tt19383068,Bergie,2023,Clermont-Ferrand,,,,,
tt25582186,It Takes a Village...,2023,Clermont-Ferrand,,,,,
tt16150914,Buffer Zone,2023,Clermont-Ferrand,,,,,
tt19768100,Hideous,2023,Clermont-Ferrand,,,,,
tt19931202,As Time Passes,2023,Clermont-Ferrand,,,,,
tt20112734,Backflip,2023,Clermont-Ferrand,,,,,
tt17162390,Bird in the Peninsula,2023,Clermont-Ferrand,,,,,
tt19844708,Persona,2023,Clermont-Ferrand,,,,,
tt19844632,A Short Story,2023,Clermont-Ferrand,,,,,
tt20223520,Scale,2023,Clermont-Ferrand,,,,,
tt21632552,Buurman Abdi,2023,Clermont-Ferrand,,,,,
tt21925884,"Paradiso, XXXI, 108",2023,Clermont-Ferrand,,,,,
tt13199958,Amok,2023,Clermont-Ferrand,,,,,
tt18777240,The Debutante,2023,Clermont-Ferrand,,,,,
tt19781792,Dang wo wang xiang ni de shi hou,2023,Clermont-Ferrand,,,,,
tt22986380,Plstc,2023,Clermont-Ferrand,,,,,
tt24670198,Pentola,2023,Clermont-Ferrand,,,,,
tt22078364,45th Parallel,2023,Clermont-Ferrand,,,,,
tt21275806,The Ark,2023,Clermont-Ferrand,,,,,
tt17554366,Majmouan,2023,Clermont-Ferrand,,,,,
tt17068762,El sembrador de estrellas,2023,Clermont-Ferrand,,,,,
tt26691884,La lutte est une fin,2023,Clermont-Ferrand,,,,,
tt21284464,Big Bang,2023,Clermont-Ferrand,,,,,
tt24485020,S√®t Lam,2023,Clermont-Ferrand,,,,,
tt19844694,Le feu au lac,2023,Clermont-Ferrand,,,,,
tt24652070,Aaaah!,2023,Clermont-Ferrand,,,,,
tt21615440,Fairplay,2023,Clermont-Ferrand,,,,,
tt19781766,Las criaturas que se derriten bajo el sol,2023,Clermont-Ferrand,,,,,
tt23134946,Le jour o√π j'√©tais perdu,2023,Clermont-Ferrand,,,,,
tt21406204,Matapang,2023,Clermont-Ferrand,,,,,
tt24519466,Hors-saison,2023,Clermont-Ferrand,,,,,
tt21924626,Todo Incluido,2023,Clermont-Ferrand,,,,,
tt23318936,√âcorch√©e,2023,Clermont-Ferrand,,,,,
tt23786990,Calcutta 8:40AM,2023,Clermont-Ferrand,,,,,
tt23780016,Sardine,2023,Clermont-Ferrand,,,,,
tt20223436,Des jeunes filles enterrent leur vie,2023,Clermont-Ferrand,,,,,
tt23948916,Auxiliaire,2023,Clermont-Ferrand,,,,,
tt21332250,"A King, Gazing at the Sea",2023,Clermont-Ferrand,,,,,
tt22796806,9th Floor to the Right,2023,Clermont-Ferrand,,,,,
tt23018632,Aban,2023,Clermont-Ferrand,,,,,
tt21150034,Lions,2023,Clermont-Ferrand,,,,,
tt22872920,Feux,2023,Clermont-Ferrand,,,,,
tt24165816,Ville √©ternelle,2023,Clermont-Ferrand,,,,,
tt26443455,La bouche en coeur,2023,Clermont-Ferrand,,,,,
tt21228490,Almost a Kiss,2023,Clermont-Ferrand,,,,,
tt26692129,Tondex 2000,2023,Clermont-Ferrand,,,,,
tt28005037,Serp√™hatiy√™n Neqewim√Æ,2023,Clermont-Ferrand,,,,,
tt25964036,Takanakuy,2023,Clermont-Ferrand,,,,,
tt14920850,Daphne,2023,Clermont-Ferrand,,,,,
tt24060738,Reflections,2023,Clermont-Ferrand,,,,,
tt33065427,Port√∏r,2023,Clermont-Ferrand,,,,,
tt27417986,Von der Fl√ºchtigkeit eines Geschmacks,2023,Clermont-Ferrand,,,,,
tt29464182,Chuang Tai Ri Zhi,2023,Clermont-Ferrand,,,,,
tt22694596,Sabbie Mobili,2023,Clermont-Ferrand,,,,,
tt16247282,Bazigaga,2023,Clermont-Ferrand,,,,,
tt26767672,Fantasy in a Concrete Jungle,2023,Clermont-Ferrand,,,,,
tt30146242,The First Film,2023,Clermont-Ferrand,,,,,
tt20249654,An Orange from Jaffa,2024,Clermont-Ferrand,,,,,
tt23836912,Yellow,2024,Clermont-Ferrand,,,,,
tt28026192,Komplikasjoner,2024,Clermont-Ferrand,,,,,
tt30576717,Virundhu/The Feast,2024,Clermont-Ferrand,,,,,
tt28500137,P√°ssaro Mem√≥ria,2024,Clermont-Ferrand,,,,,
tt27201847,A Robust Heart,2024,Clermont-Ferrand,,,,,
tt29669638,The Witness Tree,2024,Clermont-Ferrand,,,,,
tt26420692,The Waiting,2024,Clermont-Ferrand,,,,,
tt27612246,Basri & Salma in a Never-Ending Comedy,2024,Clermont-Ferrand,,,,,
tt29344315,A Crab in the Pool,2024,Clermont-Ferrand,,,,,
tt28532048,Ta peristeria arrostainoun otan i poli flegetai,2024,Clermont-Ferrand,,,,,
tt28688710,Ghost of the Dark Path,2024,Clermont-Ferrand,,,,,
tt28768830,Cross My Heart and Hope to Die,2024,Clermont-Ferrand,,,,,
tt28863526,Moeder,2024,Clermont-Ferrand,,,,,
tt27564777,Mango,2024,Clermont-Ferrand,,,,,
tt29346140,Miisufy,2024,Clermont-Ferrand,,,,,
tt30252620,Matta und Matto,2024,Clermont-Ferrand,,,,,
tt30271375,Saigon Kiss,2024,Clermont-Ferrand,,,,,
tt30647879,The Medallion,2024,Clermont-Ferrand,,,,,
tt28608931,The Talent,2024,Clermont-Ferrand,,,,,
tt28083056,The Miracle,2024,Clermont-Ferrand,,,,,
tt30689854,You're Invited to Tuscan's 5th Birthday Party!,2024,Clermont-Ferrand,,,,,
tt27679511,2720,2024,Clermont-Ferrand,,,,,
tt28768679,Wander to Wonder,2024,Clermont-Ferrand,,,,,
tt27534362,The Last Cowboy in Salford,2024,Clermont-Ferrand,,,,,
tt30767234,Apr√®s-coups,2024,Clermont-Ferrand,,,,,
tt30270203,Et Exempel,2024,Clermont-Ferrand,,,,,
tt30835281,Beautiful Men,2024,Clermont-Ferrand,,,,,
tt17072826,In the Garden of Tulips,2024,Clermont-Ferrand,,,,,
tt30783935,Eksi Bir,2024,Clermont-Ferrand,,,,,
tt26735637,If You're Happy,2024,Clermont-Ferrand,,,,,
tt30949342,Coal,2024,Clermont-Ferrand,,,,,
tt31122637,La Cascada,2024,Clermont-Ferrand,,,,,
tt26907919,Dejar que muera,2024,Clermont-Ferrand,,,,,
tt28144540,Cul-de-sac,2024,Clermont-Ferrand,,,,,
tt27850288,Worlds Burning Amid the Shadows,2024,Clermont-Ferrand,,,,,
tt31215756,Spring 23,2024,Clermont-Ferrand,,,,,
tt14464176,Alien0089,2024,Clermont-Ferrand,,,,,
tt26897473,A Kind of Testament,2024,Clermont-Ferrand,,,,,
tt29626935,Non te vexo,2024,Clermont-Ferrand,,,,,
tt27990245,Incident,2024,Clermont-Ferrand,,,,,
tt28772075,Hito,2024,Clermont-Ferrand,,,,,
tt26546210,Mwanamke Makueni,2024,Clermont-Ferrand,,,,,
tt29520251,Takie cuda sie zdarzaja,2024,Clermont-Ferrand,,,,,
tt27658326,Wild Summon,2024,Clermont-Ferrand,,,,,
tt28662796,Nafura,2024,Clermont-Ferrand,,,,,
tt28662783,Los rayos de una tormenta,2024,Clermont-Ferrand,,,,,
tt30802835,EarthWorm,2024,Clermont-Ferrand,,,,,
tt26696005,World to Roam,2024,Clermont-Ferrand,,,,,
tt31383742,All Gucci My Broski,2024,Clermont-Ferrand,,,,,
tt27540821,I Saw the Face of the Devil,2024,Clermont-Ferrand,,,,,
tt28767046,Et si le soleil plongeait dans l'oc√©an des nues,2024,Clermont-Ferrand,,,,,
tt31229573,Les myst√©rieuses aventures de Claude Conseil,2024,Clermont-Ferrand,,,,,
tt30228234,There Is No Friend's House,2024,Clermont-Ferrand,,,,,
tt13021784,27,2024,Clermont-Ferrand,,,,,
tt27385597,La saison pourpre,2024,Clermont-Ferrand,,,,,
tt30765628,Avec l'humanit√© qui convient,2024,Clermont-Ferrand,,,,,
tt29432470,Queen Size,2024,Clermont-Ferrand,,,,,
tt31159874,Sourd,2024,Clermont-Ferrand,,,,,
tt20421074,Pavane,2024,Clermont-Ferrand,,,,,
tt27803887,Dans la t√™te un orage,2024,Clermont-Ferrand,,,,,
tt27897697,Oyu,2024,Clermont-Ferrand,,,,,
tt28101600,Maurice's Bar,2024,Clermont-Ferrand,,,,,
tt29228973,Father's Letters,2024,Clermont-Ferrand,,,,,
tt29456289,Apr√®s l'aurore,2024,Clermont-Ferrand,,,,,
tt29251666,L'√¢ge acrobatique,2024,Clermont-Ferrand,,,,,
tt31033834,√ât√© 96,2024,Clermont-Ferrand,,,,,
tt27698010,La voix des autres,2024,Clermont-Ferrand,,,,,
tt27770907,La Perra,2024,Clermont-Ferrand,,,,,
tt29511968,L'invuln√©rable,2024,Clermont-Ferrand,,,,,
tt27756953,"La maison br√ªle, autant se r√©chauffer",2024,Clermont-Ferrand,,,,,
tt27795342,Margarethe 89,2024,Clermont-Ferrand,,,,,
tt27960800,Supernova,2024,Clermont-Ferrand,,,,,
tt31383539,Les pissenlits par la racine,2024,Clermont-Ferrand,,,,,
tt28768883,In the Shadow of the Cypress,2024,Clermont-Ferrand,,,,,
tt36133314,Ovejas y Lobos,2024,Clermont-Ferrand,,,,,
tt13380282,Cut Me If You Can,2024,Clermont-Ferrand,,,,,
tt27549360,I Promise You Paradise,2024,Clermont-Ferrand,,,,,
tt32342048,Unspoken,2025,Clermont-Ferrand,,,,,
tt35498439,"Inflatable Bear, Hourly",2025,Clermont-Ferrand,,,,,
tt20519854,The Man Who Could Not Remain Silent,2025,Clermont-Ferrand,,,,,
tt32365707,O,2025,Clermont-Ferrand,,,,,
tt32559910,Hurik√°n,2025,Clermont-Ferrand,,,,,
tt33202250,Vox Humana,2025,Clermont-Ferrand,,,,,
tt33087322,Are You Scared to Be Yourself Because You Think That You Might Fail?,2025,Clermont-Ferrand,,,,,
tt32507984,"Mesopotamia, TX",2025,Clermont-Ferrand,,,,,
tt32342056,Percebes,2025,Clermont-Ferrand,,,,,
tt32898058,Upshot,2025,Clermont-Ferrand,,,,,
tt32480506,Mercenaire,2025,Clermont-Ferrand,,,,,
tt32851976,We Beg to Differ,2025,Clermont-Ferrand,,,,,
tt30970587,Papillon,2025,Clermont-Ferrand,,,,,
tt32144480,Sauna Day,2025,Clermont-Ferrand,,,,,
tt32880184,I Died in Irpin,2025,Clermont-Ferrand,,,,,
tt31852613,A Move,2025,Clermont-Ferrand,,,,,
tt34385102,"Now, Hear Me Good",2025,Clermont-Ferrand,,,,,
tt35533169,Looking for a donkey,2025,Clermont-Ferrand,,,,,
tt34371073,Lees Waxul,2025,Clermont-Ferrand,,,,,
tt35257962,"My Brother, My Brother",2025,Clermont-Ferrand,,,,,
tt32205738,Rrug√´s,2025,Clermont-Ferrand,,,,,
tt33294713,Tayal Forest Club,2025,Clermont-Ferrand,,,,,
tt32146395,Dancing in the Corner,2025,Clermont-Ferrand,,,,,
tt35698912,A Bear Remembers,2025,Clermont-Ferrand,,,,,
tt32843362,Reading You,2025,Clermont-Ferrand,,,,,
tt32230148,Dette er ikke en fest (det er en vinkveld),2025,Clermont-Ferrand,,,,,
tt33775526,De sucre,2025,Clermont-Ferrand,,,,,
tt34376811,Ruth,2025,Clermont-Ferrand,,,,,
tt32593217,Family Man,2025,Clermont-Ferrand,,,,,
tt33320794,Obituary service for you,2025,Clermont-Ferrand,,,,,
tt33295979,Holy Ghost Conversation,2025,Clermont-Ferrand,,,,,
tt36334803,Jacar√©,2025,Clermont-Ferrand,,,,,
tt35698838,Aferrado,2025,Clermont-Ferrand,,,,,
tt32146383,Supersilly,2025,Clermont-Ferrand,,,,,
tt32560209,La Voix des Sir√®nes,2025,Clermont-Ferrand,,,,,
tt33333856,Domingo Familiar,2025,Clermont-Ferrand,,,,,
tt34244844,A Round of Applause for Death,2025,Clermont-Ferrand,,,,,
tt32169993,Infinite Trolling,2025,Clermont-Ferrand,,,,,
tt32656420,The Echoes of Rust,2025,Clermont-Ferrand,,,,,
tt32897521,Progress Mining,2025,Clermont-Ferrand,,,,,
tt32129238,Extremely Short,2025,Clermont-Ferrand,,,,,
tt31548153,Bunnyhood,2025,Clermont-Ferrand,,,,,
tt34770651,Medical Field Guide or Rules of engagement with native e-girls,2025,Clermont-Ferrand,,,,,
tt33015167,Who Loves the Sun,2025,Clermont-Ferrand,,,,,
tt32219860,Sol B√©ni,2025,Clermont-Ferrand,,,,,
tt30888004,Tako Tsubo,2025,Clermont-Ferrand,,,,,
tt33023242,The Eggregores' Theory,2025,Clermont-Ferrand,,,,,
tt33034874,Exit Through the Cuckoo's Nest,2025,Clermont-Ferrand,,,,,
tt32897715,La Fille qui explose,2025,Clermont-Ferrand,,,,,
tt35720261,Ni Dieu ni p√®re,2025,Clermont-Ferrand,,,,,
tt35720291,Wam√®,2025,Clermont-Ferrand,,,,,
tt35720646,Ship of Fools,2025,Clermont-Ferrand,,,,,
tt36192080,Once Upon a Time in Wari Bateshwar,2025,Clermont-Ferrand,,,,,
tt32448561,G√©n√©alogie de la violence,2025,Clermont-Ferrand,,,,,
tt35051462,Como si la tierra se las hubiera tragado,2025,Clermont-Ferrand,,,,,
tt32205749,Across the Waters,2025,Clermont-Ferrand,,,,,
tt32897626,1 hijo & 1 padre,2025,Clermont-Ferrand,,,,,
tt32559944,Plus douce est la nuit,2025,Clermont-Ferrand,,,,,
tt32129489,Immaculata,2025,Clermont-Ferrand,,,,,
tt28356173,Yuck!,2025,Clermont-Ferrand,,,,,
tt32368318,Kaminhu,2025,Clermont-Ferrand,,,,,
tt35329512,Mort d'un acteur,2025,Clermont-Ferrand,,,,,
tt9797932,Big Boys Don't Cry,2025,Clermont-Ferrand,,,,,
tt32897489,Il burattino e la balena,2025,Clermont-Ferrand,,,,,
tt32896761,Soleil gris,2025,Clermont-Ferrand,,,,,
tt22045438,In Pursuit of Repetitive Beats,2025,Clermont-Ferrand,,,,,
tt33365259,Two People Exchanging Saliva,2025,Clermont-Ferrand,,,,,
tt33093966,L'enfant √† la peau blanche,2025,Clermont-Ferrand,,,,,
tt33499480,"Mera, Mera, Mera",2025,Clermont-Ferrand,,,,,
tt33294424,"Hi Mom, It's Me, Lou lou",2025,Clermont-Ferrand,,,,,
tt32205774,Amarela,2025,Clermont-Ferrand,,,,,
tt27775176,Boite √† savon,2025,Clermont-Ferrand,,,,,
tt34954417,Oh Maybe Not Tonight,2025,Clermont-Ferrand,,,,,
tt32755932,I Told You So,2025,Clermont-Ferrand,,,,,
tt35397068,Big Boys Don't Cry,2025,Clermont-Ferrand,,,,,
tt33501536,Resort,2025,Clermont-Ferrand,,,,,
tt4949112,Touch Me Not,2018,Berlin,,,,,
tt6288124,"Don't Worry, He Won't Get Far on Foot",2018,Berlin,,,,,
tt7763020,Dovlatov,2018,Berlin,,,,,
tt6414890,Eva,2018,Berlin,,,,,
tt7765120,Daughter of Mine,2018,Berlin,,,,,
tt6263618,In the Aisles,2018,Berlin,,,,,
tt3552348,My Brother's Name Is Robert and He Is an Idiot,2018,Berlin,,,,,
tt6415416,Mug,2018,Berlin,,,,,
tt6463494,3 Days in Quiberon,2018,Berlin,,,,,
tt5881528,Damsel,2018,Berlin,,,,,
tt7429708,Pig,2018,Berlin,,,,,
tt7839456,The Prayer,2018,Berlin,,,,,
tt6258766,The Real Estate,2018,Berlin,,,,,
tt6675244,Transit,2018,Berlin,,,,,
tt7875464,The Heiresses,2018,Berlin,,,,,
tt7200370,Season of the Devil,2018,Berlin,,,,,
tt4958448,Museo,2018,Berlin,,,,,
tt7959216,Utoya: July 22,2018,Berlin,,,,,
tt5104604,Isle of Dogs,2018,Berlin,,,,,
tt7899264,The Men Behind the Wall,2018,Berlin,,,,,
tt7207286,After/Life,2018,Berlin,,,,,
tt7764424,The Hooligan Soul,2018,Berlin,,,,,
tt7672236,Babylon,2018,Berlin,,,,,
tt7845394,Blau,2018,Berlin,,,,,
tt7846048,Burkina Brandenburg Komplex,2018,Berlin,,,,,
tt7846672,Coyote,2018,Berlin,,,,,
tt7847284,Imperial Valley (Cultivated Run-Off),2018,Berlin,,,,,
tt7849582,Young Girls Vanish,2018,Berlin,,,,,
tt7709708,City of Tales,2018,Berlin,,,,,
tt6214042,Madness,2018,Berlin,,,,,
tt7846224,Russa,2018,Berlin,,,,,
tt7848692,Terremoto Santo,2018,Berlin,,,,,
tt7855990,Solar Walk,2018,Berlin,,,,,
tt7855856,Where the Summer Goes (Chapters on Youth),2018,Berlin,,,,,
tt7855744,Circle,2018,Berlin,,,,,
tt7029772,While I yet Live,2018,Berlin,,,,,
tt8055646,Imfura,2018,Berlin,,,,,
tt7754564,Ex-Shaman,2018,Berlin,,,,,
tt8099236,The Silence of Others,2018,Berlin,,,,,
tt7929276,Partisan: Volksb√ºhne am Rosa-Luxemburg-Platz 1992-2017,2018,Berlin,,,,,
tt7665476,The Trial,2018,Berlin,,,,,
tt7826276,Profile,2018,Berlin,,,,,
tt5942864,Styx,2018,Berlin,,,,,
tt6169920,The Animal,2018,Berlin,,,,,
tt7901268,Fortuna,2018,Berlin,,,,,
tt7424396,Denmark,2018,Berlin,,,,,
tt5451118,303,2018,Berlin,,,,,
tt5258726,Cobain,2018,Berlin,,,,,
tt7690020,Fake Tattoos,2018,Berlin,,,,,
tt6083534,The Pigeon,2018,Berlin,,,,,
tt7769310,Red Cow,2018,Berlin,,,,,
tt7768800,Unicorn,2018,Berlin,,,,,
tt7013830,Virus tropical,2018,Berlin,,,,,
tt7076838,Adam,2018,Berlin,,,,,
tt5225428,Kissing Candice,2018,Berlin,,,,,
tt7761590,Retablo,2018,Berlin,,,,,
tt7839334,What Walaa Wants,2018,Berlin,,,,,
tt7904074,Hendi & Hormoz,2018,Berlin,,,,,
tt7284066,High Fantasy,2018,Berlin,,,,,
tt8037650,Dressage,2018,Berlin,,,,,
tt7800202,Kiem Holijanda,2018,Berlin,,,,,
tt6772698,Fry-Up,2018,Berlin,,,,,
tt7253474,Dressed for Pleasure,2018,Berlin,,,,,
tt7611684,Nuuca,2018,Berlin,,,,,
tt6897334,Pop Rox,2018,Berlin,,,,,
tt7498346,Symphony of a Sad Sea,2018,Berlin,,,,,
tt6855476,Tangles and Knots,2018,Berlin,,,,,
tt7652404,Three Centimetres,2018,Berlin,,,,,
tt7896692,Juck,2018,Berlin,,,,,
tt7896188,Premier amour,2018,Berlin,,,,,
tt8632822,Bless You!,2018,Berlin,,,,,
tt6320684,Cross My Heart,2018,Berlin,,,,,
tt7766144,Cl√©o & Paul,2018,Berlin,,,,,
tt7769716,The Endless Day,2018,Berlin,,,,,
tt5992202,My Giraffe,2018,Berlin,,,,,
tt7328956,Gordon and Paddy,2018,Berlin,,,,,
tt7215548,The Seen and Unseen,2018,Berlin,,,,,
tt7772412,Supa Modo,2018,Berlin,,,,,
tt7006206,The Incredible Story of the Giant Pear,2018,Berlin,,,,,
tt6696124,Los Bando,2018,Berlin,,,,,
tt7876312,Ceres,2018,Berlin,,,,,
tt7886598,"Cirkeline, Coco og det vilde n√¶sehorn",2018,Berlin,,,,,
tt7904918,Packing Heavy,2018,Berlin,,,,,
tt7953568,Blue Wind Blows,2018,Berlin,,,,,
tt7961082,Wangdrak's Rain Boots,2018,Berlin,,,,,
tt7762244,A Field Guide to Being a 12-Year-Old Girl,2018,Berlin,,,,,
tt7754514,The afternoon of Clemence,2018,Berlin,,,,,
tt6962198,Lobster Dinner,2018,Berlin,,,,,
tt7074742,Fire in Cardboard City,2018,Berlin,,,,,
tt7733364,Paper Crane,2018,Berlin,,,,,
tt5320418,Snijeg za Vodu: Snow for Water,2018,Berlin,,,,,
tt8153682,Hvalagapet,2018,Berlin,,,,,
tt7981050,Jaalgedi,2018,Berlin,,,,,
tt7754496,Bixa Travesty,2018,Berlin,,,,,
tt7942696,Game Girls,2018,Berlin,,,,,
tt7938478,The Silk and the Flame,2018,Berlin,,,,,
tt1794951,Shakedown,2018,Berlin,,,,,
tt6881530,"Malambo, the Good Man",2018,Berlin,,,,,
tt7681112,Yours in Sisterhood,2018,Berlin,,,,,
tt7755520,Obscuro Barroco,2018,Berlin,,,,,
tt7925066,Hard Paint,2018,Berlin,,,,,
tt7943248,Marilyn,2018,Berlin,,,,,
tt2404639,The Happy Prince,2018,Berlin,,,,,
tt6215368,Invasion,2018,Berlin,,,,,
tt6593240,A Paris Education,2018,Berlin,,,,,
tt8020896,An Elephant Sitting Still,2018,Berlin,,,,,
tt7476946,River's Edge,2018,Berlin,,,,,
tt5821220,Theatre of War,2018,Berlin,,,,,
tt7913172,Grass,2018,Berlin,,,,,
tt6101602,Madeline's Madeline,2018,Berlin,,,,,
tt7913020,Accidence,2018,Berlin,,,,,
tt6736812,The Green Fog,2018,Berlin,,,,,
tt7967600,Classical Period,2018,Berlin,,,,,
tt5268348,Generation Wealth,2018,Berlin,,,,,
tt5862902,Yardie,2018,Berlin,,,,,
tt7955712,Girls Always Happy,2018,Berlin,,,,,
tt7037544,Central Airport THF,2018,Berlin,,,,,
tt7877982,Eldorado,2018,Berlin,,,,,
tt7753540,The Omission,2018,Berlin,,,,,
tt7933544,The Chaotic Life of Nada Kadic,2018,Berlin,,,,,
tt7304194,Notes on an Appearance,2018,Berlin,,,,,
tt6506276,Lemonade,2018,Berlin,,,,,
tt7133202,When the Trees Fall,2018,Berlin,,,,,
tt6725440,The Tree,2018,Berlin,,,,,
tt8208058,Cat Days,2018,Berlin,,,,,
tt7419360,Tower. A Bright Day.,2018,Berlin,,,,,
tt6822106,The Weak Ones,2018,Berlin,,,,,
tt8055880,The Waldheim Waltz,2018,Berlin,,,,,
tt7510038,What Comes Around,2018,Berlin,,,,,
tt7925504,When the War Comes,2018,Berlin,,,,,
tt7866188,The Best Thing You Can Do with Your Life,2018,Berlin,,,,,
tt7776030,Outside,2018,Berlin,,,,,
tt5887760,The Green Lie,2018,Berlin,,,,,
tt6869686,Minatomachi,2018,Berlin,,,,,
tt7942044,Young Solitude,2018,Berlin,,,,,
tt8006356,√úberall wo wir sind,2018,Berlin,,,,,
tt6887162,Lost Ones,2018,Berlin,,,,,
tt7733426,A Dysfunctional Cat,2018,Berlin,,,,,
tt7016254,Synonyms,2019,Berlin,,,,,
tt7902124,The Ground Beneath My Feet,2019,Berlin,,,,,
tt7760890,"I Was at Home, But...",2019,Berlin,,,,,
tt7670212,The Golden Glove,2019,Berlin,,,,,
tt8095860,By the Grace of God,2019,Berlin,,,,,
tt9418878,A Tale of Three Sisters,2019,Berlin,,,,,
tt9068100,Ghost Town Anthology,2019,Berlin,,,,,
tt6704898,Elisa & Marcela,2019,Berlin,,,,,
tt9581172,Egg,2019,Berlin,,,,,
tt9581076,"So Long, My Son",2019,Berlin,,,,,
tt6515910,The Kindness of Strangers,2019,Berlin,,,,,
tt8535968,System Crasher,2019,Berlin,,,,,
tt7319496,Out Stealing Horses,2019,Berlin,,,,,
tt8740778,Piranhas,2019,Berlin,,,,,
tt8054608,"Gospod postoi, imeto i' e Petrunija",2019,Berlin,,,,,
tt6828390,Mr. Jones,2019,Berlin,,,,,
tt8959680,One Second,2019,Berlin,,,,,
tt9902408,Umbra,2019,Berlin,,,,,
tt9302096,Watermelon Juice,2019,Berlin,,,,,
tt9675006,Splash,2019,Berlin,,,,,
tt8150744,How to Breathe in Kern County,2019,Berlin,,,,,
tt8150654,Mr. Mare,2019,Berlin,,,,,
tt9325464,Kingdom,2019,Berlin,,,,,
tt9856552,Past Perfect,2019,Berlin,,,,,
tt9857490,Rise,2019,Berlin,,,,,
tt9902526,Blue Boy,2019,Berlin,,,,,
tt9902912,All on a Mardi Gras Day,2019,Berlin,,,,,
tt10249396,Can't you see them? - Repeat.,2019,Berlin,,,,,
tt10254638,Entropia,2019,Berlin,,,,,
tt10265080,Flexible Bodies,2019,Berlin,,,,,
tt9886436,Hector,2019,Berlin,,,,,
tt10045280,It Has to Be Lived Once and Dreamed Twice,2019,Berlin,,,,,
tt10301380,The Golden Legend,2019,Berlin,,,,,
tt9769192,Blessed Land,2019,Berlin,,,,,
tt6599276,In Between,2019,Berlin,,,,,
tt10342690,Omarska,2019,Berlin,,,,,
tt9746928,Catching Fire,2019,Berlin,,,,,
tt10084950,Palace of Colours,2019,Berlin,,,,,
tt10167480,Shakti,2019,Berlin,,,,,
tt10446100,The Spirit Keepers of Makuta'ay,2019,Berlin,,,,,
tt10472194,World on Board,2019,Berlin,,,,,
tt9658178,Talking About Trees,2019,Berlin,,,,,
tt8923500,Midnight Traveler,2019,Berlin,,,,,
tt9358256,Shooting the Mafia,2019,Berlin,,,,,
tt6156138,37 Seconds,2019,Berlin,,,,,
tt7319312,Stitches,2019,Berlin,,,,,
tt5045746,Buoyancy,2019,Berlin,,,,,
tt9674226,A Dog Barking at the Moon,2019,Berlin,,,,,
tt8071308,The Shadow Play,2019,Berlin,,,,,
tt7703070,The Miracle of the Sargasso Sea,2019,Berlin,,,,,
tt8185374,Staff Only,2019,Berlin,,,,,
tt8214936,Love Trilogy: Chained,2019,Berlin,,,,,
tt7764804,Holy Beasts,2019,Berlin,,,,,
tt6592296,Stupid Young Heart,2019,Berlin,,,,,
tt8951086,House of Hummingbird,2019,Berlin,,,,,
tt8230872,The Body Remembers When the World Broke Open,2019,Berlin,,,,,
tt8659050,Bulbul Can Sing,2019,Berlin,,,,,
tt7335104,Goldie,2019,Berlin,,,,,
tt8875366,The Crossing,2019,Berlin,,,,,
tt8234892,Knives and Skin,2019,Berlin,,,,,
tt9358120,We Are Little Zombies,2019,Berlin,,,,,
tt8961624,The Magic Life of V,2019,Berlin,,,,,
tt10291162,Tattoo,2019,Berlin,,,,,
tt9587916,Cocodrilo,2019,Berlin,,,,,
tt10499266,Hush,2019,Berlin,,,,,
tt8779020,A First Farewell,2019,Berlin,,,,,
tt8461958,A Colony,2019,Berlin,,,,,
tt8480960,Baracoa,2019,Berlin,,,,,
tt7601098,Anbessa,2019,Berlin,,,,,
tt9552208,Lotte and the Lost Dragons,2019,Berlin,,,,,
tt8667266,Daniel,2019,Berlin,,,,,
tt6851430,My Extraordinary Summer with Tess,2019,Berlin,,,,,
tt7533756,Louis & Luca - Mission to the Moon,2019,Berlin,,,,,
tt5884142,Cleo,2019,Berlin,,,,,
tt9318280,Driveways,2019,Berlin,,,,,
tt9646974,Kids,2019,Berlin,,,,,
tt9647022,Kokdu: A Story of Guardian Angels,2019,Berlin,,,,,
tt7474512,Sune vs. Sune,2019,Berlin,,,,,
tt9731426,Where We Belong,2019,Berlin,,,,,
tt9000364,Just Me and You,2019,Berlin,,,,,
tt10765482,Ani,2019,Berlin,,,,,
tt10769168,Armed Lullaby,2019,Berlin,,,,,
tt10130046,City Plaza Hotel,2019,Berlin,,,,,
tt10235208,Tiptoe,2019,Berlin,,,,,
tt9819644,The Size of Things,2019,Berlin,,,,,
tt8790788,She-Pack,2019,Berlin,,,,,
tt9130674,The Red Phallus,2019,Berlin,,,,,
tt8215338,Four Quartets,2019,Berlin,,,,,
tt9654050,Lemebel,2019,Berlin,,,,,
tt9573740,The Blue Flower of Novalis,2019,Berlin,,,,,
tt9477432,The Pit,2019,Berlin,,,,,
tt9118092,Easy Love,2019,Berlin,,,,,
tt9666830,False Belief,2019,Berlin,,,,,
tt9648584,Normal,2019,Berlin,,,,,
tt9654222,Sch√∂nheit & Verg√§nglichkeit,2019,Berlin,,,,,
tt9654596,Searching Eva,2019,Berlin,,,,,
tt10265444,"Mother, I Am Suffocating. This Is My Last Film About You.",2019,Berlin,,,,,
tt9648372,Brief Story from the Green Planet,2019,Berlin,,,,,
tt7128732,Tremors,2019,Berlin,,,,,
tt8452036,Demons,2019,Berlin,,,,,
tt9477532,Greta,2019,Berlin,,,,,
tt9584972,Before We Grow Old,2019,Berlin,,,,,
tt8304276,Acid,2019,Berlin,,,,,
tt9459610,Family Members,2019,Berlin,,,,,
tt8986808,Monsters.,2019,Berlin,,,,,
tt3495174,Serpentarius,2019,Berlin,,,,,
tt9595506,So Pretty,2019,Berlin,,,,,
tt6062774,Monos,2019,Berlin,,,,,
tt8769940,Yulia & Juliet,2019,Berlin,,,,,
tt10131518,"Self-Portrait in 23 Rounds: A Chapter in David Wojnarowicz's Life, 1989-1991",2019,Berlin,,,,,
tt9130810,Die Kinder der Toten,2019,Berlin,,,,,
tt8452422,Dafne,2019,Berlin,,,,,
tt9746500,Earth,2019,Berlin,,,,,
tt9687476,Our Defeats,2019,Berlin,,,,,
tt9619016,Hukuoka,2019,Berlin,,,,,
tt9654244,"From Tomorrow on, I Will",2019,Berlin,,,,,
tt8150238,Vanishing Days,2019,Berlin,,,,,
tt9741908,Breathless Animals,2019,Berlin,,,,,
tt8311958,Divine Love,2019,Berlin,,,,,
tt5613484,Mid90s,2019,Berlin,,,,,
tt4472096,What She Said: The Art of Pauline Kael,2019,Berlin,,,,,
tt6920356,The Souvenir,2019,Berlin,,,,,
tt6043142,Skin,2019,Berlin,,,,,
tt6063090,Light of My Life,2019,Berlin,,,,,
tt9784842,Your Turn,2019,Berlin,,,,,
tt8555122,Liberty,2019,Berlin,,,,,
tt7807036,Oray,2019,Berlin,,,,,
tt9455100,The Day After I'm Gone,2019,Berlin,,,,,
tt7939352,The Components of Love,2019,Berlin,,,,,
tt9658140,The Last to See Them,2019,Berlin,,,,,
tt6708834,The Awakening of the Ants,2019,Berlin,,,,,
tt8096842,Flesh Out,2019,Berlin,,,,,
tt9049280,Delphine and Carole,2019,Berlin,,,,,
tt9554564,Western Arabs,2019,Berlin,,,,,
tt7239688,Complicity,2019,Berlin,,,,,
tt9463454,By the Name of Tania,2019,Berlin,,,,,
tt9658780,Mothers of the land,2019,Berlin,,,,,
tt11697844,There Is No Evil,2020,Berlin,,,,,
tt8526370,Bad Tales,2020,Berlin,,,,,
tt8478554,Hidden Away,2020,Berlin,,,,,
tt4687856,Siberia,2020,Berlin,,,,,
tt6470924,Berlin Alexanderplatz,2020,Berlin,,,,,
tt11697832,DAU. Natasha,2020,Berlin,,,,,
tt8845322,All the Dead Ones,2020,Berlin,,,,,
tt10627352,Delete History,2020,Berlin,,,,,
tt9231040,First Cow,2020,Berlin,,,,,
tt11417886,The Intruder,2020,Berlin,,,,,
tt11697794,Irradi√©s,2020,Berlin,,,,,
tt10117768,My Little Sister,2020,Berlin,,,,,
tt7772582,Never Rarely Sometimes Always,2020,Berlin,,,,,
tt9411866,The Roads Not Taken,2020,Berlin,,,,,
tt10132976,The Salt of Tears,2020,Berlin,,,,,
tt11617052,Undine,2020,Berlin,,,,,
tt11697690,The Woman Who Ran,2020,Berlin,,,,,
tt11697820,Days,2020,Berlin,,,,,
tt7339974,T,2020,Berlin,,,,,
tt10272208,Stump the Guesser,2020,Berlin,,,,,
tt10882960,2008,2020,Berlin,,,,,
tt10751438,Girl and Body,2020,Berlin,,,,,
tt11830320,Huntsville Station,2020,Berlin,,,,,
tt11830088,Union County,2020,Berlin,,,,,
tt11701506,Inflorescence,2020,Berlin,,,,,
tt11804450,A Demonstration,2020,Berlin,,,,,
tt11634624,Aletsch Negative,2020,Berlin,,,,,
tt11727350,So We Live,2020,Berlin,,,,,
tt11753340,Listening In,2020,Berlin,,,,,
tt11863382,Foam,2020,Berlin,,,,,
tt11879572,Playback,2020,Berlin,,,,,
tt11884670,Genius Loci,2020,Berlin,,,,,
tt11887700,"It Wasn't the Right Mountain, Mohammad",2020,Berlin,,,,,
tt11889286,Dummy,2020,Berlin,,,,,
tt11889414,Cause of Death,2020,Berlin,,,,,
tt11890130,At the Entrance of the Night,2020,Berlin,,,,,
tt12133126,My Galactic Twin Galaction,2020,Berlin,,,,,
tt11887594,Filipi√±ana,2020,Berlin,,,,,
tt11570412,How to Disappear - Deserting Battlefield,2020,Berlin,,,,,
tt11394200,Welcome to Chechnya,2020,Berlin,,,,,
tt11394308,Saudi Runaway,2020,Berlin,,,,,
tt11753696,Little Girl,2020,Berlin,,,,,
tt9048802,Father,2020,Berlin,,,,,
tt8892064,No Hard Feelings,2020,Berlin,,,,,
tt9812614,Hope,2020,Berlin,,,,,
tt8690948,Our Lady of the Nile,2020,Berlin,,,,,
tt9834492,Yalda: A Night for Forgivness,2020,Berlin,,,,,
tt8217188,Alice J√∫nior,2020,Berlin,,,,,
tt11394290,The Earth Is Blue as an Orange,2020,Berlin,,,,,
tt8351520,White Riot,2020,Berlin,,,,,
tt6818118,Jumbo,2020,Berlin,,,,,
tt10167422,Voices in the Wind,2020,Berlin,,,,,
tt10107222,Cocoon,2020,Berlin,,,,,
tt11783108,My Name Is Baghdad,2020,Berlin,,,,,
tt10247750,Ordinary Justice,2020,Berlin,,,,,
tt9121616,Paradise Drifters,2020,Berlin,,,,,
tt8972476,Pompei,2020,Berlin,,,,,
tt11598898,Hounds,2020,Berlin,,,,,
tt11341446,Something to Remember,2020,Berlin,,,,,
tt12021182,Goodbye Golovin,2020,Berlin,,,,,
tt11628538,Hot Mother,2020,Berlin,,,,,
tt10464702,Who Can Predict What Will Move You,2020,Berlin,,,,,
tt11845700,White Winged Horse,2020,Berlin,,,,,
tt12131642,Babydyke,2020,Berlin,,,,,
tt11456264,Panthers,2020,Berlin,,,,,
tt9843888,Grevillea,2020,Berlin,,,,,
tt11628592,The Flame,2020,Berlin,,,,,
tt11911782,Comrades,2020,Berlin,,,,,
tt13211570,Black Sheep Boy,2020,Berlin,,,,,
tt14222690,The Great Malaise,2020,Berlin,,,,,
tt11685322,Sweet Thing,2020,Berlin,,,,,
tt9057808,Los lobos,2020,Berlin,,,,,
tt10642250,Death of Nintendo,2020,Berlin,,,,,
tt9077352,Veins of the World,2020,Berlin,,,,,
tt4131756,Goddess of the Fireflies,2020,Berlin,,,,,
tt6943854,H is for Happiness,2020,Berlin,,,,,
tt11802742,Sisters in the End of the World,2020,Berlin,,,,,
tt11657892,"Mam√°, mam√°, mam√°",2020,Berlin,,,,,
tt9196192,Cuties,2020,Berlin,,,,,
tt10434142,Schoolgirls,2020,Berlin,,,,,
tt11707460,Blue Eyes and Colorful My Dress,2020,Berlin,,,,,
tt9654240,Monty and the Street Party,2020,Berlin,,,,,
tt11724018,Perro,2020,Berlin,,,,,
tt11742184,Chronicle of Space,2020,Berlin,,,,,
tt11092170,Sune - Best Man,2020,Berlin,,,,,
tt11937112,The Name of the Son,2020,Berlin,,,,,
tt10687124,Hello Ahma,2020,Berlin,,,,,
tt10438664,Harvest,2020,Berlin,,,,,
tt10398856,Elders,2020,Berlin,,,,,
tt11186656,En Route,2020,Berlin,,,,,
tt12089024,The Kites,2020,Berlin,,,,,
tt11377814,Un diable dans la poche,2020,Berlin,,,,,
tt11092214,Under the Skin,2020,Berlin,,,,,
tt11771064,Money Honey,2020,Berlin,,,,,
tt10471502,Frogs,2020,Berlin,,,,,
tt11436864,Broken Bird,2020,Berlin,,,,,
tt10913328,A Fool God,2020,Berlin,,,,,
tt9848718,toni_with_an_i,2020,Berlin,,,,,
tt13238452,El silencio del r√≠o,2020,Berlin,,,,,
tt11018424,If It Were Love,2020,Berlin,,,,,
tt11392114,"Bloody Nose, Empty Pockets",2020,Berlin,,,,,
tt11803666,Automotive,2020,Berlin,,,,,
tt11771028,The House of Love,2020,Berlin,,,,,
tt11745888,Always Amber,2020,Berlin,,,,,
tt11489112,Paris Calligrammes,2020,Berlin,,,,,
tt11382382,Sex,2020,Berlin,,,,,
tt8430598,Shirley,2020,Berlin,,,,,
tt7969836,The Twentieth Century,2020,Berlin,,,,,
tt10268550,Minyan,2020,Berlin,,,,,
tt10975520,Twilight's Kiss,2020,Berlin,,,,,
tt6028620,Charlatan,2020,Berlin,,,,,
tt11638970,The Last City,2020,Berlin,,,,,
tt11719648,Dry Wind,2020,Berlin,,,,,
tt8000970,Trigonometry,2020,Berlin,,,,,
tt11719702,Divinely Evil,2020,Berlin,,,,,
tt11747286,One in a Thousand,2020,Berlin,,,,,
tt8386958,Wildland,2020,Berlin,,,,,
tt12131870,Untitled Sequence of Gaps,2020,Berlin,,,,,
tt12131912,Extractions,2020,Berlin,,,,,
tt11625100,The Metamorphosis of Birds,2020,Berlin,,,,,
tt9892094,Mogul Mowgli,2020,Berlin,,,,,
tt9389916,Digger,2020,Berlin,,,,,
tt11051576,Ouvertures,2020,Berlin,,,,,
tt11068166,All Hands on Deck,2020,Berlin,,,,,
tt11670552,Zero,2020,Berlin,,,,,
tt11646456,The Calming,2020,Berlin,,,,,
tt7494506,Victoria,2020,Berlin,,,,,
tt11496136,Garage People,2020,Berlin,,,,,
tt11652808,Los Conductos,2020,Berlin,,,,,
tt11647154,The Alien,2020,Berlin,,,,,
tt8387918,Kill It and Leave This Town,2020,Berlin,,,,,
tt7935770,Kids Run,2020,Berlin,,,,,
tt11162826,Naked Animals,2020,Berlin,,,,,
tt2456492,Window Boy Would Also Like to Have a Submarine,2020,Berlin,,,,,
tt11744432,Sleep,2020,Berlin,,,,,
tt10365870,This Is My Desire,2020,Berlin,,,,,
tt11468896,In Deep Sleep,2020,Berlin,,,,,
tt11496264,Walchensee Forever,2020,Berlin,,,,,
tt11496088,A Fish Swimming Upside Down,2020,Berlin,,,,,
tt11464016,Gunda,2020,Berlin,,,,,
tt11771734,Speer Goes to Hollywood,2020,Berlin,,,,,
tt4467294,Days of Cannibalism,2020,Berlin,,,,,
tt11758356,Notes from the Underworld,2020,Berlin,,,,,
tt11777926,Strike or Die,2020,Berlin,,,,,
tt11772420,A Storm Was Coming,2020,Berlin,,,,,
tt10374360,Swimming Out Till the Sea Turns Blue,2020,Berlin,,,,,
tt11747746,Amazon Mirror,2020,Berlin,,,,,
tt9656126,The American Sector,2020,Berlin,,,,,
tt6434210,The Works and Days (of Tayoko Shiojiri in the Shiotani Basin),2020,Berlin,,,,,
tt9220966,The Trouble with Being Born,2020,Berlin,,,,,
tt11771882,Orphea,2020,Berlin,,,,,
tt10213380,Manor House,2020,Berlin,,,,,
tt8462814,Servants,2020,Berlin,,,,,
tt11638942,Funny Face,2020,Berlin,,,,,
tt11638956,Isabella,2020,Berlin,,,,,
tt8976992,The Shepherdess and the Seven Songs,2020,Berlin,,,,,
tt4789618,Still Here,2020,Berlin,,,,,
tt14033502,Bad Luck Banging or Loony Porn,2021,Berlin,,,,,
tt11681056,Natural Light,2021,Berlin,,,,,
tt11781806,Albatros,2021,Berlin,,,,,
tt13846414,Fabian: Going to the Dogs,2021,Berlin,,,,,
tt11773484,Ballad of a White Cow,2021,Berlin,,,,,
tt14034966,Wheel of Fortune and Fantasy,2021,Berlin,,,,,
tt14035048,Herr Bachmann und seine Klasse,2021,Berlin,,,,,
tt13087796,I'm Your Man,2021,Berlin,,,,,
tt14035108,Introduction,2021,Berlin,,,,,
tt7265490,Memory Box,2021,Berlin,,,,,
tt11080676,Next Door,2021,Berlin,,,,,
tt14035242,A Cop Movie,2021,Berlin,,,,,
tt13204490,Petite Maman,2021,Berlin,,,,,
tt14035154,What Do We See When We Look at the Sky?,2021,Berlin,,,,,
tt14033416,Forest: I See You Everywhere,2021,Berlin,,,,,
tt14135872,My Uncle Tudor,2021,Berlin,,,,,
tt14018858,Day Is Done,2021,Berlin,,,,,
tt14023270,A Present Light,2021,Berlin,,,,,
tt14117484,A Love Song in Spanish,2021,Berlin,,,,,
tt14135824,Motorcyclist's Happiness Won't Fit Into His Suit,2021,Berlin,,,,,
tt14023134,The Men Who Wait,2021,Berlin,,,,,
tt14135830,Blastogenesis X,2021,Berlin,,,,,
tt14104378,Your Street,2021,Berlin,,,,,
tt14135840,Easter Eggs,2021,Berlin,,,,,
tt14135850,Glittering Barbieblood,2021,Berlin,,,,,
tt14135860,International Dawn Chorus Day,2021,Berlin,,,,,
tt14070924,More Happiness,2021,Berlin,,,,,
tt14124276,One Hundred Steps,2021,Berlin,,,,,
tt14135882,One Thousand and One Attempts to Be an Ocean,2021,Berlin,,,,,
tt14117520,Rehearsal,2021,Berlin,,,,,
tt14135888,Young Hearts,2021,Berlin,,,,,
tt14135898,Strange Object,2021,Berlin,,,,,
tt14135906,Vadim on a Walk,2021,Berlin,,,,,
tt13577792,Zonder Meer,2021,Berlin,,,,,
tt14135938,Window,2021,Berlin,,,,,
tt14029622,The Last Forest,2021,Berlin,,,,,
tt14122234,Miguel's War,2021,Berlin,,,,,
tt14064214,Genderation,2021,Berlin,,,,,
tt14004136,Death of a Virgin and the Sin of Not Living,2021,Berlin,,,,,
tt14028890,Stop-Zemlia,2021,Berlin,,,,,
tt11735544,Beans,2021,Berlin,,,,,
tt12574632,Any Day Now,2021,Berlin,,,,,
tt13995564,Short Vacation,2021,Berlin,,,,,
tt11199388,Nelly Rapp: Monster Agent,2021,Berlin,,,,,
tt13821562,Ninjababy,2021,Berlin,,,,,
tt14043948,A School in Cerro Hueso,2021,Berlin,,,,,
tt12226872,The Scary of Sixty-First,2021,Berlin,,,,,
tt7904172,Human Factors,2021,Berlin,,,,,
tt14031338,Language Lessons,2021,Berlin,,,,,
tt10783504,"Moon, 66 Questions",2021,Berlin,,,,,
tt14132048,Ski,2021,Berlin,,,,,
tt11967484,The Girl and the Spider,2021,Berlin,,,,,
tt12092584,Bliss,2021,Berlin,,,,,
tt10003618,Celts,2021,Berlin,,,,,
tt14130986,Instructions for Survival,2021,Berlin,,,,,
tt10311018,Brother's Keeper,2021,Berlin,,,,,
tt14134130,"A River Runs, Turns, Erases, Replaces",2021,Berlin,,,,,
tt14134074,Jack's Ride,2021,Berlin,,,,,
tt13622118,Cryptozoo,2021,Berlin,,,,,
tt14077794,The Fam,2021,Berlin,,,,,
tt12552352,The White Fortress,2021,Berlin,,,,,
tt10629634,Summer Blur,2021,Berlin,,,,,
tt8192212,Three Corners of Deception,2021,Berlin,,,,,
tt12974232,Wood and Water,2021,Berlin,,,,,
tt21360838,Night-Blooming Cereus,2021,Berlin,,,,,
tt0793508,Fake Soldiers,2021,Berlin,,,,,
tt14038600,We,2021,Berlin,,,,,
tt14122260,As I Want,2021,Berlin,,,,,
tt11136276,Azor,2021,Berlin,,,,,
tt11738830,The Beta Test,2021,Berlin,,,,,
tt11261296,Bloodsuckers - A Marxist Vampire Comedy,2021,Berlin,,,,,
tt14038568,District Terminal,2021,Berlin,,,,,
tt14122284,Rock Bottom Riser,2021,Berlin,,,,,
tt14038552,Social Hygiene,2021,Berlin,,,,,
tt6551842,Taste,2021,Berlin,,,,,
tt11930126,Alcarr√†s,2022,Berlin,,,,,
tt15215918,"Before, Now & Then",2022,Berlin,,,,,
tt13535920,Both Sides of the Blade,2022,Berlin,,,,,
tt7461272,Call Jane,2022,Berlin,,,,,
tt15386518,Everything Will Be OK,2022,Berlin,,,,,
tt13107800,Leonora addio,2022,Berlin,,,,,
tt13086492,The Line,2022,Berlin,,,,,
tt17146978,The Novelist's Film,2022,Berlin,,,,,
tt14104600,"One Year, One Night",2022,Berlin,,,,,
tt13846402,The Passengers of the Night,2022,Berlin,,,,,
tt14336174,Peter von Kant,2022,Berlin,,,,,
tt14783042,A Piece of Sky,2022,Berlin,,,,,
tt13471738,Rabiye Kurnaz vs. George W. Bush,2022,Berlin,,,,,
tt17097088,Return to Dust,2022,Berlin,,,,,
tt8956284,Rimini,2022,Berlin,,,,,
tt17280362,Robe of Gems,2022,Berlin,,,,,
tt17154094,A E I O U: A Quick Alphabet of Love,2022,Berlin,,,,,
tt16944826,That Kind of Summer,2022,Berlin,,,,,
tt17162584,Trap,2022,Berlin,,,,,
tt16385148,Starfuckers,2022,Berlin,,,,,
tt17041656,Exalted Mars,2022,Berlin,,,,,
tt17022950,Manh√£ de Domingo,2022,Berlin,,,,,
tt16420664,Kicking the Clouds,2022,Berlin,,,,,
tt15386918,Four Nights,2022,Berlin,,,,,
tt16492940,Further and Further Away,2022,Berlin,,,,,
tt17042678,By Fl√°vio,2022,Berlin,,,,,
tt17068762,El sembrador de estrellas,2022,Berlin,,,,,
tt17069276,Will My Parents Come to See Me,2022,Berlin,,,,,
tt17162360,Agrilogistics,2022,Berlin,,,,,
tt17162368,Amintiri de pe Frontul de Est,2022,Berlin,,,,,
tt17162382,Ampangabagat nin talakba ha likol,2022,Berlin,,,,,
tt17162390,Bird in the Peninsula,2022,Berlin,,,,,
tt17162394,Dirndlschuld,2022,Berlin,,,,,
tt17162620,Vikhod,2022,Berlin,,,,,
tt17162678,Hero√≠nas,2022,Berlin,,,,,
tt17162614,Histoire pour 2 Trompettes,2022,Berlin,,,,,
tt17162628,Jon-Jae-Ui Jib,2022,Berlin,,,,,
tt17162604,Retreat,2022,Berlin,,,,,
tt17162596,Soum,2022,Berlin,,,,,
tt16410620,My Small Land,2022,Berlin,,,,,
tt17079294,No U-Turn,2022,Berlin,,,,,
tt17155172,Luce and the Rock,2022,Berlin,,,,,
tt15109082,The Quiet Girl,2022,Berlin,,,,,
tt16654100,Blaues Rauschen,2022,Berlin,,,,,
tt15574674,Tinash√©,2022,Berlin,,,,,
tt15047780,Stay Awake,2022,Berlin,,,,,
tt17464658,Nada para ver aqui,2022,Berlin,,,,,
tt13588944,"Ask, Mark ve √ñl√ºm",2022,Berlin,,,,,
tt16430374,Nel mio nome,2022,Berlin,,,,,
tt17347244,Myanmar Diaries,2022,Berlin,,,,,
tt14679114,Dreaming Walls: Inside the Chelsea Hotel,2022,Berlin,,,,,
tt17074508,Nelly & Nadine,2022,Berlin,,,,,
tt16436894,"Nous, √©tudiants!",2022,Berlin,,,,,
tt17079276,Bettina,2022,Berlin,,,,,
tt17079296,No Simple Way Home,2022,Berlin,,,,,
tt10410506,Brainwashed: Sex-Camera-Power,2022,Berlin,,,,,
tt17079314,Baqyt,2022,Berlin,,,,,
tt16315948,Klondike,2022,Berlin,,,,,
tt14113574,Fogar√©u,2022,Berlin,,,,,
tt10779254,Talking About the Weather,2022,Berlin,,,,,
tt15482612,The Apartment with Two Women,2022,Berlin,,,,,
tt15085570,Calcinculo,2022,Berlin,,,,,
tt12691830,A Love Song,2022,Berlin,,,,,
tt14921570,Taurus,2022,Berlin,,,,,
tt17074540,Until Tomorrow,2022,Berlin,,,,,
tt13845660,Beautiful Beings,2022,Berlin,,,,,
tt11669538,Nobody's Hero,2022,Berlin,,,,,
tt14030846,Northern Skies Over Empty Space,2022,Berlin,,,,,
tt14205026,Kdyby radsi horelo,2022,Berlin,,,,,
tt8028222,Working Class Heroes,2022,Berlin,,,,,
tt13887082,Grand Jet√©,2022,Berlin,,,,,
tt15211828,Una Femmina: The Code of Silence,2022,Berlin,,,,,
tt14755038,Lullaby,2022,Berlin,,,,,
tt17076682,Concerned Citizen,2022,Berlin,,,,,
tt17079178,Produkty 24,2022,Berlin,,,,,
tt17080096,Alis,2022,Berlin,,,,,
tt16360006,Bubble,2022,Berlin,,,,,
tt15528494,Strana Sasha,2022,Berlin,,,,,
tt17080140,Skhema,2022,Berlin,,,,,
tt17080124,Kalle Kosmonaut,2022,Berlin,,,,,
tt14965578,Beba,2022,Berlin,,,,,
tt17157266,Rookies,2022,Berlin,,,,,
tt17063194,Kind Hearts,2022,Berlin,,,,,
tt14390304,Millie Lies Low,2022,Berlin,,,,,
tt14927880,Sublime,2022,Berlin,,,,,
tt13328800,Girl Picture,2022,Berlin,,,,,
tt15939930,Born in Damascus,2022,Berlin,,,,,
tt13434502,Funkele,2022,Berlin,,,,,
tt15398466,Meneath: The Hidden Island of Ethics,2022,Berlin,,,,,
tt17052552,Aos Dezasseis,2022,Berlin,,,,,
tt17275536,La fi√®vre,2022,Berlin,,,,,
tt17275592,Lay Me by the Shore,2022,Berlin,,,,,
tt17275588,Anamniseis mias efivikis kataigidas,2022,Berlin,,,,,
tt16420918,Goodbye Jerome!,2022,Berlin,,,,,
tt17275566,West by God,2022,Berlin,,,,,
tt15255958,Comedy Queen,2022,Berlin,,,,,
tt7298782,Moja & Vesna,2022,Berlin,,,,,
tt16954518,El reino de Dios,2022,Berlin,,,,,
tt16114846,Shabu,2022,Berlin,,,,,
tt17050716,Terykony,2022,Berlin,,,,,
tt17080040,The Hill of Secrets,2022,Berlin,,,,,
tt17080060,Juunt Pastaza entsari,2022,Berlin,,,,,
tt17074348,The Apple Day,2022,Berlin,,,,,
tt16445248,Oink,2022,Berlin,,,,,
tt15418196,Vlekkeloos,2022,Berlin,,,,,
tt15239720,Ich habe keine Angst!,2022,Berlin,,,,,
tt13648306,Alma y Paz,2022,Berlin,,,,,
tt15741002,Gong ji,2022,Berlin,,,,,
tt15535804,To vankouver,2022,Berlin,,,,,
tt17056642,Zuza v zahrad√°ch,2022,Berlin,,,,,
tt16978272,Wheels on the Bus,2022,Berlin,,,,,
tt17080234,Cuci cuci,2022,Berlin,,,,,
tt17080210,The Most Boring Granny in The Whole World,2022,Berlin,,,,,
tt17155290,Datsun,2022,Berlin,,,,,
tt17155212,Louis I. King of the Sheep,2022,Berlin,,,,,
tt17155154,La reine des renards,2022,Berlin,,,,,
tt17155136,Le variabili dipendenti,2022,Berlin,,,,,
tt17527812,Gavazn,2022,Berlin,,,,,
tt17424310,Una aprendiz invisible,2022,Berlin,,,,,
tt17544468,Jet Lag,2022,Berlin,,,,,
tt15489366,Ladies Only,2022,Berlin,,,,,
tt17554444,Sab changa si,2022,Berlin,,,,,
tt18069418,If from Every Tongue It Drips,2022,Berlin,,,,,
tt17055878,Three Tidy Tigers Tied a Tie Tighter,2022,Berlin,,,,,
tt17542524,Shall I Compare You to a Summer's Day?,2022,Berlin,,,,,
tt13368192,Queens of the Qing Dynasty,2022,Berlin,,,,,
tt17543980,Diva,2022,Berlin,,,,,
tt15429706,Home When You Return,2022,Berlin,,,,,
tt17543860,Jail Bird in a Peacock Chair,2022,Berlin,,,,,
tt15352888,One Big Bag,2022,Berlin,,,,,
tt15357942,Terminal Norte,2022,Berlin,,,,,
tt17554398,White Sands Crystal Foxes,2022,Berlin,,,,,
tt17308130,Coma,2022,Berlin,,,,,
tt17373978,Super Natural,2022,Berlin,,,,,
tt11398152,Geographies of Solitude,2022,Berlin,,,,,
tt12386022,Afterwater,2022,Berlin,,,,,
tt13454112,Akyn,2022,Berlin,,,,,
tt11136964,Camuflaje,2022,Berlin,,,,,
tt16978650,Cette maison,2022,Berlin,,,,,
tt17518262,La edad media,2022,Berlin,,,,,
tt17544202,L'√©tat et moi,2022,Berlin,,,,,
tt17518186,Europe,2022,Berlin,,,,,
tt17066764,Une fleur √† la bouche,2022,Berlin,,,,,
tt17544346,F√ºr die Vielen - Die Arbeiterkammer Wien,2022,Berlin,,,,,
tt17072038,Happer's Comet,2022,Berlin,,,,,
tt17550784,We Haven't Lost Our Way,2022,Berlin,,,,,
tt17550726,Dry Ground Burning,2022,Berlin,,,,,
tt15482308,Mien k√Ω uc,2022,Berlin,,,,,
tt16951384,Mis dos voces,2022,Berlin,,,,,
tt15689882,"Hot in Day, Cold at Night",2022,Berlin,,,,,
tt15705752,Nuclear Family,2022,Berlin,,,,,
tt17555566,Rewind & Play,2022,Berlin,,,,,
tt14064326,Scala,2022,Berlin,,,,,
tt17555634,Terra que marca,2022,Berlin,,,,,
tt17555654,O Trio em Mi Bemol,2022,Berlin,,,,,
tt17043566,The United States of America,2022,Berlin,,,,,
tt17555674,El veterano,2022,Berlin,,,,,
tt10449310,Aylan Baby,2022,Berlin,,,,,
tt11603856,Gewalten,2022,Berlin,,,,,
tt18277182,Girls Will Be Girls,2022,Berlin,,,,,
tt14131240,Echo,2022,Berlin,,,,,
tt17321220,Rondo,2022,Berlin,,,,,
tt9145510,The Silent Forest,2022,Berlin,,,,,
tt17526876,Sorry Genosse,2022,Berlin,,,,,
tt13269868,We Might As Well Be Dead,2022,Berlin,,,,,
tt17449172,A German Party,2022,Berlin,,,,,
tt8841562,"See You Friday, Robinson",2022,Berlin,,,,,
tt17309428,Journal d'Am√©rique,2022,Berlin,,,,,
tt17309916,Mutzenbacher,2022,Berlin,,,,,
tt15010292,Flux Gourmet,2022,Berlin,,,,,
tt15429106,Sonne,2022,Berlin,,,,,
tt11409736,Unrest,2022,Berlin,,,,,
tt17009236,Zum Tod meiner Mutter,2022,Berlin,,,,,
tt17305656,A Little Love Package,2022,Berlin,,,,,
tt14581084,Imposter,2022,Berlin,,,,,
tt17307420,Brat vo vsyom,2022,Berlin,,,,,
tt17308496,Father's Day,2022,Berlin,,,,,
tt17309864,"Small, Slow But Steady",2022,Berlin,,,,,
tt14210824,I poli kai i poli,2022,Berlin,,,,,
tt26448811,On the Adamant,2023,Berlin,,,,,
tt14813150,Manodrome,2023,Berlin,,,,,
tt26441793,The Shadowless Tower,2023,Berlin,,,,,
tt1872160,Art College 1994,2023,Berlin,,,,,
tt21867434,BlackBerry,2023,Berlin,,,,,
tt26440619,Afire,2023,Berlin,,,,,
tt15547924,Music,2023,Berlin,,,,,
tt16428256,Suzume,2023,Berlin,,,,,
tt23283892,Till the End of the Night,2023,Berlin,,,,,
tt22180518,Disco Boy,2023,Berlin,,,,,
tt15531718,The Plough,2023,Berlin,,,,,
tt21833834,Limbo,2023,Berlin,,,,,
tt14007288,Bad Living,2023,Berlin,,,,,
tt21654390,Someday We'll Tell Each Other Everything,2023,Berlin,,,,,
tt16103266,Ingeborg Bachmann - Journey Into the Desert,2023,Berlin,,,,,
tt15831022,The Survival of Kindness,2023,Berlin,,,,,
tt26315142,Totem,2023,Berlin,,,,,
tt21113962,"20,000 Species of Bees",2023,Berlin,,,,,
tt13238346,Past Lives,2023,Berlin,,,,,
tt25967938,Les chenilles,2023,Berlin,,,,,
tt21243134,Qin mi,2023,Berlin,,,,,
tt26420539,All Tomorrow's Parties,2023,Berlin,,,,,
tt26448886,From Fish to Moon,2023,Berlin,,,,,
tt22077574,"Jill, Uncredited",2023,Berlin,,,,,
tt26448973,8,2023,Berlin,,,,,
tt26382358,Eeva,2023,Berlin,,,,,
tt22868136,La herida luminosa,2023,Berlin,,,,,
tt26448852,The Veiled City,2023,Berlin,,,,,
tt26256574,Terra Mater - Mother Land,2023,Berlin,,,,,
tt26546233,Nuits blanches,2023,Berlin,,,,,
tt26229698,It's a Date,2023,Berlin,,,,,
tt26420692,The Waiting,2023,Berlin,,,,,
tt26546210,Mwanamke Makueni,2023,Berlin,,,,,
tt21815342,Marungka tjalatjunu,2023,Berlin,,,,,
tt26899038,Back,2023,Berlin,,,,,
tt26899023,Happy Doom,2023,Berlin,,,,,
tt26869970,As Mi√ßangas,2023,Berlin,,,,,
tt26897473,A Kind of Testament,2023,Berlin,,,,,
tt26697938,Ours,2023,Berlin,,,,,
tt26448981,Orlando: My Political Biography,2023,Berlin,,,,,
tt26340330,Arkitekten,2023,Berlin,,,,,
tt24484788,The Kidnapping of the Bride,2023,Berlin,,,,,
tt26343116,The Bride,2023,Berlin,,,,,
tt22528178,Kokomo City,2023,Berlin,,,,,
tt24082488,The Eternal Memory,2023,Berlin,,,,,
tt24577296,The Cemetery of Cinema,2023,Berlin,,,,,
tt24355094,Stams,2023,Berlin,,,,,
tt24577578,Transfariana,2023,Berlin,,,,,
tt12427090,Iron Butterflies,2023,Berlin,,,,,
tt26660996,Under the Sky of Damascus,2023,Berlin,,,,,
tt26594061,Joan Baez I Am a Noise,2023,Berlin,,,,,
tt26452090,"And, Towards Happy Alleys",2023,Berlin,,,,,
tt26440747,Sira,2023,Berlin,,,,,
tt16611924,The Burdened,2023,Berlin,,,,,
tt16252698,Passages,2023,Berlin,,,,,
tt22120686,El castillo,2023,Berlin,,,,,
tt21817836,Hello Dankness,2023,Berlin,,,,,
tt14781036,Inside,2023,Berlin,,,,,
tt24082454,Perpetrator,2023,Berlin,,,,,
tt24068064,Reality,2023,Berlin,,,,,
tt16311464,Silver Haze,2023,Berlin,,,,,
tt9861230,The Quiet Migration,2023,Berlin,,,,,
tt26425693,Green Night,2023,Berlin,,,,,
tt25161220,All the Colours of the World Are Between Black and White,2023,Berlin,,,,,
tt24079846,Heroic,2023,Berlin,,,,,
tt26332440,Ghaath,2023,Berlin,,,,,
tt16907536,Adolfo,2023,Berlin,,,,,
tt22459440,Dream's Gate,2023,Berlin,,,,,
tt11930188,Tomorrow is a Long Time,2023,Berlin,,,,,
tt11647490,Sica,2023,Berlin,,,,,
tt26541225,Aatmapamphlet,2023,Berlin,,,,,
tt11488252,Carnal Sins,2023,Berlin,,,,,
tt24082520,Fantastic Machine,2023,Berlin,,,,,
tt19631596,Delegation,2023,Berlin,,,,,
tt22694068,"Wann wird es endlich wieder so, wie es nie war",2023,Berlin,,,,,
tt16148552,The Lost Boys,2023,Berlin,,,,,
tt11389212,We Will Not Fade Away,2023,Berlin,,,,,
tt22777288,Mutt,2023,Berlin,,,,,
tt18281054,Ramona,2023,Berlin,,,,,
tt26772087,"And Me, I'm Dancing Too",2023,Berlin,,,,,
tt24653458,Before Madrid,2023,Berlin,,,,,
tt24653480,Crushed,2023,Berlin,,,,,
tt20879118,Infantaria,2023,Berlin,,,,,
tt24654152,To Write from Memory,2023,Berlin,,,,,
tt26425722,Yi Shi Yi Ke,2023,Berlin,,,,,
tt26425730,When a Rocket Sits on the Launch Pad,2023,Berlin,,,,,
tt21247140,Simo,2023,Berlin,,,,,
tt26423863,Mise √† nu,2023,Berlin,,,,,
tt22006384,Mirror Mirror,2023,Berlin,,,,,
tt25504012,Ma m√®re et moi,2023,Berlin,,,,,
tt21047794,Sweet As,2023,Berlin,,,,,
tt15607898,L'amour du monde,2023,Berlin,,,,,
tt24518062,The Properties of Metals,2023,Berlin,,,,,
tt11773174,Zeevonk,2023,Berlin,,,,,
tt25434854,Deep Sea,2023,Berlin,,,,,
tt0042332,Cinderella,2023,Berlin,,,,,
tt20424066,Dancing Queen,2023,Berlin,,,,,
tt26346352,Despert√© con un sue√±o,2023,Berlin,,,,,
tt17526454,A Greyhound of a Girl,2023,Berlin,,,,,
tt21212718,Just Super,2023,Berlin,,,,,
tt22498452,Kiddo,2023,Berlin,,,,,
tt26769944,Mimi,2023,Berlin,,,,,
tt21076576,Closing Dynasty,2023,Berlin,,,,,
tt24652070,Aaaah!,2023,Berlin,,,,,
tt24653510,Deniska umrela,2023,Berlin,,,,,
tt24653522,Entre deux soeurs,2023,Berlin,,,,,
tt22005922,Nanitic,2023,Berlin,,,,,
tt24654284,Waking Up in Silence,2023,Berlin,,,,,
tt26432313,G√∂sta Petter-land,2023,Berlin,,,,,
tt26395115,Xiaohui he ta de niu,2023,Berlin,,,,,
tt21420372,Spin & Ella,2023,Berlin,,,,,
tt21938090,Sv√¶rddrage,2023,Berlin,,,,,
tt26923874,De songes au songe d'un autre miroir,2023,Berlin,,,,,
tt27419320,Timis,2023,Berlin,,,,,
tt27051815,Gaby les collines,2023,Berlin,,,,,
tt27427737,T√ºmpel,2023,Berlin,,,,,
tt27430248,Somni,2023,Berlin,,,,,
tt23547040,Magma,2023,Berlin,,,,,
tt26220170,Calls from Moscow,2023,Berlin,,,,,
tt26220342,This Is the End,2023,Berlin,,,,,
tt26773767,Hummingbirds,2023,Berlin,,,,,
tt16386126,Between Revolutions,2023,Berlin,,,,,
tt11306892,The Intrusion,2023,Berlin,,,,,
tt20114686,Femme,2023,Berlin,,,,,
tt20867012,Bones and Names,2023,Berlin,,,,,
tt19864472,The Beast in the Jungle,2023,Berlin,,,,,
tt14040054,Sisi & I,2023,Berlin,,,,,
tt22325258,Exhibition,2023,Berlin,,,,,
tt26676946,Incroci,2023,Berlin,,,,,
tt26448954,Here,2023,Berlin,,,,,
tt26250484,In Ukraine,2023,Berlin,,,,,
tt16311444,Opponent,2023,Berlin,,,,,
tt26345064,Jaii keh khoda nist,2023,Berlin,,,,,
tt26680242,Sages-femmes,2023,Berlin,,,,,
tt23036290,El rostro de la medusa,2023,Berlin,,,,,
tt26612950,The Teachers' Lounge,2023,Berlin,,,,,
tt26343152,De Facto,2023,Berlin,,,,,
tt14825408,Concrete Valley,2023,Berlin,,,,,
tt21651616,Horse Opera,2023,Berlin,,,,,
tt25292618,Mammalia,2023,Berlin,,,,,
tt25177188,Pozn√°mky z Eremoc√©nu,2023,Berlin,,,,,
tt22927636,Allensworth,2023,Berlin,,,,,
tt26342367,Anqa,2023,Berlin,,,,,
tt26342673,About Thirty,2023,Berlin,,,,,
tt26342916,Being in a Place: A Portrait of Margaret Tait,2023,Berlin,,,,,
tt26343137,Cidade Rabat,2023,Berlin,,,,,
tt26219766,Dearest Fiona,2023,Berlin,,,,,
tt26345019,Gehen und Bleiben,2023,Berlin,,,,,
tt21163478,The Temple Woods Gang,2023,Berlin,,,,,
tt22872250,Ishi ga aru,2023,Berlin,,,,,
tt11396282,The Trial,2023,Berlin,,,,,
tt26347358,Our Body,2023,Berlin,,,,,
tt26347460,A Golden Life,2023,Berlin,,,,,
tt26255928,Remembering Every Night,2023,Berlin,,,,,
tt26256598,Forms of Forgetting,2023,Berlin,,,,,
tt26348079,Uriwa Sanggwaneopsi,2023,Berlin,,,,,
tt26188684,Seven Winters in Tehran,2023,Berlin,,,,,
tt23656768,Quarta-Feira,2023,Berlin,,,,,
tt25846662,Ararat,2023,Berlin,,,,,
tt26914946,Peeled Skin,2023,Berlin,,,,,
tt18550182,R.M.N.,2023,Berlin,,,,,
tt25366350,Elaha,2023,Berlin,,,,,
tt21375400,Geranien,2023,Berlin,,,,,
tt26174334,Long Long Kiss,2023,Berlin,,,,,
tt26186408,Nuclear Nomads,2023,Berlin,,,,,
tt26215446,Vergiss Meyn Nicht,2023,Berlin,,,,,
tt26448953,The Echo,2023,Berlin,,,,,
tt16442822,"Love to Love You, Donna Summer",2023,Berlin,,,,,
tt17022868,Kiss the Future,2023,Berlin,,,,,
tt18327788,Superpower,2023,Berlin,,,,,
tt26448984,Eastern Front,2023,Berlin,,,,,
tt26448975,Le mura di Bergamo,2023,Berlin,,,,,
tt26441800,Xue yun,2023,Berlin,,,,,
tt26448952,The Klezmer Project,2023,Berlin,,,,,
tt26443107,The Adults,2023,Berlin,,,,,
tt26448958,In the Blind Spot,2023,Berlin,,,,,
tt26441515,Kletka ishet ptitsu,2023,Berlin,,,,,
tt26448971,In Water,2023,Berlin,,,,,
tt26448972,Family Time,2023,Berlin,,,,,
tt21909682,Samsara,2023,Berlin,,,,,
tt26448963,My Worst Enemy,2023,Berlin,,,,,
tt8096846,White Plastic Sky,2023,Berlin,,,,,
tt26440896,Living Bad,2023,Berlin,,,,,
tt13866630,Matria,2023,Berlin,,,,,
tt13188482,Shift,2023,Berlin,,,,,
tt27219293,I Rarely Wake Up Dreaming,2023,Berlin,,,,,
tt27219278,Paraphrase on the Finding of a Glove,2023,Berlin,,,,,
tt14206696,The Good Mothers,2023,Berlin,,,,,
tt19851608,Agent,2023,Berlin,,,,,
tt18273514,Bad Behaviour,2023,Berlin,,,,,
tt19868314,Dahaad,2023,Berlin,,,,,
tt22325698,Spy/Master,2023,Berlin,,,,,
tt17677612,Why Try to Change Me Now,2023,Berlin,,,,,
tt27219432,God and the Devil's Cumbia,2023,Berlin,,,,,
tt31015216,Dahomey,2024,Berlin,,,,,
tt27196021,Small Things Like These,2024,Berlin,,,,,
tt26749648,Another End,2024,Berlin,,,,,
tt18346498,Architecton,2024,Berlin,,,,,
tt21994228,Black Tea,2024,Berlin,,,,,
tt19864832,La Cocina,2024,Berlin,,,,,
tt21097228,A Different Man,2024,Berlin,,,,,
tt17375596,The Empire,2024,Berlin,,,,,
tt26757264,Gloria!,2024,Berlin,,,,,
tt31015247,Suspended Time,2024,Berlin,,,,,
tt20420646,"From Hilde, with Love",2024,Berlin,,,,,
tt31015291,Langue √âtrang√®re,2024,Berlin,,,,,
tt14680834,Who Do I Belong To,2024,Berlin,,,,,
tt10781034,Pepe,2024,Berlin,,,,,
tt30804400,Shambhala,2024,Berlin,,,,,
tt27165281,Dying,2024,Berlin,,,,,
tt29141112,The Devil's Bath,2024,Berlin,,,,,
tt27496775,Sons,2024,Berlin,,,,,
tt31015344,A Traveler's Needs,2024,Berlin,,,,,
tt31015278,My Favourite Cake,2024,Berlin,,,,,
tt30887276,An Odd Turn,2024,Berlin,,,,,
tt30877917,Re tian wu hou,2024,Berlin,,,,,
tt30877925,Goodbye First Love,2024,Berlin,,,,,
tt30877931,The Moon Also Rises,2024,Berlin,,,,,
tt30877936,Shi ri fang gu,2024,Berlin,,,,,
tt30887239,Kaalkapje,2024,Berlin,,,,,
tt30887199,Adieu Tortue,2024,Berlin,,,,,
tt30887219,Circle,2024,Berlin,,,,,
tt30888005,Stadtmuseum / Moi Rai,2024,Berlin,,,,,
tt30887228,City of Poets,2024,Berlin,,,,,
tt30887248,Kawauso,2024,Berlin,,,,,
tt30887212,Les animaux vont mieux,2024,Berlin,,,,,
tt30887298,Pacific Vein,2024,Berlin,,,,,
tt30887305,Preoperational Model,2024,Berlin,,,,,
tt30888004,Tako Tsubo,2024,Berlin,,,,,
tt30887209,"Al sol, lejos del centro",2024,Berlin,,,,,
tt30888000,Ungewollte Verwandtschaft,2024,Berlin,,,,,
tt30887287,Oiseau de passage,2024,Berlin,,,,,
tt30887999,We Will Not Be the Last of Our Kind,2024,Berlin,,,,,
tt30953759,No Other Land,2024,Berlin,,,,,
tt30953779,My Stolen Planet,2024,Berlin,,,,,
tt30953834,Teaches of Peaches,2024,Berlin,,,,,
tt29045832,Afterwar,2024,Berlin,,,,,
tt30953576,√Ä quand l'Afrique?,2024,Berlin,,,,,
tt30953638,Baldiga: Unlocked Heart,2024,Berlin,,,,,
tt30887113,A Bit of a Stranger,2024,Berlin,,,,,
tt30953695,Diaries from Lebanon,2024,Berlin,,,,,
tt28090065,I'm Not Everything I Want to Be,2024,Berlin,,,,,
tt27907968,Tongo Saa,2024,Berlin,,,,,
tt15716284,Memories of a Burning Body,2024,Berlin,,,,,
tt27417166,Crossing,2024,Berlin,,,,,
tt30439035,All Shall Be Well,2024,Berlin,,,,,
tt21186614,Andrea Gets a Divorce,2024,Berlin,,,,,
tt21443754,Bet√¢nia,2024,Berlin,,,,,
tt30440590,Faruk,2024,Berlin,,,,,
tt15574270,I Saw the TV Glow,2024,Berlin,,,,,
tt26749327,Brief History of a Family,2024,Berlin,,,,,
tt11687002,The Outrun,2024,Berlin,,,,,
tt18246700,Paradises of Diane,2024,Berlin,,,,,
tt21247132,Meanwhile on Earth,2024,Berlin,,,,,
tt30441039,Yo vi tres luces negras,2024,Berlin,,,,,
tt29102244,Every You Every Me,2024,Berlin,,,,,
tt27722375,Between the Temples,2024,Berlin,,,,,
tt30953660,Cu Li Never Cries,2024,Berlin,,,,,
tt26760867,My New Friends,2024,Berlin,,,,,
tt28366692,Janet Planet,2024,Berlin,,,,,
tt26270862,Sex,2024,Berlin,,,,,
tt30953867,Scorched Earth,2024,Berlin,,,,,
tt30414712,The Visitor,2024,Berlin,,,,,
tt30918821,Last Swim,2024,Berlin,,,,,
tt31116678,Kai shi de qiang,2024,Berlin,,,,,
tt30959077,The Great Phuket,2024,Berlin,,,,,
tt30521164,Who by Fire,2024,Berlin,,,,,
tt27503706,Disco Afrika : une histoire malgache,2024,Berlin,,,,,
tt28590981,Huling palabas,2024,Berlin,,,,,
tt28313741,Cura Sana,2024,Berlin,,,,,
tt30970585,Un p√°jaro vol√≥,2024,Berlin,,,,,
tt30968510,The Girl Who Lived in the Loo,2024,Berlin,,,,,
tt30968660,Invincible Summer,2024,Berlin,,,,,
tt30521212,Lapso,2024,Berlin,,,,,
tt27911900,Obraza,2024,Berlin,,,,,
tt29579010,It's Okay!,2024,Berlin,,,,,
tt17347524,Above the Dust,2024,Berlin,,,,,
tt15245268,Young Hearts,2024,Berlin,,,,,
tt23451240,Fox & Hare Save the Forest,2024,Berlin,,,,,
tt28228462,Sieger Sein,2024,Berlin,,,,,
tt30970632,Ra√≠z,2024,Berlin,,,,,
tt29427529,The Major Tones,2024,Berlin,,,,,
tt30970587,Papillon,2024,Berlin,,,,,
tt30970846,A Summer's End Poem,2024,Berlin,,,,,
tt30968551,Goosfand,2024,Berlin,,,,,
tt30970908,Uli,2024,Berlin,,,,,
tt28356173,Yuck!,2024,Berlin,,,,,
tt29622455,Aguacuario,2024,Berlin,,,,,
tt30521429,Sukoun,2024,Berlin,,,,,
tt30521391,Porzellan,2024,Berlin,,,,,
tt30831880,Anaar Daana,2024,Berlin,,,,,
tt29102354,Reas,2024,Berlin,,,,,
tt12349832,Cuckoo,2024,Berlin,,,,,
tt19637052,Love Lies Bleeding,2024,Berlin,,,,,
tt31018983,You Burn Me,2024,Berlin,,,,,
tt30858110,Cidade; Campo,2024,Berlin,,,,,
tt31459777,Grandmamauntsistercat,2024,Berlin,,,,,
tt28883139,I Don't Want to Be Just A Memory,2024,Berlin,,,,,
tt31122601,Detours While Speaking of Monsters,2024,Berlin,,,,,
tt31015461,Sleep with Your Eyes Open,2024,Berlin,,,,,
tt30956144,The Human Hibernation,2024,Berlin,,,,,
tt30308333,Maria's Silence,2024,Berlin,,,,,
tt30956212,Intercepted,2024,Berlin,,,,,
tt30808146,Shahid,2024,Berlin,,,,,
tt31015543,Favoriten,2024,Berlin,,,,,
tt21272942,I Was a Stranger,2024,Berlin,,,,,
tt31016613,Ivo,2024,Berlin,,,,,
tt30969960,Maydegol,2024,Berlin,,,,,
tt11220024,Reinas,2024,Berlin,,,,,
tt31462544,Screaming Girl,2024,Berlin,,,,,
tt30886786,Averro√®s & Rosa Parks,2024,Berlin,,,,,
tt30886849,Turn in the Wound,2024,Berlin,,,,,
tt31015444,Direct Action,2024,Berlin,,,,,
tt31015517,Une famille,2024,Berlin,,,,,
tt30955770,The Cats of Gokogu Shrine,2024,Berlin,,,,,
tt30955793,Henry Fonda for President,2024,Berlin,,,,,
tt30517450,The Undergrowth,2024,Berlin,,,,,
tt30956113,L' homme-vertige: Tales of a City,2024,Berlin,,,,,
tt30957123,Oasis,2024,Berlin,,,,,
tt30961441,"Was hast du gestern getr√§umt, Parajanov?",2024,Berlin,,,,,
tt31015413,Demba,2024,Berlin,,,,,
tt31015391,Arcadia,2024,Berlin,,,,,
tt31015496,The Fable,2024,Berlin,,,,,
tt31016912,The Great Yawn of History,2024,Berlin,,,,,
tt26655205,Some Rain Must Fall,2024,Berlin,,,,,
tt31018048,M√£os no fogo,2024,Berlin,,,,,
tt13109862,Matt and Mara,2024,Berlin,,,,,
tt31018975,Through the Graves the Wind Is Blowing,2024,Berlin,,,,,
tt30517184,"True Chronicles of the Blida Joinville Psychiatric Hospital in the Last Century, when Dr Frantz Fanon Was Head of the Fifth Ward between 1953 and 1956",2024,Berlin,,,,,
tt30958042,La piel en primavera,2024,Berlin,,,,,
tt30521172,Ellbogen,2024,Berlin,,,,,
tt31462590,Travers√©e,2024,Berlin,,,,,
tt31462582,The Shore,2024,Berlin,,,,,
tt31462845,Ich bin Marika,2024,Berlin,,,,,
tt30831789,Silence Sometimes,2024,Berlin,,,,,
tt14319730,Nic mnie w tobie nie przeraza,2024,Berlin,,,,,
tt28491764,At present,2024,Berlin,,,,,
tt28548454,Overshadow,2024,Berlin,,,,,
tt30810787,Dreams,2025,Berlin,,,,,
tt32536315,Blue Moon,2025,Berlin,,,,,
tt35340614,The Blue Trail,2025,Berlin,,,,,
tt31869782,Ari,2025,Berlin,,,,,
tt32120173,Girls on Wire,2025,Berlin,,,,,
tt31710990,Dreams,2025,Berlin,,,,,
tt28171985,The Ice Tower,2025,Berlin,,,,,
tt17538632,Hot Milk,2025,Berlin,,,,,
tt18382850,If I Had Legs I'd Kick You,2025,Berlin,,,,,
tt35499146,El mensaje,2025,Berlin,,,,,
tt35492581,Kontinental '25,2025,Berlin,,,,,
tt31079597,Living the Land,2025,Berlin,,,,,
tt26757241,Mother's Baby,2025,Berlin,,,,,
tt31566788,The Safe House,2025,Berlin,,,,,
tt32263401,Reflection in a Dead Diamond,2025,Berlin,,,,,
tt35500283,What Marielle Knows,2025,Berlin,,,,,
tt35499025,What Does That Nature Say to You,2025,Berlin,,,,,
tt35499036,Timestamp,2025,Berlin,,,,,
tt24022322,Yunan,2025,Berlin,,,,,
tt35407055,"Lloyd Wong, Unfinished",2025,Berlin,,,,,
tt35407863,Through Your Eyes,2025,Berlin,,,,,
tt35407267,Anba dlo,2025,Berlin,,,,,
tt35405862,After Colossus,2025,Berlin,,,,,
tt35405670,Because of (U),2025,Berlin,,,,,
tt34901437,Casa chica,2025,Berlin,,,,,
tt35405716,Children's Day,2025,Berlin,,,,,
tt35407344,Ceasefire,2025,Berlin,,,,,
tt32813852,Extracurricular Activity,2025,Berlin,,,,,
tt35405685,Casi septiembre,2025,Berlin,,,,,
tt35405779,Citizen-Inmate,2025,Berlin,,,,,
tt35315349,Living Stones,2025,Berlin,,,,,
tt35405741,How Are You?,2025,Berlin,,,,,
tt35407473,In Retrospect,2025,Berlin,,,,,
tt35380390,Mother's Child,2025,Berlin,,,,,
tt35405817,Ordinary Life,2025,Berlin,,,,,
tt32897780,Stone of Destiny,2025,Berlin,,,,,
tt35407591,"Sammi, Who Can Detach His Body Parts",2025,Berlin,,,,,
tt35407612,Their Eyes,2025,Berlin,,,,,
tt35887159,30 Days of Summer,2025,Berlin,,,,,
tt35050975,The Moelln Letters,2025,Berlin,,,,,
tt12402876,Yalla Parkour,2025,Berlin,,,,,
tt34965506,Khartoum,2025,Berlin,,,,,
tt35451785,Listy z Wilczej,2025,Berlin,,,,,
tt26923797,Deaf,2025,Berlin,,,,,
tt29781139,Lesbian Space Princess,2025,Berlin,,,,,
tt33308903,Home Sweet Home,2025,Berlin,,,,,
tt32144178,Beginnings,2025,Berlin,,,,,
tt31711171,Sunshine,2025,Berlin,,,,,
tt33575372,Village Rockstars 2,2025,Berlin,,,,,
tt35449355,Wrong Husband,2025,Berlin,,,,,
tt35051064,Sandbag Dam,2025,Berlin,,,,,
tt32263650,Christy,2025,Berlin,,,,,
tt32358436,Our Wildest Days,2025,Berlin,,,,,
tt35305469,Wish You Were Ear,2025,Berlin,,,,,
tt33086973,Fantas,2025,Berlin,,,,,
tt30495767,Julian and the Wind,2025,Berlin,,,,,
tt35449051,"Sous ma fen√™tre, la boue",2025,Berlin,,,,,
tt35050898,Don't Wake the Sleeping Child,2025,Berlin,,,,,
tt35050803,Beneath Which Rivers Flow,2025,Berlin,,,,,
tt28703727,quaker,2025,Berlin,,,,,
tt31809821,"Maya, Give Me a Title",2025,Berlin,,,,,
tt26446095,Space Cadet,2025,Berlin,,,,,
tt35444105,A Story About Fire,2025,Berlin,,,,,
tt28549378,The Botanist,2025,Berlin,,,,,
tt35444084,Little Rebels Cinema Club,2025,Berlin,,,,,
tt12429712,On a Sunday at Eleven,2025,Berlin,,,,,
tt35444072,Juanita,2025,Berlin,,,,,
tt35442758,El paso,2025,Berlin,,,,,
tt35443123,Hora do Recreio,2025,Berlin,,,,,
tt35449402,Zirkuskind,2025,Berlin,,,,,
tt29424665,Down in the Dumps,2025,Berlin,,,,,
tt35442411,Atardecer en Am√©rica,2025,Berlin,,,,,
tt35589929,Satanic Sow,2025,Berlin,,,,,
tt18235498,Sirens Call,2025,Berlin,,,,,
tt34542628,Monk in Pieces,2025,Berlin,,,,,
tt35494617,Queer as Punk,2025,Berlin,,,,,
tt35453155,Queerpanorama,2025,Berlin,,,,,
tt35504279,Duas Vezes Jo√£o Liberada,2025,Berlin,,,,,
tt35051106,The Nature of Invisible Things,2025,Berlin,,,,,
tt35503491,Come la notte,2025,Berlin,,,,,
tt27750778,Batim,2025,Berlin,,,,,
tt35050890,Night Stage,2025,Berlin,,,,,
tt32240190,Dreamers,2025,Berlin,,,,,
tt34966919,Magic Farm,2025,Berlin,,,,,
tt28834646,Little Trouble Girls,2025,Berlin,,,,,
tt34250044,Peter Hujar's Day,2025,Berlin,,,,,
tt35489613,That Summer in Paris,2025,Berlin,,,,,
tt32879673,Silent Sparks,2025,Berlin,,,,,
tt35494658,San ting dian ying,2025,Berlin,,,,,
tt31116299,The Light,2025,Berlin,,,,,
tt32765596,Dreams in Nightmares,2025,Berlin,,,,,
tt35494706,If You Are Afraid You Put Your Heart Into Your Mouth and Smile,2025,Berlin,,,,,
tt35440114,The Memory of Butterflies,2025,Berlin,,,,,
tt32279108,"Bajo las banderas, el sol",2025,Berlin,,,,,
tt35439895,Holding Liat,2025,Berlin,,,,,
tt34713196,The Heart Is a Muscle,2025,Berlin,,,,,
tt30129207,Hysteria,2025,Berlin,,,,,
tt35439830,Fwends,2025,Berlin,,,,,
tt35501192,Das Deutsche Volk,2025,Berlin,,,,,
tt35494602,Palliativstation,2025,Berlin,,,,,
tt35051039,T√™tes br√ªl√©es,2025,Berlin,,,,,
tt35449385,Umibe e iku michi,2025,Berlin,,,,,
tt35440407,Akababuru: Expresi√≥n de asombro,2025,Berlin,,,,,
tt35886902,Ibicaba - Visions of Paradise,2025,Berlin,,,,,
tt35508216,Rapture,2025,Berlin,,,,,
tt37741302,Rapture I - Visit,2025,Berlin,,,,,
tt35886907,The Earth Is Flat - I Flew Around and Saw It,2025,Berlin,,,,,
tt33037725,Ancestral Visions of the Future,2025,Berlin,,,,,
tt35051084,Paul,2025,Berlin,,,,,
tt35450659,Bedrock,2025,Berlin,,,,,
tt35437332,Canone effimero,2025,Berlin,,,,,
tt35472183,Liebiadzinaja piesnia Fiodara Ozierava,2025,Berlin,,,,,
tt35886923,Dreamgirl,2025,Berlin,,,,,
tt31974122,Paternal Leave,2025,Berlin,,,,,
tt33034918,Catorce de marzo,2025,Berlin,,,,,
tt35407259,"Koki, Ciao",2025,Berlin,,,,,
tt33508311,The Last Beautiful Thing,2025,Berlin,,,,,
tt13380282,Cut Me If You Can,2025,Berlin,,,,,
tt35484319,The Devil Smokes,2025,Berlin,,,,,
tt31807192,How to Be Normal and the Oddness of the Other World,2025,Berlin,,,,,
tt35504309,Eel,2025,Berlin,,,,,
tt17497960,BLKNWS: Terms & Conditions,2025,Berlin,,,,,
tt33562917,"Mad Bills to Pay: (or Destiny, dile que no soy malo)",2025,Berlin,,,,,
tt30142288,Minden Rendben,2025,Berlin,,,,,
tt26414209,Mit der Faust in die Welt schlagen,2025,Berlin,,,,,
tt35341698,Al mosta'mera,2025,Berlin,,,,,
tt35503482,Shadowbox,2025,Berlin,,,,,
tt35504398,We Believe You,2025,Berlin,,,,,
tt8128780,When the Beat Drops,2018,Frameline,,,,,
tt7761590,Retablo,2018,Frameline,,,,,
tt7955072,Prisoner of Society,2018,Frameline,,,,,
tt7938478,The Silk and the Flame,2018,Frameline,,,,,
tt5215650,For Izzy,2018,Frameline,,,,,
tt8289802,Masks,2018,Frameline,,,,,
tt7718088,Bonding,2018,Frameline,,,,,
tt6256872,A Moment in the Reeds,2018,Frameline,,,,,
tt3496790,Lez Bomb,2018,Frameline,,,,,
tt6776106,And Breathe Normally,2018,Frameline,,,,,
tt7344622,Everything Is Free,2018,Frameline,,,,,
tt7690022,Fish Bones,2018,Frameline,,,,,
tt8367050,Chedeng and Apple,2018,Frameline,,,,,
tt7901640,Just Friends,2018,Frameline,,,,,
tt1389098,Mapplethorpe,2018,Frameline,,,,,
tt6665464,The Marriage,2018,Frameline,,,,,
tt6400166,My Best Friend,2018,Frameline,,,,,
tt7461300,Nina,2018,Frameline,,,,,
tt7545566,Skate Kitchen,2018,Frameline,,,,,
tt9617506,Vision Portraits,2018,Frameline,,,,,
tt21811386,Kissing Walls,2018,Frameline,,,,,
tt9617506,Vision Portraits,2019,Frameline,,,,,
tt9845398,End of the Century,2019,Frameline,,,,,
tt10011320,Changing the Game,2019,Frameline,,,,,
tt8398968,A Luv Tale: The Series,2019,Frameline,,,,,
tt8838810,Song Lang,2019,Frameline,,,,,
tt5754850,Cubby,2019,Frameline,,,,,
tt9674226,A Dog Barking at the Moon,2019,Frameline,,,,,
tt8650976,Guest Artist,2019,Frameline,,,,,
tt10199166,Bubble,2019,Frameline,,,,,
tt8928440,Engaged,2019,Frameline,,,,,
tt8814978,Zen in the Ice Rift,2019,Frameline,,,,,
tt8986808,Monsters.,2019,Frameline,,,,,
tt9584972,Before We Grow Old,2019,Frameline,,,,,
tt8856090,Before You Know It,2019,Frameline,,,,,
tt7485508,Carmen & Lola,2019,Frameline,,,,,
tt7311036,Clementine,2019,Frameline,,,,,
tt3453008,The Garden Left Behind,2019,Frameline,,,,,
tt7683516,Transfinite,2019,Frameline,,,,,
tt6378942,Last Ferry,2019,Frameline,,,,,
tt9664198,Meili,2019,Frameline,,,,,
tt9016016,Saint Frances,2019,Frameline,,,,,
tt8739582,Almost Love,2019,Frameline,,,,,
tt6328242,A Simple Wedding,2019,Frameline,,,,,
tt8456696,Sister Aimee,2019,Frameline,,,,,
tt8026554,Socrates,2019,Frameline,,,,,
tt8855960,Straight Up,2019,Frameline,,,,,
tt6690836,Stray Dolls,2019,Frameline,,,,,
tt19847352,Jeannette,2019,Frameline,,,,,
tt10518070,Queering the Script,2019,Frameline,,,,,
tt8943224,Lingua Franca,2019,Frameline,,,,,
tt8730794,Cured,2020,Frameline,,,,,
tt10182272,These Thems,2020,Frameline,,,,,
tt10054392,Encounter,2020,Frameline,,,,,
tt12592824,Rurangi,2020,Frameline,,,,,
tt8217188,Alice J√∫nior,2020,Frameline,,,,,
tt9845110,Two of Us,2020,Frameline,,,,,
tt10763380,When in Rome,2020,Frameline,,,,,
tt8956926,Ahead of the Curve,2020,Frameline,,,,,
tt8637504,Disclosure,2020,Frameline,,,,,
tt10353866,Ellie & Abbie (& Ellie's Dead Aunt),2020,Frameline,,,,,
tt10313748,La leyenda negra,2020,Frameline,,,,,
tt11383514,Buck,2020,Frameline,,,,,
tt10795164,Were You Gay in High School?,2020,Frameline,,,,,
tt7379472,Invisible,2021,Frameline,,,,,
tt8356178,Lola,2021,Frameline,,,,,
tt10709592,Sheer Qorma,2021,Frameline,,,,,
tt11644410,Skumjas,2021,Frameline,,,,,
tt13688946,The Wash (In Love),2021,Frameline,,,,,
tt14508918,Young Diego,2021,Frameline,,,,,
tt12492034,Hugo: 6:30,2021,Frameline,,,,,
tt13847902,Are You Still Watching?,2021,Frameline,,,,,
tt9257470,Luv U Cuz,2021,Frameline,,,,,
tt12484352,Unliveable,2021,Frameline,,,,,
tt10927870,Pompeii,2021,Frameline,,,,,
tt13012966,Eyes and Horns,2021,Frameline,,,,,
tt14031338,Language Lessons,2021,Frameline,,,,,
tt4061620,Firebird,2021,Frameline,,,,,
tt9165740,Milkwater,2021,Frameline,,,,,
tt13316820,Boy Meets Boy,2021,Frameline,,,,,
tt8160794,The Greenhouse,2021,Frameline,,,,,
tt9204898,"Jump, Darling",2021,Frameline,,,,,
tt13157722,"Ma Belle, My Beauty",2021,Frameline,,,,,
tt11261004,Metamorphosis,2021,Frameline,,,,,
tt13793134,Nico,2021,Frameline,,,,,
tt10919362,Sweetheart,2021,Frameline,,,,,
tt9043456,Walking with Shadows,2021,Frameline,,,,,
tt14314826,Fanny: The Right to Rock,2021,Frameline,,,,,
tt14623196,No Straight Lines: The Rise of Queer Comics,2021,Frameline,,,,,
tt26773767,Hummingbirds,2021,Frameline,,,,,
tt10196480,North by Current,2021,Frameline,,,,,
tt10014534,Sirens,2021,Frameline,,,,,
tt19361794,Holding Moses,2022,Frameline,,,,,
tt18257284,Bi the Way,2022,Frameline,,,,,
tt15393466,Tank Fairy,2022,Frameline,,,,,
tt18775326,Neuzeit,2022,Frameline,,,,,
tt13817770,S√• j√§vla easy going,2022,Frameline,,,,,
tt11783988,Moneyboys,2022,Frameline,,,,,
tt10949122,El Houb - The Love,2022,Frameline,,,,,
tt17279488,Follow the Protocol,2022,Frameline,,,,,
tt12186098,Hypochondriac,2022,Frameline,,,,,
tt15514540,Three Headed Beast,2022,Frameline,,,,,
tt10360808,The Cow Who Sang a Song Into the Future,2022,Frameline,,,,,
tt9487526,Finlandia,2022,Frameline,,,,,
tt11362842,When Time Got Louder,2022,Frameline,,,,,
tt13098066,When Men Were Men,2022,Frameline,,,,,
tt10406466,It Is in Us All,2022,Frameline,,,,,
tt19860942,Where Butterflies Don't Fly,2022,Frameline,,,,,
tt7947604,In from the Side,2022,Frameline,,,,,
tt15022446,Petit mal,2022,Frameline,,,,,
tt19178662,U√Ωra: The Rising Forest,2022,Frameline,,,,,
tt21159002,Vulveeta,2022,Frameline,,,,,
tt21191036,I Just Wanna Dance,2022,Frameline,,,,,
tt17678676,Monsieur Le Butch,2022,Frameline,,,,,
tt12850216,Unidentified Objects,2022,Frameline,,,,,
tt10945316,Besties,2022,Frameline,,,,,
tt13358190,Golden Delicious,2022,Frameline,,,,,
tt16290722,Playland,2022,Frameline,,,,,
tt15400512,Lucky Fish,2022,Frameline,,,,,
tt21223446,Code Switch,2022,Frameline,,,,,
tt16288898,Black as U R,2022,Frameline,,,,,
tt15654760,Ob scena,2023,Frameline,,,,,
tt26557869,The Cutest and Funniest Animals in the World,2023,Frameline,,,,,
tt7196012,Going to Mars: The Nikki Giovanni Project,2023,Frameline,,,,,
tt17235774,Who I Am Not,2023,Frameline,,,,,
tt13729232,The Origin of Evil,2023,Frameline,,,,,
tt27074938,Every Body,2023,Frameline,,,,,
tt24486184,Big Boys,2023,Frameline,,,,,
tt21113962,"20,000 Species of Bees",2023,Frameline,,,,,
tt16982622,Norwegian Dream,2023,Frameline,,,,,
tt13242416,Egghead & Twinkie,2023,Frameline,,,,,
tt13292392,√ëa√±os,2023,Frameline,,,,,
tt23752030,As You Are,2023,Frameline,,,,,
tt23219922,Cousins,2023,Frameline,,,,,
tt14202356,Do Digital Curanderas Use Eggs in Their Limpias?,2023,Frameline,,,,,
tt27849939,AC Unit,2023,Frameline,,,,,
tt15138634,Asog,2023,Frameline,,,,,
tt22403254,Hi-a,2023,Frameline,,,,,
tt10825052,Chasing Chasing Amy,2023,Frameline,,,,,
tt32207453,¬°salsa!,2023,Frameline,,,,,
tt32897640,Like What Would Sorrow Look,2023,Frameline,,,,,
tt25161220,All the Colours of the World Are Between Black and White,2023,Frameline,,,,,
tt28635725,Fragments of a Life Loved,2024,Frameline,,,,,
tt32774613,Seat 31: Zooey Zephyr,2024,Frameline,,,,,
tt28539580,Paradise Europe,2024,Frameline,,,,,
tt30700475,The World According to Allee Willis,2024,Frameline,,,,,
tt30439035,All Shall Be Well,2024,Frameline,,,,,
tt29204786,Underground Orange,2024,Frameline,,,,,
tt32361089,You Can't Get What You Want But You Can Get Me,2024,Frameline,,,,,
tt30835197,Wouldn't Make It Any Other Way,2024,Frameline,,,,,
tt16985568,If I'm Here It Is by Mystery,2024,Frameline,,,,,
tt32215867,Ripe!,2024,Frameline,,,,,
tt24805832,In the Summers,2024,Frameline,,,,,
tt15245268,Young Hearts,2024,Frameline,,,,,
tt22803220,National Anthem,2024,Frameline,,,,,
tt16409868,High Tide,2024,Frameline,,,,,
tt27603877,Burrow,2024,Frameline,,,,,
tt29407761,Kasbi,2024,Frameline,,,,,
tt31021203,Doppelg√§ngers¬≥,2024,Frameline,,,,,
tt23039638,Grace,2024,Frameline,,,,,
tt30852598,OUTCRY: Alchemists of Rage,2024,Frameline,,,,,
tt30420685,Bust,2024,Frameline,,,,,
tt13876004,Sally!,2024,Frameline,,,,,
tt31860011,Euphoric,2024,Frameline,,,,,
tt35591345,The Age of Flowering Plants,2024,Frameline,,,,,
tt27351762,Any Other Way: The Jackie Shane Story,2024,Frameline,,,,,
tt37503068,Tessitura,2025,Frameline,,,,,
tt35051470,The Eating of an Orange,2025,Frameline,,,,,
tt32150607,I'm Your Venus,2025,Frameline,,,,,
tt32084497,Wicket,2025,Frameline,,,,,
tt33309194,"Beautiful Evening, Beautiful Day",2025,Frameline,,,,,
tt35022825,Castration Movie Anthology I: Traps,2025,Frameline,,,,,
tt37020461,AutoErotica: We Buy Gay Stuff,2025,Frameline,,,,,
tt36956125,"Thanks, Babs!",2025,Frameline,,,,,
tt30887276,An Odd Turn,2025,Frameline,,,,,
tt34966678,The Librarians,2025,Frameline,,,,,
tt34376032,"Lucky, Apartment",2025,Frameline,,,,,
tt27550504,Plainclothes,2025,Frameline,,,,,
tt35051106,The Nature of Invisible Things,2025,Frameline,,,,,
tt31938314,Barbie Boy,2025,Frameline,,,,,
tt33308220,A Bird Hit My Window and Now I'm a Lesbian,2025,Frameline,,,,,
tt36204337,Only Good Things,2025,Frameline,,,,,
tt28727524,Kids,2025,Frameline,,,,,
tt34966548,Heightened Scrutiny,2025,Frameline,,,,,
tt36204182,Rainbow Girls,2025,Frameline,,,,,
tt34914643,Budget Paradise,2025,Frameline,,,,,
tt35002936,Grandma Nai Who Played Favorites,2025,Frameline,,,,,
tt36997914,The Roaming Center for Magnetic Alternatives,2025,Frameline,,,,,
tt35519537,The Secret of Me,2025,Frameline,,,,,
tt34673862,Trains (Pociagi),2024,IDFA,,,,,
tt29680897,1489,2023,IDFA,,,,,
tt27266492,20 Days in Mariupol,2023,IDFA,,,,,
tt22768450,Apolonia Apolonia,2022,IDFA,,,,,
tt15938750,Mr. Landsbergis,2021,IDFA,,,,,
tt14039582,Writing with Fire,2021,IDFA,,,,,
tt13359582,Radiograph of a Family,2020,IDFA,,,,,
tt11383174,In a Whisper,2019,IDFA,,,,,
tt10451914,For Sama,2019,IDFA,,,,,
tt9318514,Reason,2018,IDFA,,,,,